/* GENERATED by tools/gen_font_atlas.py - do not edit by hand.
 *
 * ZUIL font atlas: 4 style pages (regular/bold/italic/bold-italic) of the
 * printable-ASCII range, rendered 1-bit from the DejaVu Sans Mono faces by
 * the dev-only generator. Only the rendered bitmaps are committed (not the
 * font program), which is clean for ZUIL's Unlicense. The C impl #includes
 * this blob; the Zig impl @embedFile's the identical src/font_atlas.bin.
 * See tools/gen_font_atlas.py for the container + RLE format. */
#ifndef ZUIL_FONT_ATLAS_H
#define ZUIL_FONT_ATLAS_H

#define ZUIL_FONT_ATLAS_BLOB_LEN 35850

static const unsigned char zuil_font_atlas_blob[ZUIL_FONT_ATLAS_BLOB_LEN] = {
    0x5a, 0x46, 0x30, 0x32, 0x04, 0x00, 0x00, 0x00, 0x24, 0x39, 0x0c, 0x13, 0x20, 0x00, 0x60, 0x00,
    0x01, 0x01, 0x8b, 0x23, 0x00, 0x00, 0xff, 0xff, 0xff, 0xff, 0xff, 0xff, 0xff, 0xff, 0xff, 0x81,
    0x05, 0x1f, 0x05, 0x1f, 0x05, 0x1f, 0x05, 0x1f, 0x05, 0x1f, 0x05, 0x1f, 0x05, 0x1f, 0x05, 0x1f,
    0x05, 0x1f, 0x05, 0x1f, 0x05, 0x1f, 0x05, 0x1f, 0x05, 0x1f, 0x05, 0x1f, 0x05, 0x1f, 0x05, 0x1f,
    0x05, 0x1f, 0x05, 0x1f, 0x05, 0x1f, 0x05, 0x1f, 0x05, 0x1f, 0x05, 0x20, 0x03, 0x21, 0x03, 0xd4,
    0x05, 0x1f, 0x05, 0x1f, 0x05, 0x1f, 0x05, 0x1f, 0x05, 0x1f, 0x05, 0xff, 0xff, 0xff, 0x36, 0x04,
    0x05, 0x04, 0x17, 0x04, 0x05, 0x04, 0x17, 0x04, 0x05, 0x04, 0x17, 0x04, 0x05, 0x04, 0x17, 0x04,
    0x05, 0x04, 0x17, 0x04, 0x05, 0x04, 0x17, 0x04, 0x05, 0x04, 0x17, 0x04, 0x05, 0x04, 0x17, 0x04,
    0x05, 0x04, 0x17, 0x04, 0x05, 0x04, 0x17, 0x04, 0x05, 0x04, 0x17, 0x04, 0x05, 0x04, 0x17, 0x04,
    0x05, 0x04, 0xff, 0xff, 0xff, 0xff, 0xff, 0xff, 0x51, 0x04, 0x06, 0x03, 0x17, 0x04, 0x05, 0x04,
    0x17, 0x03, 0x06, 0x04, 0x16, 0x04, 0x06, 0x04, 0x16, 0x04, 0x06, 0x03, 0x17, 0x04, 0x05, 0x04,
    0x17, 0x03, 0x06, 0x04, 0x16, 0x04, 0x06, 0x04, 0x16, 0x04, 0x06, 0x03, 0x17, 0x04, 0x05, 0x04,
    0x10, 0x1a, 0x0a, 0x1a, 0x0a, 0x1a, 0x0a, 0x1a, 0x10, 0x04, 0x05, 0x04, 0x17, 0x03, 0x06, 0x04,
    0x16, 0x04, 0x06, 0x04, 0x16, 0x04, 0x05, 0x04, 0x17, 0x03, 0x06, 0x04, 0x16, 0x04, 0x06, 0x04,
    0x16, 0x04, 0x06, 0x03, 0x10, 0x1a, 0x0a, 0x1a, 0x0a, 0x1a, 0x0a, 0x1a, 0x10, 0x04, 0x05, 0x04,
    0x17, 0x03, 0x06, 0x04, 0x16, 0x04, 0x06, 0x04, 0x16, 0x04, 0x06, 0x03, 0x17, 0x04, 0x06, 0x03,
    0x17, 0x03, 0x06, 0x04, 0x17, 0x03, 0x06, 0x04, 0x16, 0x04, 0x06, 0x04, 0x16, 0x04, 0x06, 0x03,
    0x17, 0x04, 0x05, 0x04, 0xff, 0xff, 0xf3, 0x02, 0x22, 0x02, 0x22, 0x02, 0x22, 0x02, 0x22, 0x02,
    0x22, 0x02, 0x1f, 0x0a, 0x17, 0x10, 0x13, 0x11, 0x12, 0x12, 0x11, 0x06, 0x03, 0x02, 0x05, 0x03,
    0x11, 0x05, 0x04, 0x02, 0x19, 0x04, 0x05, 0x02, 0x19, 0x04, 0x05, 0x02, 0x18, 0x05, 0x05, 0x02,
    0x19, 0x04, 0x05, 0x02, 0x19, 0x04, 0x05, 0x02, 0x19, 0x05, 0x04, 0x02, 0x1a, 0x06, 0x02, 0x02,
    0x1a, 0x0b, 0x1a, 0x0e, 0x18, 0x0e, 0x19, 0x0c, 0x1a, 0x0b, 0x19, 0x02, 0x04, 0x05, 0x19, 0x02,
    0x05, 0x05, 0x18, 0x02, 0x05, 0x05, 0x18, 0x02, 0x06, 0x04, 0x18, 0x02, 0x06, 0x04, 0x18, 0x02,
    0x06, 0x04, 0x18, 0x02, 0x05, 0x05, 0x0f, 0x01, 0x08, 0x02, 0x04, 0x05, 0x0f, 0x05, 0x05, 0x02,
    0x03, 0x06, 0x0f, 0x14, 0x10, 0x13, 0x13, 0x10, 0x18, 0x09, 0x1f, 0x02, 0x22, 0x02, 0x22, 0x02,
    0x22, 0x02, 0x22, 0x02, 0x22, 0x02, 0x22, 0x02, 0xff, 0xff, 0x5c, 0x05, 0x1d, 0x09, 0x1a, 0x0b,
    0x18, 0x04, 0x04, 0x05, 0x16, 0x04, 0x06, 0x04, 0x16, 0x03, 0x08, 0x03, 0x16, 0x03, 0x08, 0x04,
    0x15, 0x03, 0x09, 0x03, 0x15, 0x03, 0x08, 0x04, 0x15, 0x03, 0x08, 0x03, 0x16, 0x04, 0x06, 0x04,
    0x17, 0x04, 0x04, 0x05, 0x0a, 0x02, 0x0c, 0x0b, 0x08, 0x05, 0x0d, 0x09, 0x07, 0x06, 0x10, 0x05,
    0x06, 0x07, 0x1b, 0x06, 0x1b, 0x07, 0x1b, 0x06, 0x1b, 0x07, 0x1b, 0x06, 0x07, 0x05, 0x10, 0x06,
    0x07, 0x09, 0x0d, 0x04, 0x09, 0x0b, 0x0d, 0x01, 0x0a, 0x05, 0x04, 0x04, 0x17, 0x03, 0x07, 0x03,
    0x16, 0x04, 0x07, 0x04, 0x15, 0x03, 0x09, 0x03, 0x15, 0x03, 0x09, 0x03, 0x15, 0x03, 0x09, 0x03,
    0x15, 0x04, 0x07, 0x04, 0x16, 0x03, 0x07, 0x04, 0x16, 0x05, 0x04, 0x04, 0x18, 0x0b, 0x1a, 0x09,
    0x1d, 0x05, 0xff, 0xff, 0xff, 0x0f, 0x07, 0x1b, 0x0b, 0x17, 0x0d, 0x17, 0x0d, 0x16, 0x06, 0x07,
    0x01, 0x16, 0x05, 0x1f, 0x04, 0x20, 0x04, 0x20, 0x04, 0x20, 0x04, 0x20, 0x04, 0x20, 0x05, 0x20,
    0x04, 0x20, 0x05, 0x1f, 0x06, 0x1d, 0x08, 0x1b, 0x09, 0x1a, 0x05, 0x01, 0x05, 0x19, 0x04, 0x03,
    0x05, 0x08, 0x04, 0x0b, 0x04, 0x05, 0x05, 0x07, 0x04, 0x0a, 0x05, 0x05, 0x05, 0x07, 0x04, 0x0a,
    0x04, 0x07, 0x05, 0x06, 0x04, 0x0a, 0x04, 0x08, 0x05, 0x05, 0x04, 0x0a, 0x04, 0x09, 0x04, 0x05,
    0x04, 0x09, 0x04, 0x0a, 0x05, 0x04, 0x03, 0x0a, 0x05, 0x0a, 0x05, 0x03, 0x03, 0x0a, 0x05, 0x0b,
    0x05, 0x01, 0x04, 0x0b, 0x04, 0x0b, 0x09, 0x0c, 0x04, 0x0c, 0x08, 0x0c, 0x05, 0x0c, 0x06, 0x0d,
    0x06, 0x0c, 0x05, 0x0e, 0x06, 0x0a, 0x06, 0x0f, 0x07, 0x06, 0x09, 0x0e, 0x17, 0x0f, 0x0e, 0x03,
    0x05, 0x0f, 0x0c, 0x04, 0x05, 0x12, 0x06, 0xff, 0xff, 0xff, 0x17, 0x04, 0x20, 0x04, 0x20, 0x04,
    0x20, 0x04, 0x20, 0x04, 0x20, 0x04, 0x20, 0x04, 0x20, 0x04, 0x20, 0x04, 0x20, 0x04, 0x20, 0x04,
    0x20, 0x04, 0x20, 0x04, 0xff, 0xff, 0xff, 0xff, 0xff, 0xff, 0x37, 0x03, 0x20, 0x04, 0x20, 0x03,
    0x20, 0x04, 0x1f, 0x04, 0x20, 0x04, 0x1f, 0x05, 0x1f, 0x04, 0x20, 0x04, 0x1f, 0x04, 0x20, 0x04,
    0x20, 0x04, 0x1f, 0x05, 0x1f, 0x04, 0x20, 0x04, 0x20, 0x04, 0x1f, 0x05, 0x1f, 0x05, 0x1f, 0x05,
    0x1f, 0x05, 0x1f, 0x05, 0x1f, 0x05, 0x1f, 0x05, 0x1f, 0x05, 0x1f, 0x05, 0x1f, 0x05, 0x1f, 0x05,
    0x20, 0x04, 0x20, 0x04, 0x20, 0x04, 0x20, 0x05, 0x20, 0x04, 0x20, 0x04, 0x20, 0x05, 0x20, 0x04,
    0x20, 0x04, 0x20, 0x05, 0x20, 0x04, 0x20, 0x04, 0x21, 0x04, 0x21, 0x03, 0x21, 0x04, 0x21, 0x03,
    0xff, 0xff, 0x12, 0x04, 0x21, 0x04, 0x21, 0x03, 0x21, 0x04, 0x20, 0x04, 0x21, 0x04, 0x20, 0x04,
    0x21, 0x04, 0x20, 0x04, 0x20, 0x05, 0x20, 0x04, 0x20, 0x04, 0x20, 0x05, 0x1f, 0x05, 0x20, 0x04,
    0x20, 0x04, 0x20, 0x05, 0x1f, 0x05, 0x1f, 0x05, 0x1f, 0x05, 0x1f, 0x05, 0x1f, 0x05, 0x1f, 0x05,
    0x1f, 0x05, 0x1f, 0x05, 0x1f, 0x05, 0x1f, 0x05, 0x1f, 0x04, 0x20, 0x04, 0x1f, 0x05, 0x1f, 0x05,
    0x1f, 0x04, 0x20, 0x04, 0x1f, 0x05, 0x1f, 0x04, 0x20, 0x04, 0x1f, 0x04, 0x20, 0x04, 0x1f, 0x04,
    0x20, 0x04, 0x1f, 0x04, 0x20, 0x04, 0x1f, 0x04, 0xff, 0xff, 0x1f, 0x03, 0x21, 0x03, 0x21, 0x03,
    0x21, 0x03, 0x19, 0x01, 0x07, 0x03, 0x07, 0x01, 0x10, 0x04, 0x05, 0x03, 0x05, 0x04, 0x0f, 0x05,
    0x04, 0x03, 0x04, 0x05, 0x11, 0x05, 0x02, 0x03, 0x02, 0x05, 0x15, 0x0d, 0x19, 0x09, 0x1c, 0x07,
    0x1d, 0x07, 0x1c, 0x09, 0x19, 0x0d, 0x15, 0x05, 0x02, 0x03, 0x02, 0x05, 0x11, 0x05, 0x04, 0x03,
    0x04, 0x05, 0x0f, 0x04, 0x05, 0x03, 0x05, 0x04, 0x10, 0x01, 0x07, 0x03, 0x07, 0x01, 0x19, 0x03,
    0x21, 0x03, 0x21, 0x03, 0x21, 0x03, 0xff, 0xff, 0xff, 0xff, 0xff, 0xff, 0x56, 0x04, 0x20, 0x04,
    0x20, 0x04, 0x20, 0x04, 0x20, 0x04, 0x20, 0x04, 0x20, 0x04, 0x20, 0x04, 0x20, 0x04, 0x20, 0x04,
    0x16, 0x19, 0x0b, 0x19, 0x0b, 0x19, 0x0b, 0x19, 0x15, 0x04, 0x20, 0x04, 0x20, 0x04, 0x20, 0x04,
    0x20, 0x04, 0x20, 0x04, 0x20, 0x04, 0x20, 0x04, 0x20, 0x04, 0x20, 0x04, 0xff, 0xff, 0xff, 0xff,
    0xff, 0xff, 0xff, 0x9b, 0x06, 0x1e, 0x06, 0x1e, 0x06, 0x1e, 0x06, 0x1e, 0x06, 0x1e, 0x05, 0x1e,
    0x06, 0x1e, 0x05, 0x1f, 0x05, 0x1f, 0x04, 0x1f, 0x05, 0x1f, 0x04, 0x20, 0x04, 0x20, 0x03, 0xff,
    0xff, 0xff, 0xff, 0xff, 0x10, 0x0d, 0x17, 0x0d, 0x17, 0x0d, 0x17, 0x0d, 0xff, 0xff, 0xff, 0xff,
    0xff, 0xff, 0xff, 0xff, 0xb6, 0x06, 0x1e, 0x06, 0x1e, 0x06, 0x1e, 0x06, 0x1e, 0x06, 0x1e, 0x06,
    0x1e, 0x06, 0xff, 0xff, 0xff, 0x43, 0x04, 0x1f, 0x05, 0x1f, 0x04, 0x1f, 0x05, 0x1f, 0x04, 0x1f,
    0x05, 0x1f, 0x04, 0x1f, 0x05, 0x1f, 0x04, 0x1f, 0x05, 0x1f, 0x04, 0x1f, 0x05, 0x1f, 0x04, 0x1f,
    0x05, 0x1f, 0x04, 0x20, 0x04, 0x1f, 0x05, 0x1f, 0x04, 0x1f, 0x05, 0x1f, 0x04, 0x1f, 0x05, 0x1f,
    0x04, 0x1f, 0x05, 0x1f, 0x04, 0x1f, 0x05, 0x1f, 0x04, 0x1f, 0x05, 0x1f, 0x04, 0x1f, 0x05, 0x1f,
    0x04, 0x1f, 0x05, 0x1f, 0x04, 0x1f, 0x05, 0x1f, 0x04, 0x20, 0x04, 0x1f, 0x05, 0x1f, 0x04, 0x1f,
    0x05, 0x1f, 0x04, 0xff, 0xff, 0x8e, 0x07, 0x1b, 0x0b, 0x18, 0x0d, 0x16, 0x0f, 0x14, 0x06, 0x05,
    0x06, 0x13, 0x05, 0x07, 0x05, 0x12, 0x05, 0x09, 0x05, 0x11, 0x05, 0x09, 0x05, 0x10, 0x05, 0x0b,
    0x05, 0x0f, 0x05, 0x0b, 0x05, 0x0f, 0x05, 0x0b, 0x05, 0x0f, 0x04, 0x0c, 0x05, 0x0e, 0x05, 0x0d,
    0x04, 0x0e, 0x05, 0x0d, 0x05, 0x0d, 0x05, 0x0d, 0x05, 0x0d, 0x05, 0x0d, 0x05, 0x0d, 0x05, 0x05,
    0x03, 0x05, 0x05, 0x0d, 0x05, 0x04, 0x05, 0x04, 0x05, 0x0d, 0x05, 0x03, 0x06, 0x04, 0x05, 0x0d,
    0x05, 0x03, 0x06, 0x04, 0x05, 0x0d, 0x05, 0x04, 0x05, 0x04, 0x05, 0x0d, 0x05, 0x05, 0x03, 0x05,
    0x05, 0x0d, 0x05, 0x0d, 0x05, 0x0d, 0x05, 0x0d, 0x05, 0x0d, 0x05, 0x0d, 0x04, 0x0f, 0x04, 0x0c,
    0x05, 0x0f, 0x05, 0x0b, 0x05, 0x0f, 0x05, 0x0b, 0x05, 0x0f, 0x05, 0x0b, 0x05, 0x10, 0x05, 0x09,
    0x05, 0x11, 0x05, 0x09, 0x05, 0x12, 0x05, 0x07, 0x05, 0x13, 0x06, 0x05, 0x06, 0x14, 0x0f, 0x16,
    0x0d, 0x18, 0x0b, 0x1b, 0x07, 0xff, 0xff, 0xff, 0x15, 0x06, 0x1a, 0x0a, 0x18, 0x0c, 0x18, 0x0c,
    0x18, 0x06, 0x02, 0x04, 0x18, 0x02, 0x06, 0x04, 0x20, 0x04, 0x20, 0x04, 0x20, 0x04, 0x20, 0x04,
    0x20, 0x04, 0x20, 0x04, 0x20, 0x04, 0x20, 0x04, 0x20, 0x04, 0x20, 0x04, 0x20, 0x04, 0x20, 0x04,
    0x20, 0x04, 0x20, 0x04, 0x20, 0x04, 0x20, 0x04, 0x20, 0x04, 0x20, 0x04, 0x20, 0x04, 0x20, 0x04,
    0x20, 0x04, 0x20, 0x04, 0x20, 0x04, 0x20, 0x04, 0x20, 0x04, 0x18, 0x14, 0x10, 0x14, 0x10, 0x14,
    0x10, 0x14, 0xff, 0xff, 0xff, 0x0a, 0x08, 0x18, 0x0f, 0x14, 0x11, 0x13, 0x12, 0x12, 0x06, 0x06,
    0x07, 0x11, 0x03, 0x0b, 0x06, 0x10, 0x01, 0x0e, 0x05, 0x1f, 0x05, 0x20, 0x04, 0x20, 0x05, 0x1f,
    0x05, 0x1f, 0x04, 0x1f, 0x05, 0x1f, 0x05, 0x1f, 0x05, 0x1e, 0x05, 0x1e, 0x05, 0x1f, 0x05, 0x1e,
    0x05, 0x1e, 0x05, 0x1e, 0x05, 0x1e, 0x05, 0x1e, 0x06, 0x1d, 0x06, 0x1e, 0x05, 0x1e, 0x05, 0x1e,
    0x05, 0x1e, 0x05, 0x1e, 0x05, 0x1e, 0x05, 0x1e, 0x05, 0x1e, 0x05, 0x1f, 0x15, 0x0f, 0x15, 0x0f,
    0x15, 0x0f, 0x15, 0xff, 0xff, 0xff, 0x0b, 0x08, 0x19, 0x0e, 0x14, 0x11, 0x13, 0x12, 0x12, 0x05,
    0x07, 0x07, 0x11, 0x02, 0x0c, 0x06, 0x1f, 0x05, 0x1f, 0x05, 0x20, 0x04, 0x20, 0x04, 0x20, 0x04,
    0x1f, 0x05, 0x1f, 0x05, 0x1e, 0x05, 0x1d, 0x07, 0x16, 0x0c, 0x18, 0x0b, 0x19, 0x0b, 0x19, 0x0d,
    0x1e, 0x07, 0x1f, 0x06, 0x1f, 0x05, 0x20, 0x05, 0x1f, 0x05, 0x1f, 0x05, 0x20, 0x04, 0x20, 0x04,
    0x1f, 0x05, 0x1f, 0x05, 0x1f, 0x05, 0x0e, 0x01, 0x0f, 0x06, 0x0e, 0x03, 0x0c, 0x06, 0x0f, 0x06,
    0x07, 0x07, 0x10, 0x14, 0x10, 0x13, 0x13, 0x0f, 0x18, 0x09, 0xff, 0xff, 0xff, 0x1a, 0x06, 0x1e,
    0x06, 0x1d, 0x07, 0x1c, 0x08, 0x1c, 0x08, 0x1b, 0x09, 0x1a, 0x04, 0x01, 0x05, 0x1a, 0x03, 0x02,
    0x05, 0x19, 0x04, 0x02, 0x05, 0x19, 0x03, 0x03, 0x05, 0x18, 0x04, 0x03, 0x05, 0x17, 0x04, 0x04,
    0x05, 0x17, 0x03, 0x05, 0x05, 0x16, 0x04, 0x05, 0x05, 0x15, 0x04, 0x06, 0x05, 0x15, 0x04, 0x06,
    0x05, 0x14, 0x04, 0x07, 0x05, 0x13, 0x04, 0x08, 0x05, 0x13, 0x04, 0x08, 0x05, 0x12, 0x04, 0x09,
    0x05, 0x12, 0x04, 0x09, 0x05, 0x11, 0x04, 0x0a, 0x05, 0x10, 0x04, 0x0b, 0x05, 0x10, 0x19, 0x0b,
    0x19, 0x0b, 0x19, 0x0b, 0x19, 0x1a, 0x05, 0x1f, 0x05, 0x1f, 0x05, 0x1f, 0x05, 0x1f, 0x05, 0x1f,
    0x05, 0x1f, 0x05, 0x1f, 0x05, 0xff, 0xff, 0xff, 0x2e, 0x12, 0x12, 0x12, 0x12, 0x12, 0x12, 0x12,
    0x12, 0x04, 0x20, 0x04, 0x20, 0x04, 0x20, 0x04, 0x20, 0x04, 0x20, 0x04, 0x20, 0x04, 0x20, 0x04,
    0x20, 0x04, 0x01, 0x07, 0x18, 0x0f, 0x15, 0x10, 0x14, 0x11, 0x13, 0x03, 0x07, 0x08, 0x12, 0x01,
    0x0b, 0x07, 0x1e, 0x06, 0x1f, 0x05, 0x20, 0x05, 0x1f, 0x05, 0x1f, 0x05, 0x1f, 0x05, 0x1f, 0x05,
    0x1f, 0x05, 0x1f, 0x05, 0x1f, 0x05, 0x1e, 0x05, 0x0f, 0x01, 0x0f, 0x05, 0x0f, 0x03, 0x0b, 0x06,
    0x10, 0x06, 0x06, 0x08, 0x10, 0x13, 0x11, 0x12, 0x13, 0x0f, 0x19, 0x09, 0xff, 0xff, 0xf2, 0x08,
    0x19, 0x0d, 0x16, 0x0e, 0x15, 0x0f, 0x14, 0x07, 0x07, 0x02, 0x13, 0x06, 0x1d, 0x06, 0x1e, 0x05,
    0x1f, 0x04, 0x1f, 0x05, 0x1f, 0x05, 0x1f, 0x04, 0x20, 0x04, 0x1f, 0x05, 0x04, 0x07, 0x14, 0x05,
    0x02, 0x0b, 0x12, 0x05, 0x01, 0x0d, 0x11, 0x14, 0x10, 0x09, 0x05, 0x07, 0x0f, 0x08, 0x08, 0x05,
    0x0f, 0x07, 0x0a, 0x05, 0x0e, 0x06, 0x0b, 0x05, 0x0e, 0x06, 0x0c, 0x04, 0x0e, 0x06, 0x0c, 0x05,
    0x0d, 0x05, 0x0d, 0x05, 0x0d, 0x05, 0x0d, 0x05, 0x0e, 0x04, 0x0d, 0x05, 0x0e, 0x04, 0x0d, 0x05,
    0x0e, 0x05, 0x0c, 0x05, 0x0e, 0x05, 0x0c, 0x04, 0x10, 0x04, 0x0b, 0x05, 0x10, 0x05, 0x0a, 0x05,
    0x10, 0x06, 0x08, 0x05, 0x12, 0x06, 0x05, 0x07, 0x13, 0x10, 0x15, 0x0e, 0x17, 0x0c, 0x1a, 0x07,
    0xff, 0xff, 0xff, 0x0c, 0x16, 0x0e, 0x16, 0x0e, 0x16, 0x0e, 0x16, 0x1f, 0x04, 0x1f, 0x05, 0x1f,
    0x05, 0x1f, 0x04, 0x1f, 0x05, 0x1f, 0x04, 0x1f, 0x05, 0x1f, 0x05, 0x1f, 0x04, 0x1f, 0x05, 0x1f,
    0x05, 0x1e, 0x05, 0x1f, 0x05, 0x1f, 0x04, 0x1f, 0x05, 0x1f, 0x05, 0x1f, 0x04, 0x1f, 0x05, 0x1f,
    0x05, 0x1e, 0x05, 0x1f, 0x05, 0x1f, 0x04, 0x1f, 0x05, 0x1f, 0x05, 0x1e, 0x05, 0x1f, 0x05, 0x1f,
    0x04, 0x1f, 0x05, 0x1f, 0x05, 0x1e, 0x05, 0x1f, 0x05, 0xff, 0xff, 0xff, 0x19, 0x07, 0x1a, 0x0d,
    0x16, 0x0f, 0x14, 0x11, 0x12, 0x07, 0x05, 0x07, 0x11, 0x05, 0x09, 0x05, 0x10, 0x05, 0x0b, 0x05,
    0x0f, 0x05, 0x0b, 0x05, 0x0f, 0x05, 0x0b, 0x05, 0x0f, 0x05, 0x0b, 0x05, 0x0f, 0x05, 0x0b, 0x05,
    0x0f, 0x05, 0x0b, 0x05, 0x10, 0x04, 0x0b, 0x04, 0x11, 0x05, 0x09, 0x05, 0x12, 0x06, 0x05, 0x06,
    0x14, 0x0f, 0x17, 0x0b, 0x18, 0x0c, 0x17, 0x0f, 0x14, 0x06, 0x05, 0x06, 0x12, 0x05, 0x09, 0x05,
    0x10, 0x05, 0x0b, 0x05, 0x0f, 0x04, 0x0c, 0x05, 0x0e, 0x05, 0x0d, 0x04, 0x0e, 0x05, 0x0d, 0x05,
    0x0d, 0x05, 0x0d, 0x05, 0x0d, 0x05, 0x0d, 0x05, 0x0d, 0x05, 0x0d, 0x05, 0x0d, 0x05, 0x0d, 0x05,
    0x0d, 0x06, 0x0b, 0x05, 0x0f, 0x05, 0x0b, 0x05, 0x0f, 0x06, 0x09, 0x06, 0x10, 0x07, 0x05, 0x07,
    0x11, 0x12, 0x13, 0x10, 0x16, 0x0d, 0x19, 0x08, 0xff, 0xff, 0xee, 0x08, 0x1a, 0x0c, 0x17, 0x0e,
    0x15, 0x10, 0x13, 0x06, 0x06, 0x06, 0x11, 0x06, 0x08, 0x05, 0x11, 0x05, 0x0a, 0x05, 0x10, 0x04,
    0x0c, 0x04, 0x0f, 0x05, 0x0c, 0x05, 0x0e, 0x05, 0x0c, 0x05, 0x0e, 0x05, 0x0c, 0x05, 0x0e, 0x05,
    0x0c, 0x05, 0x0e, 0x05, 0x0c, 0x05, 0x0e, 0x05, 0x0c, 0x05, 0x0e, 0x05, 0x0c, 0x05, 0x0e, 0x05,
    0x0c, 0x06, 0x0e, 0x04, 0x0c, 0x06, 0x0e, 0x05, 0x0a, 0x07, 0x0e, 0x06, 0x08, 0x08, 0x0f, 0x06,
    0x06, 0x09, 0x10, 0x0e, 0x01, 0x05, 0x10, 0x0e, 0x01, 0x05, 0x12, 0x0a, 0x03, 0x04, 0x15, 0x06,
    0x05, 0x04, 0x20, 0x04, 0x20, 0x04, 0x1f, 0x05, 0x1f, 0x04, 0x1f, 0x05, 0x1f, 0x05, 0x1e, 0x05,
    0x1e, 0x06, 0x13, 0x02, 0x07, 0x07, 0x14, 0x0f, 0x15, 0x0e, 0x16, 0x0d, 0x19, 0x08, 0xff, 0xff,
    0xff, 0xff, 0x7f, 0x06, 0x1e, 0x06, 0x1e, 0x06, 0x1e, 0x06, 0x1e, 0x06, 0x1e, 0x06, 0x1e, 0x06,
    0xff, 0xab, 0x06, 0x1e, 0x06, 0x1e, 0x06, 0x1e, 0x06, 0x1e, 0x06, 0x1e, 0x06, 0x1e, 0x06, 0xff,
    0xff, 0xff, 0xff, 0xa2, 0x06, 0x1e, 0x06, 0x1e, 0x06, 0x1e, 0x06, 0x1e, 0x06, 0x1e, 0x06, 0x1e,
    0x06, 0xff, 0xac, 0x06, 0x1e, 0x06, 0x1e, 0x06, 0x1e, 0x06, 0x1e, 0x06, 0x1e, 0x05, 0x1e, 0x06,
    0x1e, 0x05, 0x1f, 0x05, 0x1f, 0x04, 0x1f, 0x05, 0x1f, 0x04, 0x20, 0x04, 0x20, 0x03, 0xff, 0xff,
    0xff, 0x70, 0x01, 0x20, 0x04, 0x1d, 0x07, 0x1b, 0x09, 0x18, 0x0b, 0x17, 0x0a, 0x17, 0x0b, 0x16,
    0x0b, 0x17, 0x0a, 0x17, 0x0a, 0x1a, 0x08, 0x1c, 0x06, 0x1e, 0x08, 0x1c, 0x0a, 0x1d, 0x0a, 0x1c,
    0x0b, 0x1c, 0x0b, 0x1c, 0x0a, 0x1c, 0x0b, 0x1c, 0x09, 0x1d, 0x07, 0x20, 0x04, 0x23, 0x01, 0xff,
    0xff, 0xff, 0xff, 0xff, 0x8c, 0x19, 0x0b, 0x19, 0x0b, 0x19, 0x0b, 0x19, 0xe3, 0x19, 0x0b, 0x19,
    0x0b, 0x19, 0x0b, 0x19, 0xff, 0xff, 0xff, 0xff, 0xff, 0x68, 0x01, 0x23, 0x04, 0x20, 0x07, 0x1d,
    0x09, 0x1c, 0x0b, 0x1c, 0x0a, 0x1c, 0x0b, 0x1c, 0x0a, 0x1d, 0x0a, 0x1d, 0x09, 0x1d, 0x08, 0x1e,
    0x06, 0x1c, 0x08, 0x1a, 0x09, 0x18, 0x0a, 0x17, 0x0a, 0x17, 0x0b, 0x17, 0x0a, 0x17, 0x0b, 0x18,
    0x09, 0x1b, 0x07, 0x1d, 0x04, 0x20, 0x01, 0xff, 0xff, 0xff, 0xb3, 0x07, 0x1a, 0x0d, 0x16, 0x0f,
    0x14, 0x11, 0x13, 0x05, 0x06, 0x06, 0x13, 0x02, 0x0a, 0x06, 0x12, 0x01, 0x0c, 0x05, 0x1f, 0x05,
    0x20, 0x04, 0x20, 0x04, 0x1f, 0x05, 0x1f, 0x05, 0x1e, 0x05, 0x1e, 0x05, 0x1e, 0x06, 0x1d, 0x06,
    0x1d, 0x06, 0x1d, 0x06, 0x1e, 0x05, 0x1e, 0x05, 0x1f, 0x04, 0x20, 0x04, 0x20, 0x04, 0x20, 0x04,
    0x20, 0x04, 0x20, 0x04, 0x20, 0x04, 0x8b, 0x05, 0x1f, 0x05, 0x1f, 0x05, 0x1f, 0x05, 0x1f, 0x05,
    0x1f, 0x05, 0xff, 0xff, 0xff, 0x84, 0x07, 0x1a, 0x0d, 0x15, 0x10, 0x13, 0x06, 0x06, 0x06, 0x11,
    0x05, 0x0a, 0x05, 0x0f, 0x04, 0x0d, 0x04, 0x0e, 0x04, 0x0f, 0x04, 0x0d, 0x04, 0x10, 0x03, 0x0c,
    0x04, 0x11, 0x03, 0x0c, 0x03, 0x12, 0x03, 0x0b, 0x04, 0x0a, 0x05, 0x03, 0x04, 0x0a, 0x03, 0x09,
    0x09, 0x01, 0x04, 0x0a, 0x03, 0x07, 0x10, 0x09, 0x04, 0x07, 0x05, 0x04, 0x07, 0x09, 0x04, 0x06,
    0x04, 0x07, 0x06, 0x09, 0x03, 0x07, 0x03, 0x09, 0x05, 0x09, 0x03, 0x06, 0x04, 0x0a, 0x04, 0x09,
    0x03, 0x06, 0x04, 0x0a, 0x04, 0x09, 0x03, 0x06, 0x03, 0x0b, 0x04, 0x09, 0x03, 0x06, 0x03, 0x0b,
    0x04, 0x09, 0x03, 0x06, 0x03, 0x0b, 0x04, 0x09, 0x03, 0x06, 0x03, 0x0b, 0x04, 0x09, 0x03, 0x06,
    0x04, 0x0a, 0x04, 0x09, 0x03, 0x06, 0x04, 0x0a, 0x04, 0x09, 0x04, 0x06, 0x03, 0x09, 0x05, 0x09,
    0x04, 0x06, 0x04, 0x07, 0x06, 0x09, 0x04, 0x07, 0x05, 0x04, 0x07, 0x0a, 0x03, 0x07, 0x10, 0x0a,
    0x04, 0x08, 0x09, 0x01, 0x04, 0x0a, 0x04, 0x0a, 0x05, 0x03, 0x04, 0x0b, 0x04, 0x20, 0x04, 0x21,
    0x04, 0x21, 0x04, 0x21, 0x04, 0x20, 0x06, 0x20, 0x06, 0x08, 0x02, 0x15, 0x0f, 0x17, 0x0d, 0x1a,
    0x09, 0xff, 0xff, 0x36, 0x06, 0x1e, 0x07, 0x1d, 0x07, 0x1d, 0x07, 0x1c, 0x09, 0x1b, 0x04, 0x01,
    0x04, 0x1b, 0x04, 0x01, 0x04, 0x1a, 0x05, 0x01, 0x05, 0x19, 0x04, 0x03, 0x04, 0x19, 0x04, 0x03,
    0x04, 0x18, 0x05, 0x03, 0x05, 0x17, 0x04, 0x04, 0x05, 0x17, 0x04, 0x05, 0x04, 0x16, 0x05, 0x05,
    0x04, 0x16, 0x05, 0x05, 0x05, 0x15, 0x04, 0x07, 0x04, 0x15, 0x04, 0x07, 0x04, 0x14, 0x05, 0x07,
    0x05, 0x13, 0x04, 0x08, 0x05, 0x13, 0x04, 0x09, 0x04, 0x12, 0x05, 0x09, 0x05, 0x11, 0x05, 0x09,
    0x05, 0x11, 0x13, 0x10, 0x15, 0x0f, 0x15, 0x0f, 0x15, 0x0e, 0x05, 0x0d, 0x04, 0x0e, 0x05, 0x0d,
    0x05, 0x0d, 0x05, 0x0d, 0x05, 0x0d, 0x04, 0x0f, 0x04, 0x0c, 0x05, 0x0f, 0x05, 0x0b, 0x05, 0x0f,
    0x05, 0x0b, 0x04, 0x10, 0x05, 0x0a, 0x05, 0x11, 0x05, 0x09, 0x05, 0x11, 0x05, 0xff, 0xff, 0xff,
    0x27, 0x0f, 0x15, 0x11, 0x13, 0x13, 0x11, 0x14, 0x10, 0x05, 0x09, 0x06, 0x10, 0x05, 0x0b, 0x05,
    0x0f, 0x05, 0x0b, 0x05, 0x0f, 0x05, 0x0c, 0x04, 0x0f, 0x05, 0x0c, 0x04, 0x0f, 0x05, 0x0c, 0x04,
    0x0f, 0x05, 0x0b, 0x05, 0x0f, 0x05, 0x0b, 0x05, 0x0f, 0x05, 0x0a, 0x06, 0x0f, 0x05, 0x09, 0x06,
    0x10, 0x13, 0x11, 0x11, 0x13, 0x11, 0x13, 0x13, 0x11, 0x05, 0x09, 0x06, 0x10, 0x05, 0x0b, 0x05,
    0x0f, 0x05, 0x0c, 0x05, 0x0e, 0x05, 0x0c, 0x05, 0x0e, 0x05, 0x0d, 0x04, 0x0e, 0x05, 0x0d, 0x05,
    0x0d, 0x05, 0x0d, 0x05, 0x0d, 0x05, 0x0d, 0x05, 0x0d, 0x05, 0x0d, 0x05, 0x0d, 0x05, 0x0c, 0x05,
    0x0e, 0x05, 0x0c, 0x05, 0x0e, 0x05, 0x0b, 0x06, 0x0e, 0x05, 0x09, 0x07, 0x0f, 0x15, 0x0f, 0x14,
    0x10, 0x12, 0x12, 0x0f, 0xff, 0xff, 0xff, 0x16, 0x07, 0x1a, 0x0d, 0x15, 0x10, 0x13, 0x11, 0x12,
    0x08, 0x05, 0x05, 0x12, 0x06, 0x0a, 0x02, 0x11, 0x05, 0x0d, 0x01, 0x10, 0x06, 0x1e, 0x05, 0x1f,
    0x05, 0x1e, 0x05, 0x1f, 0x05, 0x1f, 0x05, 0x1f, 0x05, 0x1e, 0x05, 0x1f, 0x05, 0x1f, 0x05, 0x1f,
    0x05, 0x1f, 0x05, 0x1f, 0x05, 0x1f, 0x05, 0x1f, 0x05, 0x1f, 0x05, 0x20, 0x05, 0x1f, 0x05, 0x1f,
    0x05, 0x1f, 0x05, 0x20, 0x05, 0x1f, 0x05, 0x1f, 0x06, 0x1f, 0x05, 0x0d, 0x01, 0x12, 0x06, 0x0a,
    0x02, 0x12, 0x07, 0x07, 0x04, 0x13, 0x11, 0x14, 0x10, 0x16, 0x0d, 0x19, 0x08, 0xff, 0xff, 0xff,
    0x09, 0x0c, 0x18, 0x0f, 0x15, 0x11, 0x13, 0x12, 0x12, 0x05, 0x06, 0x08, 0x11, 0x05, 0x09, 0x06,
    0x10, 0x05, 0x0a, 0x06, 0x0f, 0x05, 0x0b, 0x05, 0x0f, 0x05, 0x0c, 0x05, 0x0e, 0x05, 0x0c, 0x05,
    0x0e, 0x05, 0x0c, 0x05, 0x0e, 0x05, 0x0c, 0x05, 0x0e, 0x05, 0x0d, 0x05, 0x0d, 0x05, 0x0d, 0x05,
    0x0d, 0x05, 0x0d, 0x05, 0x0d, 0x05, 0x0d, 0x05, 0x0d, 0x05, 0x0d, 0x05, 0x0d, 0x05, 0x0d, 0x05,
    0x0d, 0x05, 0x0d, 0x05, 0x0d, 0x05, 0x0d, 0x05, 0x0d, 0x05, 0x0d, 0x05, 0x0d, 0x05, 0x0d, 0x05,
    0x0d, 0x05, 0x0d, 0x05, 0x0d, 0x05, 0x0c, 0x05, 0x0e, 0x05, 0x0c, 0x05, 0x0e, 0x05, 0x0c, 0x05,
    0x0e, 0x05, 0x0c, 0x05, 0x0e, 0x05, 0x0b, 0x05, 0x0f, 0x05, 0x0a, 0x06, 0x0f, 0x05, 0x09, 0x06,
    0x10, 0x05, 0x06, 0x08, 0x11, 0x12, 0x12, 0x11, 0x13, 0x0f, 0x15, 0x0c, 0xff, 0xff, 0xff, 0x35,
    0x14, 0x10, 0x14, 0x10, 0x14, 0x10, 0x14, 0x10, 0x04, 0x20, 0x04, 0x20, 0x04, 0x20, 0x04, 0x20,
    0x04, 0x20, 0x04, 0x20, 0x04, 0x20, 0x04, 0x20, 0x04, 0x20, 0x04, 0x20, 0x14, 0x10, 0x14, 0x10,
    0x14, 0x10, 0x14, 0x10, 0x04, 0x20, 0x04, 0x20, 0x04, 0x20, 0x04, 0x20, 0x04, 0x20, 0x04, 0x20,
    0x04, 0x20, 0x04, 0x20, 0x04, 0x20, 0x04, 0x20, 0x04, 0x20, 0x04, 0x20, 0x04, 0x20, 0x15, 0x0f,
    0x15, 0x0f, 0x15, 0x0f, 0x15, 0xff, 0xff, 0xff, 0x2a, 0x15, 0x0f, 0x15, 0x0f, 0x15, 0x0f, 0x15,
    0x0f, 0x05, 0x1f, 0x05, 0x1f, 0x05, 0x1f, 0x05, 0x1f, 0x05, 0x1f, 0x05, 0x1f, 0x05, 0x1f, 0x05,
    0x1f, 0x05, 0x1f, 0x05, 0x1f, 0x14, 0x10, 0x14, 0x10, 0x14, 0x10, 0x14, 0x10, 0x05, 0x1f, 0x05,
    0x1f, 0x05, 0x1f, 0x05, 0x1f, 0x05, 0x1f, 0x05, 0x1f, 0x05, 0x1f, 0x05, 0x1f, 0x05, 0x1f, 0x05,
    0x1f, 0x05, 0x1f, 0x05, 0x1f, 0x05, 0x1f, 0x05, 0x1f, 0x05, 0x1f, 0x05, 0x1f, 0x05, 0xff, 0xff,
    0xff, 0x1e, 0x08, 0x19, 0x0e, 0x15, 0x10, 0x12, 0x12, 0x11, 0x08, 0x06, 0x05, 0x11, 0x06, 0x0a,
    0x03, 0x10, 0x06, 0x0d, 0x01, 0x10, 0x05, 0x1e, 0x05, 0x1f, 0x05, 0x1e, 0x05, 0x1f, 0x05, 0x1f,
    0x05, 0x1f, 0x05, 0x1f, 0x05, 0x1f, 0x04, 0x20, 0x04, 0x1f, 0x05, 0x1f, 0x05, 0x09, 0x0a, 0x0c,
    0x05, 0x09, 0x0a, 0x0c, 0x05, 0x09, 0x0a, 0x0d, 0x04, 0x09, 0x0a, 0x0d, 0x05, 0x0d, 0x05, 0x0d,
    0x05, 0x0d, 0x05, 0x0d, 0x05, 0x0d, 0x05, 0x0d, 0x05, 0x0d, 0x05, 0x0d, 0x05, 0x0d, 0x05, 0x0e,
    0x05, 0x0c, 0x05, 0x0e, 0x05, 0x0c, 0x05, 0x0f, 0x05, 0x0b, 0x05, 0x0f, 0x05, 0x0b, 0x05, 0x10,
    0x06, 0x09, 0x05, 0x10, 0x08, 0x06, 0x06, 0x11, 0x13, 0x12, 0x10, 0x16, 0x0d, 0x1a, 0x07, 0xff,
    0xff, 0xff, 0x0a, 0x05, 0x0d, 0x05, 0x0d, 0x05, 0x0d, 0x05, 0x0d, 0x05, 0x0d, 0x05, 0x0d, 0x05,
    0x0d, 0x05, 0x0d, 0x05, 0x0d, 0x05, 0x0d, 0x05, 0x0d, 0x05, 0x0d, 0x05, 0x0d, 0x05, 0x0d, 0x05,
    0x0d, 0x05, 0x0d, 0x05, 0x0d, 0x05, 0x0d, 0x05, 0x0d, 0x05, 0x0d, 0x05, 0x0d, 0x05, 0x0d, 0x05,
    0x0d, 0x05, 0x0d, 0x05, 0x0d, 0x05, 0x0d, 0x05, 0x0d, 0x05, 0x0d, 0x17, 0x0d, 0x17, 0x0d, 0x17,
    0x0d, 0x17, 0x0d, 0x05, 0x0d, 0x05, 0x0d, 0x05, 0x0d, 0x05, 0x0d, 0x05, 0x0d, 0x05, 0x0d, 0x05,
    0x0d, 0x05, 0x0d, 0x05, 0x0d, 0x05, 0x0d, 0x05, 0x0d, 0x05, 0x0d, 0x05, 0x0d, 0x05, 0x0d, 0x05,
    0x0d, 0x05, 0x0d, 0x05, 0x0d, 0x05, 0x0d, 0x05, 0x0d, 0x05, 0x0d, 0x05, 0x0d, 0x05, 0x0d, 0x05,
    0x0d, 0x05, 0x0d, 0x05, 0x0d, 0x05, 0x0d, 0x05, 0x0d, 0x05, 0x0d, 0x05, 0x0d, 0x05, 0x0d, 0x05,
    0x0d, 0x05, 0x0d, 0x05, 0x0d, 0x05, 0xff, 0xff, 0xff, 0x2a, 0x13, 0x11, 0x13, 0x11, 0x13, 0x11,
    0x13, 0x18, 0x05, 0x1f, 0x05, 0x1f, 0x05, 0x1f, 0x05, 0x1f, 0x05, 0x1f, 0x05, 0x1f, 0x05, 0x1f,
    0x05, 0x1f, 0x05, 0x1f, 0x05, 0x1f, 0x05, 0x1f, 0x05, 0x1f, 0x05, 0x1f, 0x05, 0x1f, 0x05, 0x1f,
    0x05, 0x1f, 0x05, 0x1f, 0x05, 0x1f, 0x05, 0x1f, 0x05, 0x1f, 0x05, 0x1f, 0x05, 0x1f, 0x05, 0x1f,
    0x05, 0x1f, 0x05, 0x1f, 0x05, 0x1f, 0x05, 0x18, 0x13, 0x11, 0x13, 0x11, 0x13, 0x11, 0x13, 0xff,
    0xff, 0xff, 0x30, 0x0d, 0x17, 0x0d, 0x17, 0x0d, 0x17, 0x0d, 0x20, 0x04, 0x20, 0x04, 0x20, 0x04,
    0x20, 0x04, 0x20, 0x04, 0x20, 0x04, 0x20, 0x04, 0x20, 0x04, 0x20, 0x04, 0x20, 0x04, 0x20, 0x04,
    0x20, 0x04, 0x20, 0x04, 0x20, 0x04, 0x20, 0x04, 0x20, 0x04, 0x20, 0x04, 0x20, 0x04, 0x20, 0x04,
    0x20, 0x04, 0x20, 0x04, 0x20, 0x04, 0x1f, 0x05, 0x1f, 0x05, 0x1f, 0x05, 0x11, 0x01, 0x0d, 0x05,
    0x11, 0x03, 0x0a, 0x05, 0x12, 0x05, 0x07, 0x06, 0x12, 0x11, 0x13, 0x11, 0x14, 0x0e, 0x19, 0x09,
    0xff, 0xff, 0xff, 0x0e, 0x05, 0x0e, 0x06, 0x0b, 0x05, 0x0d, 0x06, 0x0c, 0x05, 0x0c, 0x06, 0x0d,
    0x05, 0x0b, 0x06, 0x0e, 0x05, 0x0a, 0x06, 0x0f, 0x05, 0x0a, 0x05, 0x10, 0x05, 0x09, 0x05, 0x11,
    0x05, 0x08, 0x05, 0x12, 0x05, 0x07, 0x05, 0x13, 0x05, 0x06, 0x05, 0x14, 0x05, 0x05, 0x05, 0x15,
    0x05, 0x04, 0x05, 0x16, 0x05, 0x03, 0x05, 0x17, 0x05, 0x02, 0x05, 0x18, 0x05, 0x01, 0x06, 0x18,
    0x0d, 0x17, 0x0d, 0x17, 0x0e, 0x16, 0x08, 0x01, 0x06, 0x15, 0x07, 0x03, 0x05, 0x15, 0x06, 0x05,
    0x05, 0x14, 0x05, 0x06, 0x06, 0x13, 0x05, 0x07, 0x05, 0x13, 0x05, 0x08, 0x05, 0x12, 0x05, 0x08,
    0x06, 0x11, 0x05, 0x09, 0x05, 0x11, 0x05, 0x09, 0x06, 0x10, 0x05, 0x0a, 0x06, 0x0f, 0x05, 0x0b,
    0x05, 0x0f, 0x05, 0x0b, 0x06, 0x0e, 0x05, 0x0c, 0x06, 0x0d, 0x05, 0x0d, 0x05, 0x0d, 0x05, 0x0d,
    0x06, 0x0c, 0x05, 0x0e, 0x06, 0x0b, 0x05, 0x0f, 0x05, 0xff, 0xff, 0xff, 0x28, 0x05, 0x1f, 0x05,
    0x1f, 0x05, 0x1f, 0x05, 0x1f, 0x05, 0x1f, 0x05, 0x1f, 0x05, 0x1f, 0x05, 0x1f, 0x05, 0x1f, 0x05,
    0x1f, 0x05, 0x1f, 0x05, 0x1f, 0x05, 0x1f, 0x05, 0x1f, 0x05, 0x1f, 0x05, 0x1f, 0x05, 0x1f, 0x05,
    0x1f, 0x05, 0x1f, 0x05, 0x1f, 0x05, 0x1f, 0x05, 0x1f, 0x05, 0x1f, 0x05, 0x1f, 0x05, 0x1f, 0x05,
    0x1f, 0x05, 0x1f, 0x05, 0x1f, 0x05, 0x1f, 0x05, 0x1f, 0x05, 0x1f, 0x16, 0x0e, 0x16, 0x0e, 0x16,
    0x0e, 0x16, 0xff, 0xff, 0xff, 0x26, 0x07, 0x0b, 0x07, 0x0b, 0x07, 0x0b, 0x07, 0x0b, 0x07, 0x0b,
    0x07, 0x0b, 0x08, 0x09, 0x08, 0x0b, 0x08, 0x09, 0x08, 0x0b, 0x08, 0x09, 0x08, 0x0b, 0x04, 0x01,
    0x04, 0x07, 0x09, 0x0b, 0x04, 0x01, 0x04, 0x07, 0x03, 0x01, 0x05, 0x0b, 0x04, 0x02, 0x03, 0x07,
    0x03, 0x01, 0x05, 0x0b, 0x04, 0x02, 0x04, 0x05, 0x04, 0x01, 0x05, 0x0b, 0x04, 0x02, 0x04, 0x05,
    0x03, 0x02, 0x05, 0x0b, 0x04, 0x03, 0x03, 0x05, 0x03, 0x02, 0x05, 0x0b, 0x04, 0x03, 0x03, 0x04,
    0x04, 0x02, 0x05, 0x0b, 0x04, 0x03, 0x04, 0x03, 0x03, 0x03, 0x05, 0x0b, 0x04, 0x04, 0x03, 0x03,
    0x03, 0x03, 0x05, 0x0b, 0x04, 0x04, 0x03, 0x02, 0x04, 0x03, 0x05, 0x0b, 0x04, 0x04, 0x04, 0x01,
    0x03, 0x04, 0x05, 0x0b, 0x04, 0x05, 0x07, 0x04, 0x05, 0x0b, 0x04, 0x05, 0x07, 0x04, 0x05, 0x0b,
    0x04, 0x05, 0x06, 0x05, 0x05, 0x0b, 0x04, 0x06, 0x05, 0x05, 0x05, 0x0b, 0x04, 0x06, 0x05, 0x05,
    0x05, 0x0b, 0x04, 0x06, 0x04, 0x06, 0x05, 0x0b, 0x04, 0x10, 0x05, 0x0b, 0x04, 0x10, 0x05, 0x0b,
    0x04, 0x10, 0x05, 0x0b, 0x04, 0x10, 0x05, 0x0b, 0x04, 0x10, 0x05, 0x0b, 0x04, 0x10, 0x05, 0x0b,
    0x04, 0x10, 0x05, 0x0b, 0x04, 0x10, 0x05, 0x0b, 0x04, 0x10, 0x05, 0x0b, 0x04, 0x10, 0x05, 0x0b,
    0x04, 0x10, 0x05, 0x0b, 0x04, 0x10, 0x05, 0xff, 0xff, 0xff, 0x27, 0x06, 0x0c, 0x05, 0x0d, 0x07,
    0x0b, 0x05, 0x0d, 0x07, 0x0b, 0x05, 0x0d, 0x08, 0x0a, 0x05, 0x0d, 0x08, 0x0a, 0x05, 0x0d, 0x09,
    0x09, 0x05, 0x0d, 0x09, 0x09, 0x05, 0x0d, 0x09, 0x09, 0x05, 0x0d, 0x05, 0x01, 0x04, 0x08, 0x05,
    0x0d, 0x05, 0x01, 0x04, 0x08, 0x05, 0x0d, 0x05, 0x02, 0x04, 0x07, 0x05, 0x0d, 0x05, 0x02, 0x04,
    0x07, 0x05, 0x0d, 0x05, 0x02, 0x04, 0x07, 0x05, 0x0d, 0x05, 0x03, 0x04, 0x06, 0x05, 0x0d, 0x05,
    0x03, 0x04, 0x06, 0x05, 0x0d, 0x05, 0x04, 0x04, 0x05, 0x05, 0x0d, 0x05, 0x04, 0x04, 0x05, 0x05,
    0x0d, 0x05, 0x04, 0x04, 0x05, 0x05, 0x0d, 0x05, 0x05, 0x04, 0x04, 0x05, 0x0d, 0x05, 0x05, 0x04,
    0x04, 0x05, 0x0d, 0x05, 0x06, 0x04, 0x03, 0x05, 0x0d, 0x05, 0x06, 0x04, 0x03, 0x05, 0x0d, 0x05,
    0x07, 0x03, 0x03, 0x05, 0x0d, 0x05, 0x07, 0x04, 0x02, 0x05, 0x0d, 0x05, 0x07, 0x04, 0x02, 0x05,
    0x0d, 0x05, 0x08, 0x04, 0x01, 0x05, 0x0d, 0x05, 0x08, 0x04, 0x01, 0x05, 0x0d, 0x05, 0x09, 0x09,
    0x0d, 0x05, 0x09, 0x09, 0x0d, 0x05, 0x09, 0x09, 0x0d, 0x05, 0x0a, 0x08, 0x0d, 0x05, 0x0a, 0x08,
    0x0d, 0x05, 0x0b, 0x07, 0x0d, 0x05, 0x0b, 0x07, 0x0d, 0x05, 0x0b, 0x07, 0xff, 0xff, 0xff, 0x0c,
    0x07, 0x1b, 0x0b, 0x17, 0x0f, 0x14, 0x10, 0x14, 0x06, 0x05, 0x06, 0x12, 0x06, 0x07, 0x06, 0x11,
    0x05, 0x09, 0x05, 0x10, 0x05, 0x0b, 0x05, 0x0f, 0x05, 0x0b, 0x05, 0x0f, 0x05, 0x0b, 0x05, 0x0e,
    0x05, 0x0d, 0x04, 0x0e, 0x05, 0x0d, 0x05, 0x0d, 0x05, 0x0d, 0x05, 0x0d, 0x05, 0x0d, 0x05, 0x0d,
    0x05, 0x0d, 0x05, 0x0d, 0x05, 0x0d, 0x05, 0x0d, 0x05, 0x0d, 0x05, 0x0d, 0x05, 0x0d, 0x05, 0x0d,
    0x05, 0x0d, 0x05, 0x0d, 0x05, 0x0d, 0x05, 0x0d, 0x05, 0x0d, 0x05, 0x0d, 0x05, 0x0d, 0x05, 0x0d,
    0x05, 0x0d, 0x05, 0x0d, 0x05, 0x0d, 0x05, 0x0d, 0x05, 0x0d, 0x05, 0x0d, 0x05, 0x0d, 0x05, 0x0d,
    0x05, 0x0d, 0x04, 0x0f, 0x05, 0x0b, 0x05, 0x0f, 0x05, 0x0b, 0x05, 0x0f, 0x05, 0x0b, 0x05, 0x10,
    0x05, 0x09, 0x05, 0x11, 0x06, 0x07, 0x06, 0x12, 0x06, 0x05, 0x06, 0x13, 0x10, 0x15, 0x0f, 0x17,
    0x0b, 0x1b, 0x07, 0xff, 0xff, 0xff, 0x0e, 0x0e, 0x16, 0x11, 0x13, 0x12, 0x12, 0x13, 0x11, 0x04,
    0x09, 0x07, 0x10, 0x04, 0x0b, 0x06, 0x0f, 0x04, 0x0c, 0x05, 0x0f, 0x04, 0x0c, 0x05, 0x0f, 0x04,
    0x0d, 0x05, 0x0e, 0x04, 0x0d, 0x05, 0x0e, 0x04, 0x0d, 0x05, 0x0e, 0x04, 0x0d, 0x05, 0x0e, 0x04,
    0x0d, 0x05, 0x0e, 0x04, 0x0c, 0x05, 0x0f, 0x04, 0x0c, 0x05, 0x0f, 0x04, 0x0b, 0x06, 0x0f, 0x04,
    0x09, 0x07, 0x10, 0x13, 0x11, 0x12, 0x12, 0x11, 0x13, 0x0e, 0x16, 0x04, 0x20, 0x04, 0x20, 0x04,
    0x20, 0x04, 0x20, 0x04, 0x20, 0x04, 0x20, 0x04, 0x20, 0x04, 0x20, 0x04, 0x20, 0x04, 0x20, 0x04,
    0x20, 0x04, 0x20, 0x04, 0x20, 0x04, 0xff, 0xff, 0xff, 0x1d, 0x07, 0x1b, 0x0b, 0x17, 0x0f, 0x14,
    0x10, 0x14, 0x06, 0x05, 0x06, 0x12, 0x06, 0x07, 0x06, 0x11, 0x05, 0x09, 0x05, 0x10, 0x05, 0x0b,
    0x05, 0x0f, 0x05, 0x0b, 0x05, 0x0f, 0x05, 0x0b, 0x05, 0x0e, 0x05, 0x0d, 0x04, 0x0e, 0x05, 0x0d,
    0x05, 0x0d, 0x05, 0x0d, 0x05, 0x0d, 0x05, 0x0d, 0x05, 0x0d, 0x05, 0x0d, 0x05, 0x0d, 0x05, 0x0d,
    0x05, 0x0d, 0x05, 0x0d, 0x05, 0x0d, 0x05, 0x0d, 0x05, 0x0d, 0x05, 0x0d, 0x05, 0x0d, 0x05, 0x0d,
    0x05, 0x0d, 0x05, 0x0d, 0x05, 0x0d, 0x05, 0x0d, 0x05, 0x0d, 0x05, 0x0d, 0x05, 0x0d, 0x05, 0x0d,
    0x05, 0x0d, 0x05, 0x0d, 0x05, 0x0d, 0x05, 0x0d, 0x05, 0x0d, 0x05, 0x0d, 0x04, 0x0f, 0x05, 0x0b,
    0x05, 0x0f, 0x05, 0x0b, 0x05, 0x0f, 0x05, 0x0b, 0x05, 0x10, 0x05, 0x09, 0x05, 0x11, 0x06, 0x07,
    0x06, 0x12, 0x06, 0x05, 0x06, 0x13, 0x10, 0x15, 0x0e, 0x18, 0x0b, 0x1b, 0x09, 0x20, 0x06, 0x1f,
    0x06, 0x1f, 0x06, 0x1f, 0x04, 0x21, 0x02, 0xff, 0xff, 0x53, 0x0f, 0x15, 0x11, 0x13, 0x13, 0x11,
    0x14, 0x10, 0x05, 0x08, 0x08, 0x0f, 0x05, 0x0a, 0x06, 0x0f, 0x05, 0x0b, 0x05, 0x0f, 0x05, 0x0c,
    0x05, 0x0e, 0x05, 0x0c, 0x05, 0x0e, 0x05, 0x0c, 0x05, 0x0e, 0x05, 0x0c, 0x05, 0x0e, 0x05, 0x0c,
    0x05, 0x0e, 0x05, 0x0c, 0x05, 0x0e, 0x05, 0x0b, 0x05, 0x0f, 0x05, 0x0a, 0x06, 0x0f, 0x05, 0x09,
    0x06, 0x10, 0x13, 0x11, 0x11, 0x13, 0x10, 0x14, 0x11, 0x13, 0x05, 0x07, 0x06, 0x12, 0x05, 0x09,
    0x05, 0x11, 0x05, 0x0a, 0x05, 0x10, 0x05, 0x0a, 0x05, 0x10, 0x05, 0x0b, 0x05, 0x0f, 0x05, 0x0b,
    0x05, 0x0f, 0x05, 0x0c, 0x05, 0x0e, 0x05, 0x0c, 0x05, 0x0e, 0x05, 0x0d, 0x05, 0x0d, 0x05, 0x0d,
    0x05, 0x0d, 0x05, 0x0e, 0x05, 0x0c, 0x05, 0x0e, 0x05, 0x0c, 0x05, 0x0f, 0x05, 0x0b, 0x05, 0x0f,
    0x05, 0x0b, 0x05, 0x10, 0x05, 0xff, 0xff, 0xff, 0x09, 0x08, 0x19, 0x0e, 0x15, 0x11, 0x12, 0x12,
    0x11, 0x07, 0x06, 0x06, 0x10, 0x06, 0x0b, 0x03, 0x10, 0x05, 0x0e, 0x01, 0x10, 0x04, 0x1f, 0x05,
    0x1f, 0x05, 0x1f, 0x05, 0x1f, 0x05, 0x1f, 0x05, 0x20, 0x05, 0x1f, 0x06, 0x1e, 0x09, 0x1c, 0x0c,
    0x19, 0x0e, 0x18, 0x0e, 0x18, 0x0d, 0x1a, 0x0b, 0x1d, 0x08, 0x1e, 0x06, 0x1f, 0x05, 0x20, 0x05,
    0x1f, 0x05, 0x1f, 0x05, 0x1f, 0x05, 0x1f, 0x05, 0x1f, 0x04, 0x0f, 0x01, 0x0f, 0x05, 0x0f, 0x03,
    0x0c, 0x06, 0x0f, 0x06, 0x07, 0x07, 0x10, 0x13, 0x11, 0x12, 0x13, 0x10, 0x18, 0x09, 0xff, 0xff,
    0xff, 0x0a, 0x1b, 0x09, 0x1b, 0x09, 0x1b, 0x09, 0x1b, 0x14, 0x05, 0x1f, 0x05, 0x1f, 0x05, 0x1f,
    0x05, 0x1f, 0x05, 0x1f, 0x05, 0x1f, 0x05, 0x1f, 0x05, 0x1f, 0x05, 0x1f, 0x05, 0x1f, 0x05, 0x1f,
    0x05, 0x1f, 0x05, 0x1f, 0x05, 0x1f, 0x05, 0x1f, 0x05, 0x1f, 0x05, 0x1f, 0x05, 0x1f, 0x05, 0x1f,
    0x05, 0x1f, 0x05, 0x1f, 0x05, 0x1f, 0x05, 0x1f, 0x05, 0x1f, 0x05, 0x1f, 0x05, 0x1f, 0x05, 0x1f,
    0x05, 0x1f, 0x05, 0x1f, 0x05, 0x1f, 0x05, 0xff, 0xff, 0xff, 0x31, 0x05, 0x0d, 0x04, 0x0e, 0x05,
    0x0d, 0x04, 0x0e, 0x05, 0x0d, 0x04, 0x0e, 0x05, 0x0d, 0x04, 0x0e, 0x05, 0x0d, 0x04, 0x0e, 0x05,
    0x0d, 0x04, 0x0e, 0x05, 0x0d, 0x04, 0x0e, 0x05, 0x0d, 0x04, 0x0e, 0x05, 0x0d, 0x04, 0x0e, 0x05,
    0x0d, 0x04, 0x0e, 0x05, 0x0d, 0x04, 0x0e, 0x05, 0x0d, 0x04, 0x0e, 0x05, 0x0d, 0x04, 0x0e, 0x05,
    0x0d, 0x04, 0x0e, 0x05, 0x0d, 0x04, 0x0e, 0x05, 0x0d, 0x04, 0x0e, 0x05, 0x0d, 0x04, 0x0e, 0x05,
    0x0d, 0x04, 0x0e, 0x05, 0x0d, 0x04, 0x0e, 0x05, 0x0d, 0x04, 0x0e, 0x05, 0x0d, 0x04, 0x0e, 0x05,
    0x0d, 0x04, 0x0e, 0x05, 0x0d, 0x04, 0x0e, 0x05, 0x0d, 0x04, 0x0f, 0x04, 0x0d, 0x04, 0x0f, 0x04,
    0x0d, 0x04, 0x0f, 0x04, 0x0d, 0x04, 0x0f, 0x04, 0x0d, 0x04, 0x0f, 0x05, 0x0b, 0x05, 0x0f, 0x05,
    0x0b, 0x05, 0x10, 0x05, 0x09, 0x05, 0x11, 0x07, 0x05, 0x07, 0x12, 0x11, 0x14, 0x0f, 0x16, 0x0d,
    0x1a, 0x07, 0xff, 0xff, 0xff, 0x0a, 0x05, 0x11, 0x04, 0x0b, 0x05, 0x0f, 0x05, 0x0b, 0x05, 0x0f,
    0x05, 0x0b, 0x05, 0x0f, 0x05, 0x0c, 0x04, 0x0e, 0x05, 0x0d, 0x05, 0x0d, 0x05, 0x0d, 0x05, 0x0d,
    0x05, 0x0e, 0x04, 0x0d, 0x04, 0x0f, 0x04, 0x0c, 0x05, 0x0f, 0x05, 0x0b, 0x05, 0x0f, 0x05, 0x0b,
    0x04, 0x11, 0x04, 0x0b, 0x04, 0x11, 0x05, 0x09, 0x05, 0x11, 0x05, 0x09, 0x05, 0x12, 0x04, 0x09,
    0x04, 0x13, 0x04, 0x09, 0x04, 0x13, 0x05, 0x07, 0x05, 0x13, 0x05, 0x07, 0x04, 0x15, 0x04, 0x07,
    0x04, 0x15, 0x04, 0x06, 0x05, 0x15, 0x05, 0x05, 0x05, 0x16, 0x04, 0x05, 0x04, 0x17, 0x04, 0x05,
    0x04, 0x17, 0x04, 0x04, 0x05, 0x18, 0x04, 0x03, 0x04, 0x19, 0x04, 0x03, 0x04, 0x19, 0x04, 0x03,
    0x04, 0x19, 0x05, 0x01, 0x05, 0x1a, 0x04, 0x01, 0x04, 0x1b, 0x04, 0x01, 0x04, 0x1b, 0x09, 0x1c,
    0x07, 0x1d, 0x07, 0x1d, 0x07, 0x1d, 0x06, 0xff, 0xff, 0xff, 0x2e, 0x05, 0x13, 0x05, 0x07, 0x05,
    0x13, 0x05, 0x07, 0x05, 0x13, 0x05, 0x08, 0x04, 0x13, 0x04, 0x09, 0x04, 0x13, 0x04, 0x09, 0x04,
    0x13, 0x04, 0x09, 0x04, 0x13, 0x04, 0x09, 0x05, 0x11, 0x05, 0x09, 0x05, 0x11, 0x05, 0x09, 0x05,
    0x11, 0x04, 0x0b, 0x04, 0x06, 0x05, 0x06, 0x04, 0x0b, 0x04, 0x06, 0x05, 0x06, 0x04, 0x0b, 0x04,
    0x05, 0x06, 0x06, 0x04, 0x0b, 0x04, 0x05, 0x07, 0x05, 0x04, 0x0b, 0x04, 0x05, 0x07, 0x05, 0x04,
    0x0b, 0x04, 0x05, 0x07, 0x04, 0x05, 0x0b, 0x05, 0x04, 0x03, 0x01, 0x03, 0x04, 0x04, 0x0d, 0x04,
    0x03, 0x04, 0x01, 0x04, 0x03, 0x04, 0x0d, 0x04, 0x03, 0x04, 0x01, 0x04, 0x03, 0x04, 0x0d, 0x04,
    0x03, 0x03, 0x03, 0x03, 0x03, 0x04, 0x0d, 0x04, 0x03, 0x03, 0x03, 0x03, 0x03, 0x04, 0x0d, 0x04,
    0x02, 0x04, 0x03, 0x03, 0x03, 0x04, 0x0d, 0x04, 0x02, 0x04, 0x03, 0x04, 0x02, 0x04, 0x0e, 0x03,
    0x02, 0x03, 0x05, 0x03, 0x02, 0x03, 0x0f, 0x03, 0x02, 0x03, 0x05, 0x03, 0x01, 0x04, 0x0f, 0x04,
    0x01, 0x03, 0x05, 0x03, 0x01, 0x04, 0x0f, 0x08, 0x05, 0x03, 0x01, 0x04, 0x0f, 0x07, 0x06, 0x08,
    0x0f, 0x07, 0x07, 0x07, 0x0f, 0x07, 0x07, 0x06, 0x11, 0x06, 0x07, 0x06, 0x11, 0x06, 0x07, 0x06,
    0x11, 0x05, 0x09, 0x05, 0x11, 0x05, 0x09, 0x05, 0x11, 0x05, 0x09, 0x05, 0xff, 0xff, 0xff, 0x29,
    0x05, 0x0f, 0x05, 0x0c, 0x05, 0x0e, 0x05, 0x0d, 0x05, 0x0c, 0x05, 0x0e, 0x05, 0x0c, 0x04, 0x10,
    0x05, 0x0a, 0x05, 0x10, 0x05, 0x09, 0x05, 0x12, 0x05, 0x08, 0x05, 0x13, 0x04, 0x07, 0x05, 0x14,
    0x05, 0x06, 0x04, 0x16, 0x05, 0x04, 0x05, 0x16, 0x05, 0x03, 0x05, 0x18, 0x05, 0x02, 0x04, 0x1a,
    0x04, 0x01, 0x05, 0x1a, 0x09, 0x1c, 0x07, 0x1e, 0x06, 0x1e, 0x05, 0x1e, 0x07, 0x1d, 0x07, 0x1c,
    0x09, 0x1b, 0x04, 0x01, 0x05, 0x19, 0x05, 0x02, 0x04, 0x18, 0x05, 0x03, 0x05, 0x17, 0x05, 0x04,
    0x04, 0x16, 0x05, 0x05, 0x05, 0x14, 0x05, 0x07, 0x05, 0x13, 0x05, 0x08, 0x04, 0x12, 0x05, 0x09,
    0x05, 0x11, 0x05, 0x0a, 0x05, 0x0f, 0x05, 0x0b, 0x05, 0x0e, 0x05, 0x0d, 0x05, 0x0d, 0x05, 0x0d,
    0x05, 0x0c, 0x05, 0x0f, 0x05, 0x0a, 0x05, 0x11, 0x05, 0x09, 0x05, 0x11, 0x05, 0xff, 0xff, 0xff,
    0x24, 0x05, 0x11, 0x05, 0x0a, 0x05, 0x0f, 0x05, 0x0b, 0x05, 0x0f, 0x05, 0x0c, 0x05, 0x0d, 0x05,
    0x0d, 0x05, 0x0c, 0x05, 0x0f, 0x05, 0x0b, 0x05, 0x10, 0x04, 0x0a, 0x05, 0x11, 0x05, 0x09, 0x05,
    0x12, 0x05, 0x07, 0x05, 0x13, 0x05, 0x07, 0x05, 0x14, 0x05, 0x05, 0x05, 0x16, 0x04, 0x05, 0x04,
    0x17, 0x05, 0x03, 0x05, 0x18, 0x04, 0x03, 0x04, 0x19, 0x05, 0x01, 0x05, 0x1a, 0x09, 0x1b, 0x08,
    0x1d, 0x07, 0x1e, 0x05, 0x1f, 0x05, 0x1f, 0x05, 0x1f, 0x05, 0x1f, 0x05, 0x1f, 0x05, 0x1f, 0x05,
    0x1f, 0x05, 0x1f, 0x05, 0x1f, 0x05, 0x1f, 0x05, 0x1f, 0x05, 0x1f, 0x05, 0x1f, 0x05, 0x1f, 0x05,
    0x1f, 0x05, 0x1f, 0x05, 0xff, 0xff, 0xff, 0x32, 0x17, 0x0d, 0x17, 0x0d, 0x17, 0x0d, 0x17, 0x1e,
    0x05, 0x1e, 0x06, 0x1e, 0x05, 0x1e, 0x05, 0x1f, 0x05, 0x1e, 0x05, 0x1e, 0x05, 0x1f, 0x05, 0x1e,
    0x05, 0x1e, 0x05, 0x1f, 0x05, 0x1e, 0x05, 0x1e, 0x05, 0x1f, 0x05, 0x1e, 0x05, 0x1e, 0x05, 0x1f,
    0x05, 0x1e, 0x05, 0x1e, 0x05, 0x1f, 0x05, 0x1e, 0x05, 0x1e, 0x05, 0x1f, 0x05, 0x1e, 0x05, 0x1f,
    0x04, 0x1f, 0x05, 0x1e, 0x05, 0x1f, 0x17, 0x0d, 0x17, 0x0d, 0x17, 0x0d, 0x17, 0xff, 0xff, 0xff,
    0x0b, 0x0a, 0x1a, 0x0a, 0x1a, 0x0a, 0x1a, 0x0a, 0x1a, 0x04, 0x20, 0x04, 0x20, 0x04, 0x20, 0x04,
    0x20, 0x04, 0x20, 0x04, 0x20, 0x04, 0x20, 0x04, 0x20, 0x04, 0x20, 0x04, 0x20, 0x04, 0x20, 0x04,
    0x20, 0x04, 0x20, 0x04, 0x20, 0x04, 0x20, 0x04, 0x20, 0x04, 0x20, 0x04, 0x20, 0x04, 0x20, 0x04,
    0x20, 0x04, 0x20, 0x04, 0x20, 0x04, 0x20, 0x04, 0x20, 0x04, 0x20, 0x04, 0x20, 0x04, 0x20, 0x04,
    0x20, 0x04, 0x20, 0x04, 0x20, 0x04, 0x20, 0x04, 0x20, 0x04, 0x20, 0x04, 0x20, 0x04, 0x20, 0x0a,
    0x1a, 0x0a, 0x1a, 0x0a, 0x1a, 0x0a, 0xff, 0xff, 0x30, 0x04, 0x20, 0x05, 0x20, 0x04, 0x20, 0x05,
    0x20, 0x04, 0x20, 0x04, 0x20, 0x05, 0x20, 0x04, 0x20, 0x05, 0x20, 0x04, 0x20, 0x05, 0x20, 0x04,
    0x20, 0x05, 0x20, 0x04, 0x20, 0x05, 0x20, 0x04, 0x20, 0x05, 0x20, 0x04, 0x20, 0x05, 0x20, 0x04,
    0x20, 0x05, 0x20, 0x04, 0x20, 0x05, 0x20, 0x04, 0x20, 0x04, 0x20, 0x05, 0x20, 0x04, 0x20, 0x05,
    0x20, 0x04, 0x20, 0x05, 0x20, 0x04, 0x20, 0x05, 0x20, 0x04, 0x20, 0x05, 0x20, 0x04, 0x20, 0x05,
    0x20, 0x04, 0x20, 0x05, 0x20, 0x04, 0xff, 0xff, 0x79, 0x0a, 0x1a, 0x0a, 0x1a, 0x0a, 0x1a, 0x0a,
    0x20, 0x04, 0x20, 0x04, 0x20, 0x04, 0x20, 0x04, 0x20, 0x04, 0x20, 0x04, 0x20, 0x04, 0x20, 0x04,
    0x20, 0x04, 0x20, 0x04, 0x20, 0x04, 0x20, 0x04, 0x20, 0x04, 0x20, 0x04, 0x20, 0x04, 0x20, 0x04,
    0x20, 0x04, 0x20, 0x04, 0x20, 0x04, 0x20, 0x04, 0x20, 0x04, 0x20, 0x04, 0x20, 0x04, 0x20, 0x04,
    0x20, 0x04, 0x20, 0x04, 0x20, 0x04, 0x20, 0x04, 0x20, 0x04, 0x20, 0x04, 0x20, 0x04, 0x20, 0x04,
    0x20, 0x04, 0x20, 0x04, 0x20, 0x04, 0x1a, 0x0a, 0x1a, 0x0a, 0x1a, 0x0a, 0x1a, 0x0a, 0xff, 0xff,
    0x3c, 0x05, 0x1e, 0x07, 0x1c, 0x09, 0x1a, 0x0a, 0x1a, 0x05, 0x01, 0x05, 0x18, 0x05, 0x03, 0x05,
    0x16, 0x05, 0x05, 0x05, 0x14, 0x05, 0x07, 0x05, 0x12, 0x05, 0x09, 0x05, 0x11, 0x04, 0x0b, 0x04,
    0x10, 0x04, 0x0d, 0x04, 0x0e, 0x04, 0x0f, 0x04, 0x0c, 0x04, 0x11, 0x04, 0xff, 0xff, 0xff, 0xff,
    0xff, 0xff, 0xff, 0xff, 0xff, 0xff, 0xff, 0xff, 0x2d, 0x1d, 0x07, 0x1d, 0x07, 0x1d, 0x07, 0x1d,
    0xff, 0x2f, 0x05, 0x20, 0x04, 0x21, 0x04, 0x21, 0x04, 0x20, 0x04, 0x21, 0x04, 0x21, 0x04, 0x21,
    0x04, 0x21, 0x03, 0xff, 0xff, 0xff, 0xff, 0xff, 0xff, 0xff, 0xff, 0x71, 0x08, 0x18, 0x0e, 0x15,
    0x11, 0x13, 0x12, 0x12, 0x05, 0x07, 0x07, 0x11, 0x01, 0x0d, 0x05, 0x20, 0x04, 0x20, 0x05, 0x1f,
    0x05, 0x1f, 0x05, 0x15, 0x0f, 0x12, 0x12, 0x11, 0x13, 0x10, 0x14, 0x0f, 0x07, 0x09, 0x05, 0x0f,
    0x05, 0x0b, 0x05, 0x0f, 0x04, 0x0c, 0x05, 0x0e, 0x05, 0x0c, 0x05, 0x0e, 0x04, 0x0d, 0x05, 0x0e,
    0x04, 0x0d, 0x05, 0x0e, 0x05, 0x0b, 0x06, 0x0e, 0x05, 0x0a, 0x07, 0x0f, 0x05, 0x08, 0x08, 0x0f,
    0x06, 0x06, 0x09, 0x10, 0x14, 0x10, 0x0e, 0x01, 0x05, 0x12, 0x0a, 0x03, 0x05, 0x14, 0x06, 0xff,
    0xff, 0xec, 0x04, 0x20, 0x04, 0x20, 0x04, 0x20, 0x04, 0x20, 0x04, 0x20, 0x04, 0x20, 0x04, 0x20,
    0x04, 0x20, 0x04, 0x20, 0x04, 0x04, 0x06, 0x16, 0x04, 0x02, 0x0a, 0x14, 0x04, 0x01, 0x0c, 0x13,
    0x12, 0x12, 0x08, 0x05, 0x06, 0x11, 0x06, 0x08, 0x05, 0x11, 0x06, 0x09, 0x05, 0x10, 0x05, 0x0a,
    0x05, 0x10, 0x05, 0x0b, 0x04, 0x10, 0x04, 0x0c, 0x05, 0x0f, 0x04, 0x0c, 0x05, 0x0f, 0x04, 0x0c,
    0x05, 0x0f, 0x04, 0x0c, 0x05, 0x0f, 0x04, 0x0c, 0x05, 0x0f, 0x04, 0x0c, 0x05, 0x0f, 0x04, 0x0c,
    0x05, 0x0f, 0x04, 0x0c, 0x05, 0x0f, 0x04, 0x0c, 0x05, 0x0f, 0x04, 0x0c, 0x05, 0x0f, 0x05, 0x0b,
    0x04, 0x10, 0x05, 0x0a, 0x05, 0x10, 0x06, 0x09, 0x05, 0x10, 0x06, 0x08, 0x05, 0x11, 0x08, 0x05,
    0x06, 0x11, 0x12, 0x12, 0x04, 0x01, 0x0c, 0x13, 0x04, 0x02, 0x0a, 0x1c, 0x06, 0xff, 0xff, 0xff,
    0xff, 0x37, 0x07, 0x1a, 0x0d, 0x15, 0x10, 0x13, 0x11, 0x12, 0x07, 0x07, 0x04, 0x12, 0x06, 0x0a,
    0x02, 0x11, 0x05, 0x0d, 0x01, 0x11, 0x05, 0x1e, 0x05, 0x1f, 0x05, 0x1f, 0x05, 0x1f, 0x04, 0x20,
    0x04, 0x20, 0x04, 0x20, 0x04, 0x20, 0x04, 0x20, 0x04, 0x20, 0x05, 0x1f, 0x05, 0x1f, 0x05, 0x20,
    0x05, 0x1f, 0x05, 0x0d, 0x01, 0x12, 0x06, 0x0a, 0x02, 0x12, 0x07, 0x07, 0x04, 0x13, 0x11, 0x14,
    0x0f, 0x17, 0x0c, 0x1b, 0x06, 0xff, 0xff, 0xf6, 0x04, 0x20, 0x04, 0x20, 0x04, 0x20, 0x04, 0x20,
    0x04, 0x20, 0x04, 0x20, 0x04, 0x20, 0x04, 0x20, 0x04, 0x16, 0x06, 0x04, 0x04, 0x14, 0x0a, 0x02,
    0x04, 0x13, 0x0c, 0x01, 0x04, 0x12, 0x12, 0x11, 0x06, 0x05, 0x08, 0x11, 0x05, 0x08, 0x06, 0x10,
    0x05, 0x09, 0x06, 0x10, 0x05, 0x0a, 0x05, 0x0f, 0x05, 0x0b, 0x05, 0x0f, 0x05, 0x0c, 0x04, 0x0f,
    0x05, 0x0c, 0x04, 0x0f, 0x05, 0x0c, 0x04, 0x0f, 0x04, 0x0d, 0x04, 0x0f, 0x04, 0x0d, 0x04, 0x0f,
    0x04, 0x0d, 0x04, 0x0f, 0x04, 0x0d, 0x04, 0x0f, 0x05, 0x0c, 0x04, 0x0f, 0x05, 0x0c, 0x04, 0x0f,
    0x05, 0x0c, 0x04, 0x10, 0x04, 0x0b, 0x05, 0x10, 0x05, 0x0a, 0x05, 0x10, 0x05, 0x09, 0x06, 0x11,
    0x05, 0x08, 0x06, 0x11, 0x06, 0x05, 0x08, 0x12, 0x12, 0x13, 0x0c, 0x01, 0x04, 0x14, 0x0a, 0x02,
    0x04, 0x16, 0x06, 0xff, 0xff, 0xff, 0xff, 0x38, 0x07, 0x1a, 0x0c, 0x17, 0x0e, 0x15, 0x10, 0x13,
    0x06, 0x06, 0x06, 0x11, 0x05, 0x0a, 0x05, 0x10, 0x04, 0x0b, 0x05, 0x0f, 0x05, 0x0c, 0x04, 0x0f,
    0x04, 0x0d, 0x05, 0x0d, 0x05, 0x0e, 0x04, 0x0d, 0x05, 0x0e, 0x04, 0x0d, 0x17, 0x0d, 0x17, 0x0d,
    0x17, 0x0d, 0x17, 0x0d, 0x04, 0x20, 0x04, 0x20, 0x05, 0x1f, 0x05, 0x20, 0x04, 0x20, 0x05, 0x1f,
    0x06, 0x0e, 0x01, 0x10, 0x06, 0x0b, 0x03, 0x11, 0x07, 0x06, 0x06, 0x12, 0x12, 0x13, 0x10, 0x15,
    0x0d, 0x1a, 0x07, 0xff, 0xff, 0xf3, 0x09, 0x19, 0x0b, 0x18, 0x0c, 0x18, 0x0c, 0x17, 0x05, 0x1f,
    0x04, 0x20, 0x04, 0x20, 0x04, 0x20, 0x04, 0x20, 0x04, 0x19, 0x14, 0x10, 0x14, 0x10, 0x14, 0x10,
    0x14, 0x17, 0x04, 0x20, 0x04, 0x20, 0x04, 0x20, 0x04, 0x20, 0x04, 0x20, 0x04, 0x20, 0x04, 0x20,
    0x04, 0x20, 0x04, 0x20, 0x04, 0x20, 0x04, 0x20, 0x04, 0x20, 0x04, 0x20, 0x04, 0x20, 0x04, 0x20,
    0x04, 0x20, 0x04, 0x20, 0x04, 0x20, 0x04, 0x20, 0x04, 0x20, 0x04, 0x20, 0x04, 0xff, 0xff, 0xff,
    0xff, 0x5a, 0x06, 0x1c, 0x0a, 0x02, 0x04, 0x13, 0x0c, 0x01, 0x04, 0x12, 0x12, 0x11, 0x06, 0x05,
    0x08, 0x11, 0x05, 0x08, 0x06, 0x10, 0x05, 0x0a, 0x05, 0x10, 0x05, 0x0a, 0x05, 0x0f, 0x05, 0x0b,
    0x05, 0x0f, 0x05, 0x0c, 0x04, 0x0f, 0x05, 0x0c, 0x04, 0x0f, 0x05, 0x0c, 0x04, 0x0f, 0x04, 0x0d,
    0x04, 0x0f, 0x04, 0x0d, 0x04, 0x0f, 0x04, 0x0d, 0x04, 0x0f, 0x05, 0x0c, 0x04, 0x0f, 0x05, 0x0c,
    0x04, 0x0f, 0x05, 0x0c, 0x04, 0x0f, 0x05, 0x0b, 0x05, 0x10, 0x05, 0x0a, 0x05, 0x10, 0x05, 0x0a,
    0x05, 0x11, 0x05, 0x08, 0x06, 0x11, 0x06, 0x05, 0x08, 0x12, 0x0d, 0x01, 0x04, 0x13, 0x0c, 0x01,
    0x04, 0x14, 0x0a, 0x02, 0x04, 0x16, 0x06, 0x04, 0x04, 0x20, 0x04, 0x20, 0x04, 0x1f, 0x05, 0x1f,
    0x05, 0x12, 0x01, 0x0b, 0x05, 0x13, 0x04, 0x07, 0x06, 0x13, 0x10, 0x14, 0x0f, 0x16, 0x0d, 0x1a,
    0x07, 0xff, 0xa5, 0x04, 0x20, 0x04, 0x20, 0x04, 0x20, 0x04, 0x20, 0x04, 0x20, 0x04, 0x20, 0x04,
    0x20, 0x04, 0x20, 0x04, 0x20, 0x04, 0x05, 0x06, 0x15, 0x04, 0x03, 0x09, 0x14, 0x04, 0x01, 0x0c,
    0x13, 0x04, 0x01, 0x0d, 0x12, 0x08, 0x05, 0x06, 0x11, 0x06, 0x08, 0x05, 0x11, 0x05, 0x0a, 0x04,
    0x11, 0x05, 0x0a, 0x04, 0x11, 0x04, 0x0b, 0x05, 0x10, 0x04, 0x0b, 0x05, 0x10, 0x04, 0x0b, 0x05,
    0x10, 0x04, 0x0b, 0x05, 0x10, 0x04, 0x0b, 0x05, 0x10, 0x04, 0x0b, 0x05, 0x10, 0x04, 0x0b, 0x05,
    0x10, 0x04, 0x0b, 0x05, 0x10, 0x04, 0x0b, 0x05, 0x10, 0x04, 0x0b, 0x05, 0x10, 0x04, 0x0b, 0x05,
    0x10, 0x04, 0x0b, 0x05, 0x10, 0x04, 0x0b, 0x05, 0x10, 0x04, 0x0b, 0x05, 0x10, 0x04, 0x0b, 0x05,
    0x10, 0x04, 0x0b, 0x05, 0x10, 0x04, 0x0b, 0x05, 0x10, 0x04, 0x0b, 0x05, 0x10, 0x04, 0x0b, 0x05,
    0xff, 0xff, 0xff, 0x0f, 0x04, 0x20, 0x04, 0x20, 0x04, 0x20, 0x04, 0x20, 0x04, 0xcd, 0x0b, 0x19,
    0x0b, 0x19, 0x0b, 0x19, 0x0b, 0x20, 0x04, 0x20, 0x04, 0x20, 0x04, 0x20, 0x04, 0x20, 0x04, 0x20,
    0x04, 0x20, 0x04, 0x20, 0x04, 0x20, 0x04, 0x20, 0x04, 0x20, 0x04, 0x20, 0x04, 0x20, 0x04, 0x20,
    0x04, 0x20, 0x04, 0x20, 0x04, 0x20, 0x04, 0x20, 0x04, 0x17, 0x16, 0x0e, 0x16, 0x0e, 0x16, 0x0e,
    0x16, 0xff, 0xff, 0xff, 0x0f, 0x04, 0x20, 0x04, 0x20, 0x04, 0x20, 0x04, 0x20, 0x04, 0xcd, 0x0b,
    0x19, 0x0b, 0x19, 0x0b, 0x19, 0x0b, 0x20, 0x04, 0x20, 0x04, 0x20, 0x04, 0x20, 0x04, 0x20, 0x04,
    0x20, 0x04, 0x20, 0x04, 0x20, 0x04, 0x20, 0x04, 0x20, 0x04, 0x20, 0x04, 0x20, 0x04, 0x20, 0x04,
    0x20, 0x04, 0x20, 0x04, 0x20, 0x04, 0x20, 0x04, 0x20, 0x04, 0x20, 0x04, 0x20, 0x04, 0x20, 0x04,
    0x20, 0x04, 0x20, 0x04, 0x20, 0x04, 0x20, 0x04, 0x20, 0x04, 0x1f, 0x05, 0x1e, 0x05, 0x17, 0x0d,
    0x17, 0x0c, 0x18, 0x0b, 0x19, 0x09, 0xff, 0xaa, 0x04, 0x20, 0x04, 0x20, 0x04, 0x20, 0x04, 0x20,
    0x04, 0x20, 0x04, 0x20, 0x04, 0x20, 0x04, 0x20, 0x04, 0x20, 0x04, 0x20, 0x04, 0x0b, 0x05, 0x10,
    0x04, 0x0a, 0x05, 0x11, 0x04, 0x09, 0x05, 0x12, 0x04, 0x08, 0x05, 0x13, 0x04, 0x07, 0x05, 0x14,
    0x04, 0x06, 0x05, 0x15, 0x04, 0x04, 0x06, 0x16, 0x04, 0x03, 0x06, 0x17, 0x04, 0x02, 0x06, 0x18,
    0x04, 0x01, 0x06, 0x19, 0x0b, 0x19, 0x0b, 0x19, 0x0c, 0x18, 0x06, 0x02, 0x05, 0x17, 0x05, 0x04,
    0x05, 0x16, 0x04, 0x05, 0x05, 0x16, 0x04, 0x06, 0x05, 0x15, 0x04, 0x07, 0x05, 0x14, 0x04, 0x07,
    0x06, 0x13, 0x04, 0x08, 0x05, 0x13, 0x04, 0x09, 0x05, 0x12, 0x04, 0x0a, 0x05, 0x11, 0x04, 0x0a,
    0x06, 0x10, 0x04, 0x0b, 0x05, 0x10, 0x04, 0x0c, 0x05, 0x0f, 0x04, 0x0d, 0x05, 0xff, 0xff, 0xff,
    0x03, 0x0b, 0x19, 0x0b, 0x19, 0x0b, 0x19, 0x0b, 0x20, 0x04, 0x20, 0x04, 0x20, 0x04, 0x20, 0x04,
    0x20, 0x04, 0x20, 0x04, 0x20, 0x04, 0x20, 0x04, 0x20, 0x04, 0x20, 0x04, 0x20, 0x04, 0x20, 0x04,
    0x20, 0x04, 0x20, 0x04, 0x20, 0x04, 0x20, 0x04, 0x20, 0x04, 0x20, 0x04, 0x20, 0x04, 0x20, 0x04,
    0x20, 0x04, 0x20, 0x04, 0x20, 0x04, 0x20, 0x04, 0x20, 0x04, 0x20, 0x04, 0x20, 0x05, 0x20, 0x05,
    0x1f, 0x0c, 0x19, 0x0b, 0x1a, 0x0a, 0x1c, 0x08, 0xff, 0xff, 0xff, 0xff, 0x51, 0x04, 0x06, 0x04,
    0x10, 0x03, 0x02, 0x07, 0x02, 0x08, 0x0e, 0x0c, 0x01, 0x09, 0x0e, 0x17, 0x0d, 0x05, 0x03, 0x07,
    0x03, 0x05, 0x0d, 0x04, 0x05, 0x05, 0x05, 0x04, 0x0d, 0x04, 0x05, 0x05, 0x05, 0x04, 0x0d, 0x04,
    0x05, 0x05, 0x05, 0x04, 0x0d, 0x04, 0x05, 0x05, 0x06, 0x04, 0x0c, 0x04, 0x06, 0x04, 0x06, 0x04,
    0x0c, 0x03, 0x07, 0x04, 0x06, 0x04, 0x0c, 0x03, 0x07, 0x04, 0x06, 0x04, 0x0c, 0x03, 0x07, 0x04,
    0x06, 0x04, 0x0c, 0x03, 0x07, 0x04, 0x06, 0x04, 0x0c, 0x03, 0x07, 0x04, 0x06, 0x04, 0x0c, 0x03,
    0x07, 0x04, 0x06, 0x04, 0x0c, 0x03, 0x07, 0x04, 0x06, 0x04, 0x0c, 0x03, 0x07, 0x04, 0x06, 0x04,
    0x0c, 0x03, 0x07, 0x04, 0x06, 0x04, 0x0c, 0x03, 0x07, 0x04, 0x06, 0x04, 0x0c, 0x03, 0x07, 0x04,
    0x06, 0x04, 0x0c, 0x03, 0x07, 0x04, 0x06, 0x04, 0x0c, 0x03, 0x07, 0x04, 0x06, 0x04, 0x0c, 0x03,
    0x07, 0x04, 0x06, 0x04, 0x0c, 0x03, 0x07, 0x04, 0x06, 0x04, 0x0c, 0x03, 0x07, 0x04, 0x06, 0x04,
    0x0c, 0x03, 0x07, 0x04, 0x06, 0x04, 0xff, 0xff, 0xff, 0xff, 0x53, 0x06, 0x15, 0x04, 0x03, 0x09,
    0x14, 0x04, 0x01, 0x0c, 0x13, 0x04, 0x01, 0x0d, 0x12, 0x08, 0x05, 0x06, 0x11, 0x06, 0x08, 0x05,
    0x11, 0x05, 0x0a, 0x04, 0x11, 0x05, 0x0a, 0x04, 0x11, 0x04, 0x0b, 0x05, 0x10, 0x04, 0x0b, 0x05,
    0x10, 0x04, 0x0b, 0x05, 0x10, 0x04, 0x0b, 0x05, 0x10, 0x04, 0x0b, 0x05, 0x10, 0x04, 0x0b, 0x05,
    0x10, 0x04, 0x0b, 0x05, 0x10, 0x04, 0x0b, 0x05, 0x10, 0x04, 0x0b, 0x05, 0x10, 0x04, 0x0b, 0x05,
    0x10, 0x04, 0x0b, 0x05, 0x10, 0x04, 0x0b, 0x05, 0x10, 0x04, 0x0b, 0x05, 0x10, 0x04, 0x0b, 0x05,
    0x10, 0x04, 0x0b, 0x05, 0x10, 0x04, 0x0b, 0x05, 0x10, 0x04, 0x0b, 0x05, 0x10, 0x04, 0x0b, 0x05,
    0x10, 0x04, 0x0b, 0x05, 0xff, 0xff, 0xff, 0xff, 0x52, 0x07, 0x1b, 0x0b, 0x17, 0x0f, 0x14, 0x11,
    0x13, 0x06, 0x05, 0x06, 0x12, 0x05, 0x09, 0x05, 0x10, 0x06, 0x09, 0x05, 0x10, 0x05, 0x0b, 0x05,
    0x0f, 0x05, 0x0b, 0x05, 0x0f, 0x04, 0x0d, 0x04, 0x0e, 0x05, 0x0d, 0x04, 0x0e, 0x05, 0x0d, 0x05,
    0x0d, 0x05, 0x0d, 0x05, 0x0d, 0x05, 0x0d, 0x05, 0x0d, 0x05, 0x0d, 0x05, 0x0d, 0x05, 0x0d, 0x05,
    0x0d, 0x05, 0x0d, 0x05, 0x0d, 0x05, 0x0d, 0x04, 0x0f, 0x04, 0x0d, 0x04, 0x0f, 0x05, 0x0b, 0x05,
    0x0f, 0x05, 0x0b, 0x05, 0x0f, 0x06, 0x09, 0x05, 0x11, 0x05, 0x09, 0x05, 0x12, 0x06, 0x05, 0x06,
    0x13, 0x11, 0x14, 0x0f, 0x17, 0x0b, 0x1b, 0x07, 0xff, 0xff, 0xff, 0xff, 0x37, 0x06, 0x15, 0x05,
    0x02, 0x0a, 0x13, 0x05, 0x01, 0x0c, 0x12, 0x13, 0x11, 0x09, 0x05, 0x06, 0x10, 0x07, 0x08, 0x05,
    0x10, 0x06, 0x0a, 0x05, 0x0f, 0x06, 0x0a, 0x05, 0x0f, 0x06, 0x0b, 0x04, 0x0f, 0x05, 0x0c, 0x05,
    0x0e, 0x05, 0x0c, 0x05, 0x0e, 0x05, 0x0c, 0x05, 0x0e, 0x05, 0x0c, 0x05, 0x0e, 0x05, 0x0c, 0x05,
    0x0e, 0x05, 0x0c, 0x05, 0x0e, 0x05, 0x0c, 0x05, 0x0e, 0x05, 0x0c, 0x05, 0x0e, 0x05, 0x0c, 0x05,
    0x0e, 0x05, 0x0c, 0x05, 0x0e, 0x06, 0x0b, 0x04, 0x0f, 0x06, 0x0a, 0x05, 0x0f, 0x06, 0x0a, 0x05,
    0x0f, 0x07, 0x08, 0x05, 0x10, 0x09, 0x05, 0x06, 0x10, 0x13, 0x11, 0x05, 0x01, 0x0c, 0x12, 0x05,
    0x02, 0x0a, 0x13, 0x05, 0x04, 0x06, 0x15, 0x05, 0x1f, 0x05, 0x1f, 0x05, 0x1f, 0x05, 0x1f, 0x05,
    0x1f, 0x05, 0x1f, 0x05, 0x1f, 0x05, 0x1f, 0x05, 0xff, 0xff, 0xf7, 0x06, 0x1c, 0x0a, 0x02, 0x05,
    0x12, 0x0c, 0x01, 0x05, 0x11, 0x13, 0x10, 0x07, 0x04, 0x09, 0x10, 0x05, 0x08, 0x07, 0x0f, 0x05,
    0x0a, 0x06, 0x0f, 0x05, 0x0a, 0x06, 0x0f, 0x05, 0x0b, 0x05, 0x0f, 0x04, 0x0c, 0x05, 0x0e, 0x05,
    0x0c, 0x05, 0x0e, 0x05, 0x0c, 0x05, 0x0e, 0x05, 0x0c, 0x05, 0x0e, 0x05, 0x0c, 0x05, 0x0e, 0x05,
    0x0c, 0x05, 0x0e, 0x05, 0x0c, 0x05, 0x0e, 0x05, 0x0c, 0x05, 0x0e, 0x05, 0x0c, 0x05, 0x0f, 0x04,
    0x0c, 0x05, 0x0f, 0x05, 0x0b, 0x05, 0x0f, 0x05, 0x0a, 0x06, 0x0f, 0x05, 0x0a, 0x06, 0x10, 0x05,
    0x08, 0x07, 0x10, 0x07, 0x04, 0x09, 0x11, 0x13, 0x12, 0x0c, 0x01, 0x05, 0x13, 0x0a, 0x02, 0x05,
    0x15, 0x06, 0x04, 0x05, 0x1f, 0x05, 0x1f, 0x05, 0x1f, 0x05, 0x1f, 0x05, 0x1f, 0x05, 0x1f, 0x05,
    0x1f, 0x05, 0x1f, 0x05, 0x1f, 0x05, 0xff, 0xff, 0xef, 0x06, 0x14, 0x05, 0x03, 0x0a, 0x12, 0x05,
    0x02, 0x0c, 0x11, 0x05, 0x01, 0x0d, 0x11, 0x0a, 0x06, 0x03, 0x11, 0x08, 0x0a, 0x01, 0x11, 0x07,
    0x1d, 0x06, 0x1e, 0x06, 0x1e, 0x05, 0x1f, 0x05, 0x1f, 0x05, 0x1f, 0x05, 0x1f, 0x05, 0x1f, 0x05,
    0x1f, 0x05, 0x1f, 0x05, 0x1f, 0x05, 0x1f, 0x05, 0x1f, 0x05, 0x1f, 0x05, 0x1f, 0x05, 0x1f, 0x05,
    0x1f, 0x05, 0x1f, 0x05, 0x1f, 0x05, 0x1f, 0x05, 0xff, 0xff, 0xff, 0xff, 0x5e, 0x08, 0x1a, 0x0d,
    0x15, 0x10, 0x13, 0x11, 0x13, 0x06, 0x07, 0x04, 0x12, 0x05, 0x0c, 0x01, 0x12, 0x05, 0x1f, 0x04,
    0x20, 0x05, 0x1f, 0x05, 0x1f, 0x06, 0x1f, 0x07, 0x1d, 0x0c, 0x19, 0x0e, 0x18, 0x0d, 0x1b, 0x0a,
    0x1e, 0x06, 0x20, 0x05, 0x1f, 0x05, 0x20, 0x04, 0x20, 0x04, 0x1f, 0x05, 0x11, 0x01, 0x0d, 0x05,
    0x11, 0x05, 0x07, 0x06, 0x12, 0x12, 0x12, 0x11, 0x14, 0x0e, 0x1a, 0x08, 0xff, 0xff, 0xff, 0x5b,
    0x04, 0x20, 0x04, 0x20, 0x04, 0x20, 0x04, 0x20, 0x04, 0x20, 0x04, 0x20, 0x04, 0x19, 0x15, 0x0f,
    0x15, 0x0f, 0x15, 0x0f, 0x15, 0x16, 0x04, 0x20, 0x04, 0x20, 0x04, 0x20, 0x04, 0x20, 0x04, 0x20,
    0x04, 0x20, 0x04, 0x20, 0x04, 0x20, 0x04, 0x20, 0x04, 0x20, 0x04, 0x20, 0x04, 0x20, 0x04, 0x20,
    0x04, 0x20, 0x04, 0x20, 0x05, 0x1f, 0x05, 0x20, 0x05, 0x1f, 0x0d, 0x18, 0x0c, 0x19, 0x0b, 0x1b,
    0x09, 0xff, 0xff, 0xff, 0xff, 0x71, 0x04, 0x0b, 0x05, 0x10, 0x04, 0x0b, 0x05, 0x10, 0x04, 0x0b,
    0x05, 0x10, 0x04, 0x0b, 0x05, 0x10, 0x04, 0x0b, 0x05, 0x10, 0x04, 0x0b, 0x05, 0x10, 0x04, 0x0b,
    0x05, 0x10, 0x04, 0x0b, 0x05, 0x10, 0x04, 0x0b, 0x05, 0x10, 0x04, 0x0b, 0x05, 0x10, 0x04, 0x0b,
    0x05, 0x10, 0x04, 0x0b, 0x05, 0x10, 0x04, 0x0b, 0x05, 0x10, 0x04, 0x0b, 0x05, 0x10, 0x04, 0x0b,
    0x05, 0x10, 0x04, 0x0b, 0x05, 0x10, 0x04, 0x0b, 0x05, 0x10, 0x04, 0x0b, 0x05, 0x10, 0x04, 0x0b,
    0x05, 0x10, 0x04, 0x0a, 0x06, 0x10, 0x05, 0x09, 0x06, 0x10, 0x05, 0x08, 0x07, 0x11, 0x06, 0x05,
    0x08, 0x11, 0x0d, 0x01, 0x05, 0x12, 0x0c, 0x01, 0x05, 0x13, 0x0a, 0x02, 0x05, 0x15, 0x06, 0xff,
    0xff, 0xff, 0xff, 0x53, 0x04, 0x0f, 0x04, 0x0d, 0x04, 0x0f, 0x04, 0x0d, 0x05, 0x0d, 0x05, 0x0e,
    0x04, 0x0d, 0x04, 0x0f, 0x04, 0x0c, 0x05, 0x0f, 0x05, 0x0b, 0x05, 0x10, 0x04, 0x0b, 0x04, 0x11,
    0x04, 0x0a, 0x05, 0x11, 0x05, 0x09, 0x05, 0x12, 0x04, 0x09, 0x04, 0x13, 0x04, 0x08, 0x05, 0x13,
    0x05, 0x07, 0x04, 0x15, 0x04, 0x07, 0x04, 0x15, 0x05, 0x05, 0x05, 0x16, 0x04, 0x05, 0x04, 0x17,
    0x04, 0x05, 0x04, 0x17, 0x05, 0x03, 0x05, 0x18, 0x04, 0x03, 0x04, 0x19, 0x04, 0x03, 0x04, 0x19,
    0x05, 0x01, 0x05, 0x1a, 0x04, 0x01, 0x04, 0x1b, 0x09, 0x1b, 0x08, 0x1d, 0x07, 0x1d, 0x07, 0x1d,
    0x06, 0xff, 0xff, 0xff, 0xff, 0x73, 0x04, 0x15, 0x04, 0x07, 0x05, 0x13, 0x05, 0x08, 0x04, 0x13,
    0x04, 0x09, 0x04, 0x13, 0x04, 0x09, 0x04, 0x13, 0x04, 0x09, 0x04, 0x12, 0x05, 0x0a, 0x04, 0x11,
    0x04, 0x0b, 0x04, 0x11, 0x04, 0x0b, 0x04, 0x06, 0x04, 0x07, 0x04, 0x0b, 0x04, 0x06, 0x05, 0x06,
    0x04, 0x0b, 0x05, 0x05, 0x05, 0x05, 0x04, 0x0d, 0x04, 0x05, 0x05, 0x05, 0x04, 0x0d, 0x04, 0x04,
    0x07, 0x04, 0x04, 0x0d, 0x04, 0x04, 0x03, 0x01, 0x03, 0x04, 0x04, 0x0d, 0x04, 0x04, 0x03, 0x01,
    0x03, 0x03, 0x04, 0x0f, 0x04, 0x02, 0x03, 0x02, 0x03, 0x03, 0x04, 0x0f, 0x04, 0x02, 0x03, 0x03,
    0x03, 0x02, 0x04, 0x0f, 0x04, 0x02, 0x03, 0x03, 0x03, 0x02, 0x04, 0x0f, 0x04, 0x02, 0x03, 0x03,
    0x03, 0x02, 0x04, 0x10, 0x03, 0x01, 0x03, 0x05, 0x07, 0x11, 0x07, 0x05, 0x07, 0x11, 0x07, 0x05,
    0x07, 0x11, 0x06, 0x07, 0x06, 0x12, 0x05, 0x07, 0x05, 0x13, 0x05, 0x07, 0x05, 0x13, 0x04, 0x08,
    0x05, 0xff, 0xff, 0xff, 0xff, 0x70, 0x05, 0x0d, 0x05, 0x0e, 0x05, 0x0b, 0x05, 0x10, 0x04, 0x0b,
    0x04, 0x11, 0x05, 0x09, 0x05, 0x12, 0x05, 0x07, 0x05, 0x14, 0x05, 0x05, 0x05, 0x16, 0x04, 0x05,
    0x04, 0x17, 0x05, 0x03, 0x05, 0x18, 0x05, 0x01, 0x05, 0x1a, 0x09, 0x1c, 0x07, 0x1d, 0x07, 0x1e,
    0x05, 0x1e, 0x07, 0x1d, 0x07, 0x1c, 0x09, 0x1a, 0x05, 0x01, 0x05, 0x18, 0x05, 0x03, 0x05, 0x16,
    0x05, 0x05, 0x04, 0x16, 0x05, 0x05, 0x05, 0x14, 0x05, 0x07, 0x05, 0x12, 0x05, 0x09, 0x05, 0x10,
    0x05, 0x0b, 0x04, 0x10, 0x05, 0x0b, 0x05, 0x0e, 0x05, 0x0d, 0x05, 0x0c, 0x05, 0x0f, 0x05, 0xff,
    0xff, 0xff, 0xff, 0x6c, 0x04, 0x0f, 0x05, 0x0c, 0x05, 0x0e, 0x04, 0x0d, 0x05, 0x0e, 0x04, 0x0e,
    0x04, 0x0d, 0x05, 0x0e, 0x05, 0x0c, 0x04, 0x10, 0x04, 0x0b, 0x05, 0x10, 0x05, 0x0a, 0x04, 0x11,
    0x05, 0x0a, 0x04, 0x12, 0x04, 0x09, 0x05, 0x12, 0x05, 0x08, 0x04, 0x14, 0x04, 0x07, 0x05, 0x14,
    0x04, 0x07, 0x04, 0x15, 0x05, 0x06, 0x04, 0x16, 0x04, 0x05, 0x05, 0x16, 0x05, 0x04, 0x04, 0x18,
    0x04, 0x04, 0x04, 0x18, 0x04, 0x03, 0x04, 0x19, 0x05, 0x02, 0x04, 0x1a, 0x04, 0x01, 0x05, 0x1a,
    0x04, 0x01, 0x04, 0x1c, 0x08, 0x1c, 0x08, 0x1c, 0x07, 0x1e, 0x06, 0x1e, 0x05, 0x1f, 0x05, 0x1f,
    0x05, 0x1f, 0x04, 0x1f, 0x05, 0x1f, 0x05, 0x1e, 0x05, 0x1e, 0x06, 0x19, 0x0a, 0x1a, 0x09, 0x1b,
    0x08, 0x1c, 0x06, 0xff, 0xff, 0xff, 0x16, 0x13, 0x11, 0x13, 0x11, 0x13, 0x11, 0x13, 0x1f, 0x05,
    0x1f, 0x04, 0x1f, 0x04, 0x1f, 0x04, 0x1f, 0x04, 0x1f, 0x05, 0x1e, 0x05, 0x1f, 0x04, 0x1f, 0x04,
    0x1f, 0x04, 0x1f, 0x05, 0x1e, 0x05, 0x1e, 0x05, 0x1f, 0x04, 0x1f, 0x04, 0x1f, 0x04, 0x1f, 0x05,
    0x1e, 0x05, 0x1f, 0x13, 0x11, 0x13, 0x11, 0x13, 0x11, 0x13, 0xff, 0xff, 0xff, 0x14, 0x07, 0x1b,
    0x09, 0x1a, 0x0a, 0x19, 0x0b, 0x19, 0x06, 0x1e, 0x04, 0x20, 0x04, 0x1f, 0x05, 0x1f, 0x05, 0x1f,
    0x05, 0x1f, 0x05, 0x1f, 0x05, 0x1f, 0x05, 0x1f, 0x05, 0x1f, 0x05, 0x1f, 0x05, 0x1f, 0x05, 0x1f,
    0x05, 0x1e, 0x05, 0x1e, 0x06, 0x19, 0x0a, 0x1a, 0x09, 0x1b, 0x08, 0x1c, 0x0a, 0x1f, 0x06, 0x1f,
    0x05, 0x20, 0x05, 0x1f, 0x05, 0x1f, 0x05, 0x1f, 0x05, 0x1f, 0x05, 0x1f, 0x05, 0x1f, 0x05, 0x1f,
    0x05, 0x1f, 0x05, 0x1f, 0x05, 0x1f, 0x05, 0x20, 0x04, 0x20, 0x04, 0x20, 0x06, 0x1e, 0x0b, 0x1a,
    0x0a, 0x1b, 0x09, 0x1d, 0x07, 0xff, 0xed, 0x04, 0x20, 0x04, 0x20, 0x04, 0x20, 0x04, 0x20, 0x04,
    0x20, 0x04, 0x20, 0x04, 0x20, 0x04, 0x20, 0x04, 0x20, 0x04, 0x20, 0x04, 0x20, 0x04, 0x20, 0x04,
    0x20, 0x04, 0x20, 0x04, 0x20, 0x04, 0x20, 0x04, 0x20, 0x04, 0x20, 0x04, 0x20, 0x04, 0x20, 0x04,
    0x20, 0x04, 0x20, 0x04, 0x20, 0x04, 0x20, 0x04, 0x20, 0x04, 0x20, 0x04, 0x20, 0x04, 0x20, 0x04,
    0x20, 0x04, 0x20, 0x04, 0x20, 0x04, 0x20, 0x04, 0x20, 0x04, 0x20, 0x04, 0x20, 0x04, 0x20, 0x04,
    0x20, 0x04, 0x20, 0x04, 0x20, 0x04, 0x20, 0x04, 0x20, 0x04, 0x20, 0x04, 0x20, 0x04, 0x20, 0x04,
    0x20, 0x04, 0x20, 0x04, 0x20, 0x04, 0xff, 0x5e, 0x07, 0x1d, 0x09, 0x1b, 0x0a, 0x1a, 0x0b, 0x1e,
    0x06, 0x1f, 0x05, 0x20, 0x04, 0x20, 0x04, 0x20, 0x04, 0x20, 0x04, 0x20, 0x04, 0x20, 0x04, 0x20,
    0x04, 0x20, 0x04, 0x20, 0x04, 0x20, 0x04, 0x20, 0x05, 0x1f, 0x05, 0x20, 0x04, 0x20, 0x06, 0x1f,
    0x0a, 0x1b, 0x09, 0x1b, 0x09, 0x1a, 0x0a, 0x19, 0x06, 0x1e, 0x05, 0x1e, 0x05, 0x1f, 0x05, 0x1f,
    0x04, 0x20, 0x04, 0x20, 0x04, 0x20, 0x04, 0x20, 0x04, 0x20, 0x04, 0x20, 0x04, 0x20, 0x04, 0x20,
    0x04, 0x20, 0x04, 0x1f, 0x05, 0x1e, 0x06, 0x19, 0x0b, 0x19, 0x0a, 0x1a, 0x09, 0x1b, 0x07, 0xff,
    0xff, 0xff, 0xff, 0x7e, 0x06, 0x0e, 0x01, 0x0d, 0x0b, 0x0a, 0x02, 0x0b, 0x0f, 0x06, 0x04, 0x0b,
    0x19, 0x0b, 0x04, 0x06, 0x0e, 0x0c, 0x02, 0x0b, 0x0a, 0x0d, 0x01, 0x0e, 0x06, 0xff, 0xff, 0xff,
    0xbb, 0x1e, 0x06, 0x1e, 0x06, 0x1e, 0x06, 0x03, 0x18, 0x03, 0x06, 0x03, 0x18, 0x03, 0x06, 0x03,
    0x18, 0x03, 0x06, 0x03, 0x18, 0x03, 0x06, 0x03, 0x18, 0x03, 0x06, 0x03, 0x18, 0x03, 0x06, 0x03,
    0x18, 0x03, 0x06, 0x03, 0x18, 0x03, 0x06, 0x03, 0x18, 0x03, 0x06, 0x03, 0x18, 0x03, 0x06, 0x03,
    0x18, 0x03, 0x06, 0x03, 0x18, 0x03, 0x06, 0x03, 0x18, 0x03, 0x06, 0x03, 0x18, 0x03, 0x06, 0x03,
    0x18, 0x03, 0x06, 0x03, 0x18, 0x03, 0x06, 0x03, 0x18, 0x03, 0x06, 0x03, 0x18, 0x03, 0x06, 0x03,
    0x18, 0x03, 0x06, 0x03, 0x18, 0x03, 0x06, 0x03, 0x18, 0x03, 0x06, 0x03, 0x18, 0x03, 0x06, 0x03,
    0x18, 0x03, 0x06, 0x03, 0x18, 0x03, 0x06, 0x03, 0x18, 0x03, 0x06, 0x03, 0x18, 0x03, 0x06, 0x03,
    0x18, 0x03, 0x06, 0x03, 0x18, 0x03, 0x06, 0x03, 0x18, 0x03, 0x06, 0x03, 0x18, 0x03, 0x06, 0x03,
    0x18, 0x03, 0x06, 0x03, 0x18, 0x03, 0x06, 0x03, 0x18, 0x03, 0x06, 0x03, 0x18, 0x03, 0x06, 0x03,
    0x18, 0x03, 0x06, 0x03, 0x18, 0x03, 0x06, 0x03, 0x18, 0x03, 0x06, 0x03, 0x18, 0x03, 0x06, 0x03,
    0x18, 0x03, 0x06, 0x03, 0x18, 0x03, 0x06, 0x03, 0x18, 0x03, 0x06, 0x03, 0x18, 0x03, 0x06, 0x03,
    0x18, 0x03, 0x06, 0x03, 0x18, 0x03, 0x06, 0x03, 0x18, 0x03, 0x06, 0x1e, 0x06, 0x1e, 0x06, 0x1e,
    0x6f, 0x24, 0x39, 0x0c, 0x13, 0x20, 0x00, 0x60, 0x00, 0x01, 0x01, 0x5f, 0x22, 0x00, 0x00, 0xff,
    0xff, 0xff, 0xff, 0xff, 0xff, 0xff, 0xff, 0xff, 0x80, 0x07, 0x1d, 0x07, 0x1d, 0x07, 0x1d, 0x07,
    0x1d, 0x07, 0x1d, 0x07, 0x1d, 0x07, 0x1d, 0x07, 0x1d, 0x07, 0x1d, 0x07, 0x1d, 0x07, 0x1d, 0x07,
    0x1d, 0x07, 0x1d, 0x07, 0x1d, 0x07, 0x1d, 0x07, 0x1d, 0x06, 0x1f, 0x05, 0x1f, 0x05, 0x1f, 0x05,
    0x1f, 0x05, 0x1f, 0x05, 0x1f, 0x05, 0xd2, 0x07, 0x1d, 0x07, 0x1d, 0x07, 0x1d, 0x07, 0x1d, 0x07,
    0x1d, 0x07, 0x1d, 0x07, 0xff, 0xff, 0xff, 0x32, 0x06, 0x06, 0x06, 0x12, 0x06, 0x06, 0x06, 0x12,
    0x06, 0x06, 0x06, 0x12, 0x06, 0x06, 0x06, 0x12, 0x06, 0x06, 0x06, 0x12, 0x06, 0x06, 0x06, 0x12,
    0x06, 0x06, 0x06, 0x12, 0x06, 0x06, 0x06, 0x12, 0x06, 0x06, 0x06, 0x12, 0x06, 0x06, 0x06, 0x12,
    0x06, 0x06, 0x06, 0x12, 0x06, 0x06, 0x06, 0x12, 0x06, 0x06, 0x06, 0xff, 0xff, 0xff, 0xff, 0xff,
    0xff, 0x4e, 0x05, 0x05, 0x05, 0x15, 0x05, 0x05, 0x05, 0x15, 0x05, 0x05, 0x05, 0x15, 0x05, 0x04,
    0x06, 0x14, 0x05, 0x05, 0x05, 0x15, 0x05, 0x05, 0x05, 0x15, 0x05, 0x05, 0x05, 0x15, 0x05, 0x04,
    0x06, 0x14, 0x05, 0x05, 0x05, 0x0f, 0x1a, 0x0a, 0x1a, 0x0a, 0x1a, 0x0a, 0x1a, 0x0a, 0x1a, 0x0f,
    0x05, 0x05, 0x05, 0x15, 0x05, 0x04, 0x06, 0x14, 0x05, 0x05, 0x05, 0x15, 0x05, 0x05, 0x05, 0x15,
    0x05, 0x05, 0x05, 0x15, 0x05, 0x04, 0x06, 0x14, 0x05, 0x05, 0x05, 0x0f, 0x1a, 0x0a, 0x1a, 0x0a,
    0x1a, 0x0a, 0x1a, 0x0a, 0x1a, 0x0f, 0x05, 0x05, 0x05, 0x15, 0x05, 0x05, 0x05, 0x14, 0x05, 0x05,
    0x05, 0x15, 0x05, 0x05, 0x05, 0x15, 0x05, 0x05, 0x05, 0x15, 0x05, 0x05, 0x05, 0x14, 0x05, 0x05,
    0x05, 0x15, 0x05, 0x05, 0x05, 0x15, 0x05, 0x05, 0x05, 0xff, 0xff, 0xf1, 0x03, 0x21, 0x03, 0x21,
    0x03, 0x21, 0x03, 0x21, 0x03, 0x21, 0x03, 0x1e, 0x0b, 0x17, 0x0f, 0x13, 0x11, 0x13, 0x11, 0x12,
    0x12, 0x11, 0x13, 0x11, 0x07, 0x02, 0x03, 0x05, 0x02, 0x11, 0x06, 0x03, 0x03, 0x18, 0x06, 0x03,
    0x03, 0x18, 0x06, 0x03, 0x03, 0x18, 0x07, 0x02, 0x03, 0x18, 0x0c, 0x19, 0x0c, 0x18, 0x0f, 0x16,
    0x10, 0x15, 0x10, 0x15, 0x10, 0x17, 0x0e, 0x18, 0x0c, 0x18, 0x03, 0x02, 0x07, 0x18, 0x03, 0x03,
    0x06, 0x18, 0x03, 0x03, 0x07, 0x17, 0x03, 0x03, 0x07, 0x0e, 0x01, 0x08, 0x03, 0x03, 0x06, 0x0f,
    0x05, 0x04, 0x03, 0x02, 0x07, 0x0f, 0x15, 0x0f, 0x14, 0x10, 0x14, 0x10, 0x13, 0x12, 0x10, 0x18,
    0x0a, 0x1e, 0x03, 0x21, 0x03, 0x21, 0x03, 0x21, 0x03, 0x21, 0x03, 0x21, 0x03, 0x21, 0x03, 0xff,
    0xff, 0x5c, 0x05, 0x1d, 0x09, 0x1a, 0x0b, 0x18, 0x0d, 0x16, 0x06, 0x03, 0x05, 0x16, 0x05, 0x05,
    0x04, 0x16, 0x04, 0x06, 0x05, 0x15, 0x04, 0x06, 0x05, 0x15, 0x04, 0x06, 0x05, 0x15, 0x05, 0x05,
    0x04, 0x16, 0x06, 0x03, 0x05, 0x17, 0x0d, 0x0a, 0x02, 0x0c, 0x0b, 0x08, 0x05, 0x0d, 0x09, 0x07,
    0x06, 0x10, 0x05, 0x06, 0x07, 0x1b, 0x06, 0x1c, 0x06, 0x1b, 0x06, 0x1c, 0x06, 0x1b, 0x06, 0x07,
    0x06, 0x0f, 0x06, 0x08, 0x09, 0x0c, 0x04, 0x0a, 0x0b, 0x0c, 0x01, 0x0b, 0x0c, 0x17, 0x05, 0x04,
    0x05, 0x16, 0x04, 0x06, 0x04, 0x16, 0x04, 0x06, 0x04, 0x16, 0x04, 0x06, 0x05, 0x15, 0x04, 0x06,
    0x04, 0x16, 0x04, 0x06, 0x04, 0x16, 0x05, 0x04, 0x05, 0x17, 0x0c, 0x18, 0x0c, 0x1a, 0x09, 0x1c,
    0x06, 0xff, 0xff, 0xff, 0x0e, 0x08, 0x1a, 0x0d, 0x15, 0x0f, 0x14, 0x10, 0x14, 0x10, 0x14, 0x10,
    0x13, 0x08, 0x07, 0x02, 0x13, 0x07, 0x1d, 0x07, 0x1d, 0x07, 0x1d, 0x07, 0x1e, 0x07, 0x1d, 0x07,
    0x1e, 0x07, 0x1d, 0x08, 0x1b, 0x09, 0x1a, 0x0b, 0x18, 0x0d, 0x16, 0x0e, 0x16, 0x0f, 0x05, 0x05,
    0x0a, 0x07, 0x02, 0x08, 0x04, 0x05, 0x0a, 0x06, 0x04, 0x07, 0x04, 0x05, 0x09, 0x07, 0x05, 0x07,
    0x03, 0x05, 0x09, 0x06, 0x06, 0x08, 0x02, 0x05, 0x09, 0x06, 0x07, 0x07, 0x02, 0x05, 0x09, 0x06,
    0x08, 0x0d, 0x09, 0x06, 0x08, 0x0c, 0x0a, 0x07, 0x08, 0x0b, 0x0a, 0x08, 0x08, 0x09, 0x0b, 0x08,
    0x08, 0x09, 0x0c, 0x09, 0x05, 0x09, 0x0d, 0x18, 0x0d, 0x18, 0x0d, 0x17, 0x0e, 0x17, 0x0e, 0x0c,
    0x03, 0x08, 0x10, 0x07, 0xff, 0xff, 0xff, 0x16, 0x06, 0x1e, 0x06, 0x1e, 0x06, 0x1e, 0x06, 0x1e,
    0x06, 0x1e, 0x06, 0x1e, 0x06, 0x1e, 0x06, 0x1e, 0x06, 0x1e, 0x06, 0x1e, 0x06, 0x1e, 0x06, 0x1e,
    0x06, 0xff, 0xff, 0xff, 0xff, 0xff, 0xff, 0x35, 0x05, 0x1e, 0x06, 0x1e, 0x05, 0x1e, 0x06, 0x1e,
    0x05, 0x1e, 0x06, 0x1e, 0x06, 0x1d, 0x06, 0x1e, 0x06, 0x1d, 0x07, 0x1d, 0x06, 0x1e, 0x06, 0x1d,
    0x07, 0x1d, 0x06, 0x1e, 0x06, 0x1e, 0x06, 0x1d, 0x07, 0x1d, 0x07, 0x1d, 0x07, 0x1d, 0x07, 0x1d,
    0x07, 0x1d, 0x07, 0x1d, 0x07, 0x1d, 0x07, 0x1d, 0x07, 0x1d, 0x07, 0x1d, 0x07, 0x1e, 0x06, 0x1e,
    0x06, 0x1e, 0x06, 0x1e, 0x07, 0x1e, 0x06, 0x1e, 0x06, 0x1e, 0x07, 0x1e, 0x06, 0x1e, 0x06, 0x1f,
    0x06, 0x1e, 0x06, 0x1f, 0x05, 0x1f, 0x06, 0x1f, 0x05, 0x1f, 0x06, 0x1f, 0x05, 0xff, 0xff, 0x11,
    0x05, 0x1f, 0x06, 0x1f, 0x05, 0x1f, 0x06, 0x1e, 0x06, 0x1f, 0x06, 0x1e, 0x06, 0x1f, 0x06, 0x1e,
    0x06, 0x1e, 0x07, 0x1e, 0x06, 0x1e, 0x06, 0x1e, 0x07, 0x1d, 0x07, 0x1e, 0x06, 0x1e, 0x06, 0x1e,
    0x07, 0x1d, 0x07, 0x1d, 0x07, 0x1d, 0x07, 0x1d, 0x07, 0x1d, 0x07, 0x1d, 0x07, 0x1d, 0x07, 0x1d,
    0x07, 0x1d, 0x07, 0x1d, 0x07, 0x1d, 0x06, 0x1e, 0x06, 0x1d, 0x07, 0x1d, 0x07, 0x1d, 0x06, 0x1e,
    0x06, 0x1d, 0x07, 0x1d, 0x06, 0x1e, 0x06, 0x1d, 0x06, 0x1e, 0x06, 0x1d, 0x06, 0x1e, 0x06, 0x1e,
    0x05, 0x1e, 0x06, 0x1e, 0x05, 0xff, 0xff, 0x1d, 0x04, 0x20, 0x04, 0x20, 0x04, 0x20, 0x04, 0x18,
    0x02, 0x06, 0x04, 0x07, 0x01, 0x10, 0x03, 0x05, 0x04, 0x05, 0x04, 0x0e, 0x06, 0x03, 0x04, 0x03,
    0x07, 0x0e, 0x07, 0x01, 0x04, 0x01, 0x08, 0x11, 0x11, 0x15, 0x0d, 0x19, 0x09, 0x1b, 0x09, 0x19,
    0x0d, 0x15, 0x11, 0x11, 0x07, 0x01, 0x04, 0x02, 0x07, 0x0e, 0x06, 0x03, 0x04, 0x03, 0x07, 0x0e,
    0x03, 0x05, 0x04, 0x05, 0x04, 0x0f, 0x02, 0x06, 0x04, 0x07, 0x01, 0x18, 0x04, 0x20, 0x04, 0x20,
    0x04, 0x20, 0x04, 0xff, 0xff, 0xff, 0xff, 0xff, 0xff, 0x32, 0x05, 0x1f, 0x05, 0x1f, 0x05, 0x1f,
    0x05, 0x1f, 0x05, 0x1f, 0x05, 0x1f, 0x05, 0x1f, 0x05, 0x1f, 0x05, 0x1f, 0x05, 0x15, 0x19, 0x0b,
    0x19, 0x0b, 0x19, 0x0b, 0x19, 0x0b, 0x19, 0x0b, 0x19, 0x15, 0x05, 0x1f, 0x05, 0x1f, 0x05, 0x1f,
    0x05, 0x1f, 0x05, 0x1f, 0x05, 0x1f, 0x05, 0x1f, 0x05, 0x1f, 0x05, 0x1f, 0x05, 0xff, 0xff, 0xff,
    0xff, 0xff, 0xff, 0xff, 0x2d, 0x07, 0x1d, 0x07, 0x1d, 0x07, 0x1d, 0x07, 0x1d, 0x07, 0x1d, 0x07,
    0x1d, 0x07, 0x1c, 0x07, 0x1d, 0x07, 0x1d, 0x06, 0x1e, 0x06, 0x1d, 0x06, 0x1e, 0x06, 0x1e, 0x05,
    0x1f, 0x05, 0xff, 0xff, 0xff, 0xff, 0xe9, 0x0f, 0x15, 0x0f, 0x15, 0x0f, 0x15, 0x0f, 0x15, 0x0f,
    0x15, 0x0f, 0x15, 0x0f, 0xff, 0xff, 0xff, 0xff, 0xff, 0xff, 0xff, 0xff, 0x49, 0x07, 0x1d, 0x07,
    0x1d, 0x07, 0x1d, 0x07, 0x1d, 0x07, 0x1d, 0x07, 0x1d, 0x07, 0x1d, 0x07, 0x1d, 0x07, 0xff, 0xff,
    0xff, 0x42, 0x05, 0x1e, 0x06, 0x1e, 0x05, 0x1e, 0x06, 0x1e, 0x05, 0x1e, 0x06, 0x1e, 0x05, 0x1f,
    0x05, 0x1e, 0x05, 0x1f, 0x05, 0x1e, 0x05, 0x1f, 0x05, 0x1e, 0x05, 0x1f, 0x05, 0x1e, 0x05, 0x1f,
    0x05, 0x1e, 0x05, 0x1f, 0x05, 0x1e, 0x06, 0x1e, 0x05, 0x1e, 0x06, 0x1e, 0x05, 0x1e, 0x06, 0x1e,
    0x05, 0x1f, 0x05, 0x1e, 0x05, 0x1f, 0x05, 0x1e, 0x05, 0x1f, 0x05, 0x1e, 0x05, 0x1f, 0x05, 0x1e,
    0x05, 0x1f, 0x05, 0x1e, 0x05, 0x1f, 0x05, 0x1e, 0x05, 0x1f, 0x05, 0x1e, 0x06, 0x1e, 0x05, 0xff,
    0xff, 0x8d, 0x07, 0x1b, 0x0b, 0x18, 0x0d, 0x16, 0x0f, 0x14, 0x11, 0x12, 0x13, 0x11, 0x08, 0x03,
    0x08, 0x10, 0x08, 0x05, 0x07, 0x10, 0x07, 0x07, 0x07, 0x0f, 0x07, 0x07, 0x07, 0x0f, 0x07, 0x07,
    0x07, 0x0e, 0x07, 0x09, 0x06, 0x0e, 0x07, 0x09, 0x07, 0x0d, 0x07, 0x09, 0x07, 0x0d, 0x07, 0x09,
    0x07, 0x0d, 0x07, 0x09, 0x07, 0x0d, 0x07, 0x03, 0x03, 0x03, 0x07, 0x0d, 0x07, 0x02, 0x05, 0x02,
    0x07, 0x0d, 0x07, 0x02, 0x05, 0x02, 0x07, 0x0d, 0x07, 0x02, 0x05, 0x02, 0x07, 0x0d, 0x07, 0x02,
    0x05, 0x02, 0x07, 0x0d, 0x07, 0x03, 0x03, 0x03, 0x07, 0x0d, 0x07, 0x09, 0x07, 0x0d, 0x07, 0x09,
    0x07, 0x0d, 0x07, 0x09, 0x07, 0x0d, 0x07, 0x09, 0x06, 0x0f, 0x07, 0x07, 0x07, 0x0f, 0x07, 0x07,
    0x07, 0x0f, 0x07, 0x07, 0x07, 0x0f, 0x08, 0x05, 0x07, 0x11, 0x08, 0x03, 0x08, 0x11, 0x13, 0x12,
    0x11, 0x14, 0x0f, 0x16, 0x0d, 0x18, 0x0b, 0x1b, 0x07, 0xff, 0xff, 0xff, 0x13, 0x09, 0x18, 0x0c,
    0x16, 0x0e, 0x16, 0x0e, 0x16, 0x0e, 0x16, 0x0e, 0x16, 0x05, 0x02, 0x07, 0x16, 0x02, 0x05, 0x07,
    0x1d, 0x07, 0x1d, 0x07, 0x1d, 0x07, 0x1d, 0x07, 0x1d, 0x07, 0x1d, 0x07, 0x1d, 0x07, 0x1d, 0x07,
    0x1d, 0x07, 0x1d, 0x07, 0x1d, 0x07, 0x1d, 0x07, 0x1d, 0x07, 0x1d, 0x07, 0x1d, 0x07, 0x1d, 0x07,
    0x1d, 0x07, 0x1d, 0x07, 0x1d, 0x07, 0x1d, 0x07, 0x1d, 0x07, 0x15, 0x17, 0x0d, 0x17, 0x0d, 0x17,
    0x0d, 0x17, 0x0d, 0x17, 0x0d, 0x17, 0xff, 0xff, 0xff, 0x08, 0x09, 0x18, 0x0f, 0x13, 0x12, 0x12,
    0x14, 0x10, 0x14, 0x10, 0x15, 0x0f, 0x05, 0x07, 0x09, 0x10, 0x01, 0x0c, 0x08, 0x1c, 0x08, 0x1d,
    0x07, 0x1d, 0x07, 0x1d, 0x07, 0x1d, 0x07, 0x1c, 0x07, 0x1d, 0x07, 0x1c, 0x07, 0x1c, 0x08, 0x1c,
    0x07, 0x1c, 0x07, 0x1c, 0x07, 0x1c, 0x07, 0x1c, 0x07, 0x1c, 0x08, 0x1b, 0x08, 0x1b, 0x08, 0x1b,
    0x08, 0x1b, 0x08, 0x1b, 0x08, 0x1b, 0x08, 0x1b, 0x08, 0x1c, 0x16, 0x0e, 0x16, 0x0e, 0x16, 0x0e,
    0x16, 0x0e, 0x16, 0x0e, 0x16, 0xff, 0xff, 0xff, 0x0b, 0x09, 0x17, 0x0f, 0x14, 0x12, 0x12, 0x13,
    0x11, 0x14, 0x10, 0x14, 0x10, 0x05, 0x07, 0x09, 0x0f, 0x01, 0x0c, 0x08, 0x1d, 0x07, 0x1d, 0x07,
    0x1d, 0x07, 0x1d, 0x07, 0x1c, 0x07, 0x1c, 0x08, 0x15, 0x0e, 0x16, 0x0d, 0x17, 0x0a, 0x1a, 0x0b,
    0x19, 0x0d, 0x17, 0x0e, 0x1d, 0x08, 0x1d, 0x08, 0x1d, 0x07, 0x1e, 0x06, 0x1e, 0x07, 0x1d, 0x07,
    0x1d, 0x07, 0x1d, 0x07, 0x1c, 0x08, 0x0d, 0x01, 0x0e, 0x07, 0x0e, 0x05, 0x08, 0x09, 0x0e, 0x16,
    0x0e, 0x15, 0x0f, 0x14, 0x10, 0x13, 0x12, 0x11, 0x17, 0x0a, 0xff, 0xff, 0xff, 0x18, 0x08, 0x1c,
    0x08, 0x1b, 0x09, 0x1a, 0x0a, 0x1a, 0x0a, 0x19, 0x0b, 0x19, 0x0b, 0x18, 0x0c, 0x17, 0x0d, 0x17,
    0x05, 0x01, 0x07, 0x16, 0x06, 0x01, 0x07, 0x15, 0x06, 0x02, 0x07, 0x15, 0x05, 0x03, 0x07, 0x14,
    0x06, 0x03, 0x07, 0x14, 0x05, 0x04, 0x07, 0x13, 0x05, 0x05, 0x07, 0x12, 0x06, 0x05, 0x07, 0x12,
    0x05, 0x06, 0x07, 0x11, 0x06, 0x06, 0x07, 0x10, 0x06, 0x07, 0x07, 0x10, 0x05, 0x08, 0x07, 0x0f,
    0x06, 0x08, 0x07, 0x0f, 0x19, 0x0b, 0x19, 0x0b, 0x19, 0x0b, 0x19, 0x0b, 0x19, 0x0b, 0x19, 0x19,
    0x07, 0x1d, 0x07, 0x1d, 0x07, 0x1d, 0x07, 0x1d, 0x07, 0x1d, 0x07, 0x1d, 0x07, 0xff, 0xff, 0xff,
    0x2d, 0x13, 0x11, 0x13, 0x11, 0x13, 0x11, 0x13, 0x11, 0x13, 0x11, 0x13, 0x11, 0x05, 0x1f, 0x05,
    0x1f, 0x05, 0x1f, 0x05, 0x1f, 0x05, 0x1f, 0x05, 0x1f, 0x0c, 0x18, 0x0f, 0x15, 0x10, 0x14, 0x12,
    0x12, 0x12, 0x12, 0x13, 0x11, 0x03, 0x07, 0x0a, 0x10, 0x01, 0x0b, 0x08, 0x1d, 0x07, 0x1d, 0x07,
    0x1e, 0x07, 0x1d, 0x07, 0x1d, 0x07, 0x1d, 0x07, 0x1c, 0x07, 0x1d, 0x07, 0x0e, 0x01, 0x0d, 0x08,
    0x0e, 0x04, 0x08, 0x09, 0x0f, 0x15, 0x0f, 0x14, 0x10, 0x13, 0x11, 0x12, 0x14, 0x0f, 0x18, 0x09,
    0xff, 0xff, 0xf2, 0x09, 0x18, 0x0e, 0x15, 0x0f, 0x14, 0x10, 0x13, 0x11, 0x12, 0x12, 0x11, 0x0a,
    0x07, 0x02, 0x11, 0x08, 0x1c, 0x07, 0x1c, 0x07, 0x1d, 0x07, 0x1d, 0x06, 0x1e, 0x06, 0x1d, 0x07,
    0x03, 0x07, 0x13, 0x07, 0x01, 0x0b, 0x11, 0x14, 0x10, 0x15, 0x0f, 0x16, 0x0e, 0x16, 0x0e, 0x0a,
    0x04, 0x09, 0x0d, 0x09, 0x06, 0x08, 0x0d, 0x08, 0x08, 0x07, 0x0d, 0x08, 0x08, 0x07, 0x0d, 0x08,
    0x09, 0x06, 0x0d, 0x07, 0x0a, 0x06, 0x0e, 0x06, 0x0a, 0x06, 0x0e, 0x07, 0x09, 0x06, 0x0e, 0x07,
    0x08, 0x07, 0x0e, 0x07, 0x08, 0x07, 0x0f, 0x07, 0x06, 0x08, 0x0f, 0x08, 0x04, 0x08, 0x10, 0x14,
    0x11, 0x12, 0x13, 0x11, 0x14, 0x0f, 0x16, 0x0c, 0x1a, 0x08, 0xff, 0xff, 0xff, 0x0b, 0x16, 0x0e,
    0x16, 0x0e, 0x16, 0x0e, 0x16, 0x0e, 0x16, 0x0e, 0x16, 0x1d, 0x07, 0x1c, 0x07, 0x1d, 0x07, 0x1c,
    0x07, 0x1d, 0x07, 0x1d, 0x07, 0x1c, 0x07, 0x1d, 0x07, 0x1c, 0x08, 0x1c, 0x07, 0x1d, 0x07, 0x1c,
    0x07, 0x1d, 0x07, 0x1c, 0x08, 0x1c, 0x07, 0x1d, 0x07, 0x1c, 0x07, 0x1d, 0x07, 0x1c, 0x08, 0x1c,
    0x07, 0x1d, 0x07, 0x1c, 0x07, 0x1d, 0x07, 0x1d, 0x07, 0x1c, 0x07, 0x1d, 0x07, 0x1c, 0x07, 0x1d,
    0x07, 0x1d, 0x07, 0xff, 0xff, 0xff, 0x18, 0x07, 0x1a, 0x0d, 0x16, 0x0f, 0x14, 0x11, 0x12, 0x13,
    0x11, 0x13, 0x10, 0x08, 0x05, 0x08, 0x0f, 0x07, 0x07, 0x07, 0x0f, 0x06, 0x09, 0x06, 0x0f, 0x06,
    0x09, 0x06, 0x0f, 0x06, 0x09, 0x06, 0x0f, 0x06, 0x09, 0x06, 0x0f, 0x06, 0x08, 0x07, 0x10, 0x06,
    0x07, 0x06, 0x11, 0x07, 0x05, 0x07, 0x12, 0x11, 0x14, 0x0f, 0x17, 0x0b, 0x18, 0x0d, 0x15, 0x11,
    0x12, 0x13, 0x10, 0x08, 0x05, 0x08, 0x0f, 0x07, 0x07, 0x07, 0x0e, 0x07, 0x09, 0x06, 0x0e, 0x06,
    0x0a, 0x07, 0x0d, 0x06, 0x0b, 0x06, 0x0d, 0x06, 0x0b, 0x06, 0x0d, 0x06, 0x0a, 0x07, 0x0d, 0x07,
    0x09, 0x07, 0x0d, 0x08, 0x07, 0x08, 0x0e, 0x08, 0x05, 0x08, 0x0f, 0x15, 0x10, 0x13, 0x11, 0x13,
    0x12, 0x11, 0x15, 0x0d, 0x19, 0x09, 0xff, 0xff, 0xed, 0x07, 0x1b, 0x0c, 0x16, 0x0f, 0x14, 0x11,
    0x13, 0x12, 0x11, 0x14, 0x10, 0x08, 0x04, 0x08, 0x0f, 0x07, 0x07, 0x07, 0x0f, 0x07, 0x08, 0x07,
    0x0e, 0x06, 0x09, 0x07, 0x0e, 0x06, 0x09, 0x07, 0x0e, 0x06, 0x09, 0x07, 0x0e, 0x06, 0x09, 0x07,
    0x0e, 0x06, 0x09, 0x08, 0x0d, 0x06, 0x09, 0x08, 0x0d, 0x07, 0x08, 0x08, 0x0d, 0x07, 0x07, 0x09,
    0x0d, 0x09, 0x04, 0x0a, 0x0e, 0x16, 0x0e, 0x16, 0x0f, 0x15, 0x10, 0x14, 0x11, 0x0b, 0x01, 0x07,
    0x13, 0x07, 0x03, 0x07, 0x1d, 0x06, 0x1e, 0x06, 0x1d, 0x07, 0x1d, 0x07, 0x1c, 0x07, 0x1c, 0x08,
    0x11, 0x02, 0x07, 0x09, 0x12, 0x12, 0x12, 0x11, 0x13, 0x10, 0x14, 0x0f, 0x15, 0x0e, 0x18, 0x09,
    0xff, 0xff, 0xff, 0xff, 0x7f, 0x07, 0x1d, 0x07, 0x1d, 0x07, 0x1d, 0x07, 0x1d, 0x07, 0x1d, 0x07,
    0x1d, 0x07, 0x1d, 0x07, 0x1d, 0x07, 0xff, 0x1a, 0x07, 0x1d, 0x07, 0x1d, 0x07, 0x1d, 0x07, 0x1d,
    0x07, 0x1d, 0x07, 0x1d, 0x07, 0x1d, 0x07, 0x1d, 0x07, 0xff, 0xff, 0xff, 0xff, 0xa1, 0x07, 0x1d,
    0x07, 0x1d, 0x07, 0x1d, 0x07, 0x1d, 0x07, 0x1d, 0x07, 0x1d, 0x07, 0x1d, 0x07, 0x1d, 0x07, 0xff,
    0x1a, 0x07, 0x1d, 0x07, 0x1d, 0x07, 0x1d, 0x07, 0x1d, 0x07, 0x1d, 0x07, 0x1c, 0x08, 0x1c, 0x08,
    0x1c, 0x07, 0x1d, 0x07, 0x1d, 0x06, 0x1d, 0x07, 0x1d, 0x06, 0x1e, 0x06, 0x1e, 0x05, 0xff, 0xff,
    0xff, 0x6f, 0x01, 0x20, 0x04, 0x1d, 0x07, 0x1b, 0x09, 0x18, 0x0c, 0x16, 0x0e, 0x13, 0x0f, 0x13,
    0x0e, 0x13, 0x0e, 0x14, 0x0e, 0x15, 0x0c, 0x18, 0x09, 0x1b, 0x07, 0x1d, 0x09, 0x1b, 0x0c, 0x19,
    0x0e, 0x18, 0x0e, 0x19, 0x0e, 0x18, 0x0f, 0x18, 0x0e, 0x18, 0x0c, 0x1b, 0x09, 0x1d, 0x07, 0x20,
    0x04, 0x23, 0x01, 0xff, 0xff, 0xff, 0xff, 0xff, 0x44, 0x19, 0x0b, 0x19, 0x0b, 0x19, 0x0b, 0x19,
    0x0b, 0x19, 0x0b, 0x19, 0xbf, 0x19, 0x0b, 0x19, 0x0b, 0x19, 0x0b, 0x19, 0x0b, 0x19, 0x0b, 0x19,
    0xff, 0xff, 0xff, 0xff, 0xfb, 0x01, 0x23, 0x04, 0x20, 0x06, 0x1e, 0x09, 0x1b, 0x0b, 0x19, 0x0e,
    0x18, 0x0f, 0x18, 0x0e, 0x18, 0x0f, 0x18, 0x0e, 0x19, 0x0c, 0x1b, 0x09, 0x1d, 0x07, 0x1b, 0x09,
    0x18, 0x0c, 0x15, 0x0e, 0x14, 0x0e, 0x13, 0x0e, 0x13, 0x0f, 0x13, 0x0e, 0x16, 0x0c, 0x18, 0x09,
    0x1b, 0x06, 0x1e, 0x04, 0x20, 0x01, 0xff, 0xff, 0xff, 0x8f, 0x08, 0x19, 0x0d, 0x15, 0x11, 0x12,
    0x12, 0x12, 0x13, 0x11, 0x14, 0x10, 0x06, 0x06, 0x08, 0x10, 0x03, 0x0a, 0x07, 0x1d, 0x07, 0x1d,
    0x07, 0x1d, 0x07, 0x1c, 0x07, 0x1c, 0x08, 0x1b, 0x08, 0x1b, 0x08, 0x1b, 0x08, 0x1b, 0x08, 0x1c,
    0x07, 0x1c, 0x07, 0x1d, 0x06, 0x1d, 0x07, 0x1d, 0x07, 0x1d, 0x07, 0x1d, 0x07, 0x1d, 0x07, 0x1d,
    0x07, 0x89, 0x07, 0x1d, 0x07, 0x1d, 0x07, 0x1d, 0x07, 0x1d, 0x07, 0x1d, 0x07, 0x1d, 0x07, 0xff,
    0xff, 0xff, 0x82, 0x08, 0x19, 0x0d, 0x16, 0x0f, 0x13, 0x12, 0x11, 0x14, 0x0f, 0x09, 0x06, 0x07,
    0x0e, 0x07, 0x0a, 0x05, 0x0d, 0x06, 0x0c, 0x06, 0x0c, 0x05, 0x0e, 0x05, 0x0b, 0x06, 0x0e, 0x05,
    0x0b, 0x05, 0x08, 0x05, 0x03, 0x04, 0x0a, 0x06, 0x06, 0x09, 0x01, 0x04, 0x0a, 0x05, 0x06, 0x0f,
    0x0a, 0x05, 0x05, 0x10, 0x0a, 0x04, 0x05, 0x11, 0x09, 0x05, 0x05, 0x06, 0x04, 0x07, 0x09, 0x05,
    0x04, 0x06, 0x07, 0x05, 0x09, 0x05, 0x04, 0x05, 0x08, 0x05, 0x09, 0x05, 0x04, 0x05, 0x09, 0x04,
    0x09, 0x05, 0x04, 0x05, 0x09, 0x04, 0x09, 0x05, 0x04, 0x05, 0x09, 0x04, 0x09, 0x05, 0x04, 0x05,
    0x09, 0x04, 0x09, 0x05, 0x04, 0x05, 0x08, 0x05, 0x09, 0x05, 0x04, 0x06, 0x07, 0x05, 0x09, 0x05,
    0x05, 0x06, 0x04, 0x07, 0x0a, 0x05, 0x04, 0x11, 0x0a, 0x05, 0x05, 0x10, 0x0a, 0x05, 0x06, 0x0f,
    0x0a, 0x06, 0x06, 0x09, 0x01, 0x04, 0x0b, 0x05, 0x08, 0x05, 0x03, 0x04, 0x0b, 0x06, 0x1f, 0x06,
    0x1e, 0x07, 0x1e, 0x08, 0x0c, 0x01, 0x10, 0x09, 0x07, 0x05, 0x10, 0x14, 0x11, 0x14, 0x12, 0x11,
    0x14, 0x0f, 0x19, 0x08, 0xff, 0xff, 0x36, 0x09, 0x1b, 0x09, 0x1b, 0x09, 0x1a, 0x0b, 0x19, 0x0b,
    0x19, 0x0b, 0x18, 0x0c, 0x18, 0x0d, 0x17, 0x06, 0x01, 0x06, 0x17, 0x06, 0x01, 0x06, 0x16, 0x07,
    0x01, 0x07, 0x15, 0x06, 0x03, 0x06, 0x15, 0x06, 0x03, 0x06, 0x15, 0x06, 0x03, 0x06, 0x14, 0x07,
    0x03, 0x07, 0x13, 0x06, 0x04, 0x07, 0x13, 0x06, 0x05, 0x06, 0x12, 0x07, 0x05, 0x06, 0x12, 0x07,
    0x05, 0x07, 0x11, 0x07, 0x05, 0x07, 0x11, 0x06, 0x07, 0x06, 0x10, 0x14, 0x10, 0x15, 0x0f, 0x15,
    0x0f, 0x15, 0x0e, 0x17, 0x0d, 0x17, 0x0d, 0x07, 0x09, 0x07, 0x0d, 0x06, 0x0a, 0x07, 0x0c, 0x07,
    0x0b, 0x07, 0x0b, 0x07, 0x0b, 0x07, 0x0b, 0x07, 0x0b, 0x07, 0x0a, 0x07, 0x0d, 0x06, 0x0a, 0x07,
    0x0d, 0x07, 0x09, 0x07, 0x0d, 0x07, 0xff, 0xff, 0xff, 0x26, 0x10, 0x14, 0x13, 0x11, 0x14, 0x10,
    0x15, 0x0f, 0x16, 0x0e, 0x16, 0x0e, 0x07, 0x07, 0x09, 0x0d, 0x07, 0x08, 0x08, 0x0d, 0x07, 0x09,
    0x07, 0x0d, 0x07, 0x09, 0x07, 0x0d, 0x07, 0x09, 0x07, 0x0d, 0x07, 0x09, 0x06, 0x0e, 0x07, 0x07,
    0x08, 0x0e, 0x15, 0x0f, 0x14, 0x10, 0x12, 0x12, 0x13, 0x11, 0x15, 0x0f, 0x16, 0x0e, 0x07, 0x07,
    0x09, 0x0d, 0x07, 0x09, 0x07, 0x0d, 0x07, 0x0a, 0x07, 0x0c, 0x07, 0x0a, 0x07, 0x0c, 0x07, 0x0a,
    0x07, 0x0c, 0x07, 0x0a, 0x07, 0x0c, 0x07, 0x0a, 0x07, 0x0c, 0x07, 0x0a, 0x07, 0x0c, 0x07, 0x09,
    0x08, 0x0c, 0x07, 0x08, 0x09, 0x0c, 0x17, 0x0d, 0x17, 0x0d, 0x16, 0x0e, 0x15, 0x0f, 0x14, 0x10,
    0x11, 0xff, 0xff, 0xff, 0x15, 0x08, 0x19, 0x0d, 0x16, 0x0f, 0x13, 0x11, 0x13, 0x11, 0x12, 0x12,
    0x11, 0x0a, 0x05, 0x04, 0x11, 0x08, 0x09, 0x02, 0x10, 0x08, 0x0b, 0x01, 0x10, 0x08, 0x1c, 0x07,
    0x1c, 0x08, 0x1c, 0x07, 0x1d, 0x07, 0x1d, 0x07, 0x1d, 0x07, 0x1d, 0x07, 0x1d, 0x07, 0x1d, 0x07,
    0x1d, 0x07, 0x1d, 0x07, 0x1d, 0x07, 0x1d, 0x07, 0x1d, 0x07, 0x1d, 0x07, 0x1d, 0x08, 0x1d, 0x07,
    0x1d, 0x08, 0x1c, 0x08, 0x0b, 0x01, 0x11, 0x08, 0x09, 0x02, 0x11, 0x0a, 0x05, 0x04, 0x12, 0x12,
    0x13, 0x11, 0x13, 0x11, 0x15, 0x0f, 0x16, 0x0d, 0x1a, 0x08, 0xff, 0xff, 0xff, 0x08, 0x0d, 0x17,
    0x10, 0x14, 0x12, 0x12, 0x13, 0x11, 0x14, 0x10, 0x15, 0x0f, 0x07, 0x05, 0x0a, 0x0e, 0x07, 0x07,
    0x08, 0x0e, 0x07, 0x08, 0x07, 0x0e, 0x07, 0x08, 0x08, 0x0d, 0x07, 0x09, 0x07, 0x0d, 0x07, 0x09,
    0x07, 0x0d, 0x07, 0x09, 0x07, 0x0d, 0x07, 0x09, 0x08, 0x0c, 0x07, 0x09, 0x08, 0x0c, 0x07, 0x09,
    0x08, 0x0c, 0x07, 0x0a, 0x07, 0x0c, 0x07, 0x0a, 0x07, 0x0c, 0x07, 0x0a, 0x07, 0x0c, 0x07, 0x09,
    0x08, 0x0c, 0x07, 0x09, 0x08, 0x0c, 0x07, 0x09, 0x08, 0x0c, 0x07, 0x09, 0x07, 0x0d, 0x07, 0x09,
    0x07, 0x0d, 0x07, 0x09, 0x07, 0x0d, 0x07, 0x08, 0x08, 0x0d, 0x07, 0x08, 0x07, 0x0e, 0x07, 0x07,
    0x08, 0x0e, 0x07, 0x05, 0x0a, 0x0e, 0x15, 0x0f, 0x14, 0x10, 0x13, 0x11, 0x12, 0x12, 0x10, 0x14,
    0x0d, 0xff, 0xff, 0xff, 0x33, 0x16, 0x0e, 0x16, 0x0e, 0x16, 0x0e, 0x16, 0x0e, 0x16, 0x0e, 0x16,
    0x0e, 0x07, 0x1d, 0x07, 0x1d, 0x07, 0x1d, 0x07, 0x1d, 0x07, 0x1d, 0x07, 0x1d, 0x07, 0x1d, 0x14,
    0x10, 0x14, 0x10, 0x14, 0x10, 0x14, 0x10, 0x14, 0x10, 0x14, 0x10, 0x07, 0x1d, 0x07, 0x1d, 0x07,
    0x1d, 0x07, 0x1d, 0x07, 0x1d, 0x07, 0x1d, 0x07, 0x1d, 0x07, 0x1d, 0x07, 0x1d, 0x07, 0x1d, 0x16,
    0x0e, 0x16, 0x0e, 0x16, 0x0e, 0x16, 0x0e, 0x16, 0x0e, 0x16, 0xff, 0xff, 0xff, 0x29, 0x16, 0x0e,
    0x16, 0x0e, 0x16, 0x0e, 0x16, 0x0e, 0x16, 0x0e, 0x16, 0x0e, 0x07, 0x1d, 0x07, 0x1d, 0x07, 0x1d,
    0x07, 0x1d, 0x07, 0x1d, 0x07, 0x1d, 0x07, 0x1d, 0x15, 0x0f, 0x15, 0x0f, 0x15, 0x0f, 0x15, 0x0f,
    0x15, 0x0f, 0x15, 0x0f, 0x07, 0x1d, 0x07, 0x1d, 0x07, 0x1d, 0x07, 0x1d, 0x07, 0x1d, 0x07, 0x1d,
    0x07, 0x1d, 0x07, 0x1d, 0x07, 0x1d, 0x07, 0x1d, 0x07, 0x1d, 0x07, 0x1d, 0x07, 0x1d, 0x07, 0x1d,
    0x07, 0x1d, 0x07, 0xff, 0xff, 0xff, 0x1d, 0x08, 0x19, 0x0e, 0x15, 0x10, 0x13, 0x11, 0x12, 0x12,
    0x11, 0x13, 0x10, 0x0a, 0x06, 0x04, 0x10, 0x08, 0x0a, 0x02, 0x0f, 0x08, 0x0c, 0x01, 0x0f, 0x08,
    0x1c, 0x07, 0x1c, 0x08, 0x1c, 0x08, 0x1c, 0x07, 0x1d, 0x07, 0x1d, 0x07, 0x1d, 0x07, 0x1d, 0x07,
    0x1d, 0x07, 0x06, 0x0a, 0x0d, 0x07, 0x06, 0x0a, 0x0d, 0x07, 0x06, 0x0a, 0x0d, 0x07, 0x06, 0x0a,
    0x0d, 0x07, 0x06, 0x0a, 0x0d, 0x07, 0x06, 0x0a, 0x0d, 0x08, 0x09, 0x06, 0x0e, 0x07, 0x09, 0x06,
    0x0e, 0x07, 0x09, 0x06, 0x0e, 0x08, 0x08, 0x06, 0x0e, 0x08, 0x08, 0x06, 0x0f, 0x08, 0x07, 0x06,
    0x0f, 0x0a, 0x05, 0x06, 0x10, 0x14, 0x11, 0x13, 0x12, 0x12, 0x13, 0x10, 0x15, 0x0e, 0x19, 0x08,
    0xff, 0xff, 0xff, 0x09, 0x07, 0x09, 0x07, 0x0d, 0x07, 0x09, 0x07, 0x0d, 0x07, 0x09, 0x07, 0x0d,
    0x07, 0x09, 0x07, 0x0d, 0x07, 0x09, 0x07, 0x0d, 0x07, 0x09, 0x07, 0x0d, 0x07, 0x09, 0x07, 0x0d,
    0x07, 0x09, 0x07, 0x0d, 0x07, 0x09, 0x07, 0x0d, 0x07, 0x09, 0x07, 0x0d, 0x07, 0x09, 0x07, 0x0d,
    0x07, 0x09, 0x07, 0x0d, 0x07, 0x09, 0x07, 0x0d, 0x17, 0x0d, 0x17, 0x0d, 0x17, 0x0d, 0x17, 0x0d,
    0x17, 0x0d, 0x17, 0x0d, 0x07, 0x09, 0x07, 0x0d, 0x07, 0x09, 0x07, 0x0d, 0x07, 0x09, 0x07, 0x0d,
    0x07, 0x09, 0x07, 0x0d, 0x07, 0x09, 0x07, 0x0d, 0x07, 0x09, 0x07, 0x0d, 0x07, 0x09, 0x07, 0x0d,
    0x07, 0x09, 0x07, 0x0d, 0x07, 0x09, 0x07, 0x0d, 0x07, 0x09, 0x07, 0x0d, 0x07, 0x09, 0x07, 0x0d,
    0x07, 0x09, 0x07, 0x0d, 0x07, 0x09, 0x07, 0x0d, 0x07, 0x09, 0x07, 0x0d, 0x07, 0x09, 0x07, 0x0d,
    0x07, 0x09, 0x07, 0xff, 0xff, 0xff, 0x29, 0x15, 0x0f, 0x15, 0x0f, 0x15, 0x0f, 0x15, 0x0f, 0x15,
    0x0f, 0x15, 0x16, 0x07, 0x1d, 0x07, 0x1d, 0x07, 0x1d, 0x07, 0x1d, 0x07, 0x1d, 0x07, 0x1d, 0x07,
    0x1d, 0x07, 0x1d, 0x07, 0x1d, 0x07, 0x1d, 0x07, 0x1d, 0x07, 0x1d, 0x07, 0x1d, 0x07, 0x1d, 0x07,
    0x1d, 0x07, 0x1d, 0x07, 0x1d, 0x07, 0x1d, 0x07, 0x1d, 0x07, 0x1d, 0x07, 0x1d, 0x07, 0x1d, 0x07,
    0x16, 0x15, 0x0f, 0x15, 0x0f, 0x15, 0x0f, 0x15, 0x0f, 0x15, 0x0f, 0x15, 0xff, 0xff, 0xff, 0x2e,
    0x10, 0x14, 0x10, 0x14, 0x10, 0x14, 0x10, 0x14, 0x10, 0x14, 0x10, 0x1d, 0x07, 0x1d, 0x07, 0x1d,
    0x07, 0x1d, 0x07, 0x1d, 0x07, 0x1d, 0x07, 0x1d, 0x07, 0x1d, 0x07, 0x1d, 0x07, 0x1d, 0x07, 0x1d,
    0x07, 0x1d, 0x07, 0x1d, 0x07, 0x1d, 0x07, 0x1d, 0x07, 0x1d, 0x07, 0x1d, 0x07, 0x1d, 0x07, 0x1d,
    0x07, 0x1d, 0x07, 0x1c, 0x08, 0x0f, 0x01, 0x0c, 0x07, 0x10, 0x03, 0x0a, 0x07, 0x10, 0x05, 0x06,
    0x09, 0x10, 0x14, 0x10, 0x13, 0x11, 0x13, 0x11, 0x12, 0x13, 0x0f, 0x18, 0x0a, 0xff, 0xff, 0xff,
    0x0d, 0x07, 0x0a, 0x08, 0x0b, 0x07, 0x09, 0x08, 0x0c, 0x07, 0x09, 0x07, 0x0d, 0x07, 0x08, 0x08,
    0x0d, 0x07, 0x07, 0x08, 0x0e, 0x07, 0x06, 0x08, 0x0f, 0x07, 0x05, 0x08, 0x10, 0x07, 0x05, 0x07,
    0x11, 0x07, 0x04, 0x08, 0x11, 0x07, 0x03, 0x08, 0x12, 0x07, 0x02, 0x08, 0x13, 0x07, 0x01, 0x08,
    0x14, 0x07, 0x01, 0x07, 0x15, 0x0f, 0x15, 0x0f, 0x15, 0x0f, 0x15, 0x10, 0x14, 0x10, 0x14, 0x11,
    0x13, 0x11, 0x13, 0x09, 0x01, 0x08, 0x12, 0x08, 0x03, 0x07, 0x12, 0x07, 0x04, 0x08, 0x11, 0x07,
    0x05, 0x08, 0x10, 0x07, 0x05, 0x08, 0x10, 0x07, 0x06, 0x08, 0x0f, 0x07, 0x07, 0x07, 0x0f, 0x07,
    0x07, 0x08, 0x0e, 0x07, 0x08, 0x07, 0x0e, 0x07, 0x08, 0x08, 0x0d, 0x07, 0x09, 0x07, 0x0d, 0x07,
    0x09, 0x08, 0x0c, 0x07, 0x0a, 0x07, 0x0c, 0x07, 0x0a, 0x08, 0x0b, 0x07, 0x0b, 0x07, 0xff, 0xff,
    0xff, 0x28, 0x07, 0x1d, 0x07, 0x1d, 0x07, 0x1d, 0x07, 0x1d, 0x07, 0x1d, 0x07, 0x1d, 0x07, 0x1d,
    0x07, 0x1d, 0x07, 0x1d, 0x07, 0x1d, 0x07, 0x1d, 0x07, 0x1d, 0x07, 0x1d, 0x07, 0x1d, 0x07, 0x1d,
    0x07, 0x1d, 0x07, 0x1d, 0x07, 0x1d, 0x07, 0x1d, 0x07, 0x1d, 0x07, 0x1d, 0x07, 0x1d, 0x07, 0x1d,
    0x07, 0x1d, 0x07, 0x1d, 0x07, 0x1d, 0x07, 0x1d, 0x07, 0x1d, 0x07, 0x1d, 0x16, 0x0e, 0x16, 0x0e,
    0x16, 0x0e, 0x16, 0x0e, 0x16, 0x0e, 0x16, 0xff, 0xff, 0xff, 0x26, 0x08, 0x08, 0x09, 0x0b, 0x09,
    0x07, 0x09, 0x0b, 0x09, 0x07, 0x09, 0x0b, 0x09, 0x07, 0x09, 0x0b, 0x0a, 0x05, 0x0a, 0x0b, 0x0a,
    0x05, 0x0a, 0x0b, 0x0a, 0x05, 0x0a, 0x0b, 0x0a, 0x05, 0x0a, 0x0b, 0x0b, 0x03, 0x0b, 0x0b, 0x06,
    0x01, 0x04, 0x03, 0x04, 0x01, 0x06, 0x0b, 0x06, 0x01, 0x04, 0x03, 0x04, 0x01, 0x06, 0x0b, 0x06,
    0x01, 0x04, 0x02, 0x05, 0x01, 0x06, 0x0b, 0x06, 0x01, 0x05, 0x01, 0x05, 0x01, 0x06, 0x0b, 0x06,
    0x02, 0x04, 0x01, 0x04, 0x02, 0x06, 0x0b, 0x06, 0x02, 0x09, 0x02, 0x06, 0x0b, 0x06, 0x02, 0x09,
    0x02, 0x06, 0x0b, 0x06, 0x02, 0x09, 0x02, 0x06, 0x0b, 0x06, 0x03, 0x07, 0x03, 0x06, 0x0b, 0x06,
    0x03, 0x07, 0x03, 0x06, 0x0b, 0x06, 0x03, 0x07, 0x03, 0x06, 0x0b, 0x06, 0x03, 0x07, 0x03, 0x06,
    0x0b, 0x06, 0x04, 0x05, 0x04, 0x06, 0x0b, 0x06, 0x0d, 0x06, 0x0b, 0x06, 0x0d, 0x06, 0x0b, 0x06,
    0x0d, 0x06, 0x0b, 0x06, 0x0d, 0x06, 0x0b, 0x06, 0x0d, 0x06, 0x0b, 0x06, 0x0d, 0x06, 0x0b, 0x06,
    0x0d, 0x06, 0x0b, 0x06, 0x0d, 0x06, 0x0b, 0x06, 0x0d, 0x06, 0x0b, 0x06, 0x0d, 0x06, 0x0b, 0x06,
    0x0d, 0x06, 0x0b, 0x06, 0x0d, 0x06, 0x0b, 0x06, 0x0d, 0x06, 0xff, 0xff, 0xff, 0x27, 0x07, 0x0a,
    0x06, 0x0d, 0x08, 0x09, 0x06, 0x0d, 0x08, 0x09, 0x06, 0x0d, 0x09, 0x08, 0x06, 0x0d, 0x09, 0x08,
    0x06, 0x0d, 0x09, 0x08, 0x06, 0x0d, 0x0a, 0x07, 0x06, 0x0d, 0x0a, 0x07, 0x06, 0x0d, 0x0a, 0x07,
    0x06, 0x0d, 0x0b, 0x06, 0x06, 0x0d, 0x0b, 0x06, 0x06, 0x0d, 0x06, 0x01, 0x05, 0x05, 0x06, 0x0d,
    0x06, 0x01, 0x05, 0x05, 0x06, 0x0d, 0x06, 0x01, 0x05, 0x05, 0x06, 0x0d, 0x06, 0x02, 0x05, 0x04,
    0x06, 0x0d, 0x06, 0x02, 0x05, 0x04, 0x06, 0x0d, 0x06, 0x03, 0x05, 0x03, 0x06, 0x0d, 0x06, 0x03,
    0x05, 0x03, 0x06, 0x0d, 0x06, 0x03, 0x05, 0x03, 0x06, 0x0d, 0x06, 0x04, 0x05, 0x02, 0x06, 0x0d,
    0x06, 0x04, 0x05, 0x02, 0x06, 0x0d, 0x06, 0x04, 0x05, 0x02, 0x06, 0x0d, 0x06, 0x05, 0x05, 0x01,
    0x06, 0x0d, 0x06, 0x05, 0x05, 0x01, 0x06, 0x0d, 0x06, 0x06, 0x0b, 0x0d, 0x06, 0x06, 0x0b, 0x0d,
    0x06, 0x06, 0x0b, 0x0d, 0x06, 0x07, 0x0a, 0x0d, 0x06, 0x07, 0x0a, 0x0d, 0x06, 0x08, 0x09, 0x0d,
    0x06, 0x08, 0x09, 0x0d, 0x06, 0x08, 0x09, 0x0d, 0x06, 0x09, 0x08, 0x0d, 0x06, 0x09, 0x08, 0x0d,
    0x06, 0x09, 0x08, 0xff, 0xff, 0xff, 0x0c, 0x07, 0x1b, 0x0b, 0x17, 0x0f, 0x14, 0x11, 0x12, 0x12,
    0x12, 0x13, 0x10, 0x09, 0x03, 0x09, 0x0f, 0x07, 0x06, 0x08, 0x0e, 0x08, 0x07, 0x07, 0x0e, 0x07,
    0x08, 0x08, 0x0d, 0x07, 0x09, 0x07, 0x0d, 0x07, 0x09, 0x07, 0x0d, 0x07, 0x09, 0x07, 0x0c, 0x08,
    0x09, 0x07, 0x0c, 0x08, 0x09, 0x08, 0x0b, 0x07, 0x0a, 0x08, 0x0b, 0x07, 0x0a, 0x08, 0x0b, 0x07,
    0x0b, 0x07, 0x0b, 0x07, 0x0b, 0x07, 0x0b, 0x07, 0x0b, 0x07, 0x0b, 0x07, 0x0a, 0x08, 0x0b, 0x07,
    0x0a, 0x08, 0x0b, 0x08, 0x09, 0x08, 0x0b, 0x08, 0x09, 0x07, 0x0d, 0x07, 0x09, 0x07, 0x0d, 0x07,
    0x09, 0x07, 0x0d, 0x07, 0x09, 0x07, 0x0d, 0x07, 0x08, 0x08, 0x0d, 0x08, 0x07, 0x07, 0x0f, 0x07,
    0x06, 0x08, 0x0f, 0x09, 0x03, 0x09, 0x10, 0x13, 0x11, 0x13, 0x12, 0x11, 0x14, 0x0f, 0x17, 0x0b,
    0x1b, 0x07, 0xff, 0xff, 0xff, 0x0d, 0x0f, 0x15, 0x12, 0x12, 0x14, 0x10, 0x15, 0x0f, 0x15, 0x0f,
    0x16, 0x0e, 0x07, 0x06, 0x09, 0x0e, 0x07, 0x08, 0x07, 0x0e, 0x07, 0x08, 0x08, 0x0d, 0x07, 0x09,
    0x07, 0x0d, 0x07, 0x09, 0x07, 0x0d, 0x07, 0x09, 0x07, 0x0d, 0x07, 0x09, 0x07, 0x0d, 0x07, 0x08,
    0x08, 0x0d, 0x07, 0x08, 0x07, 0x0e, 0x07, 0x06, 0x09, 0x0e, 0x16, 0x0e, 0x15, 0x0f, 0x15, 0x0f,
    0x14, 0x10, 0x12, 0x12, 0x0f, 0x15, 0x07, 0x1d, 0x07, 0x1d, 0x07, 0x1d, 0x07, 0x1d, 0x07, 0x1d,
    0x07, 0x1d, 0x07, 0x1d, 0x07, 0x1d, 0x07, 0x1d, 0x07, 0x1d, 0x07, 0x1d, 0x07, 0x1d, 0x07, 0xff,
    0xff, 0xff, 0x1b, 0x07, 0x1b, 0x0b, 0x17, 0x0f, 0x14, 0x11, 0x12, 0x12, 0x12, 0x13, 0x10, 0x09,
    0x03, 0x09, 0x0f, 0x07, 0x06, 0x08, 0x0e, 0x08, 0x07, 0x07, 0x0e, 0x07, 0x08, 0x08, 0x0d, 0x07,
    0x09, 0x07, 0x0d, 0x07, 0x09, 0x07, 0x0d, 0x07, 0x09, 0x07, 0x0c, 0x08, 0x09, 0x07, 0x0c, 0x08,
    0x09, 0x08, 0x0b, 0x07, 0x0a, 0x08, 0x0b, 0x07, 0x0a, 0x08, 0x0b, 0x07, 0x0b, 0x07, 0x0b, 0x07,
    0x0b, 0x07, 0x0b, 0x07, 0x0b, 0x07, 0x0b, 0x07, 0x0a, 0x08, 0x0b, 0x07, 0x0a, 0x08, 0x0b, 0x08,
    0x09, 0x08, 0x0b, 0x08, 0x09, 0x07, 0x0d, 0x07, 0x09, 0x07, 0x0d, 0x07, 0x09, 0x07, 0x0d, 0x07,
    0x09, 0x07, 0x0d, 0x07, 0x08, 0x08, 0x0d, 0x08, 0x07, 0x07, 0x0f, 0x07, 0x06, 0x08, 0x0f, 0x09,
    0x03, 0x09, 0x10, 0x13, 0x11, 0x13, 0x12, 0x11, 0x14, 0x0f, 0x17, 0x0c, 0x1a, 0x0b, 0x1e, 0x07,
    0x1e, 0x07, 0x1e, 0x07, 0x1d, 0x06, 0x1f, 0x04, 0x21, 0x01, 0xff, 0xff, 0x30, 0x0f, 0x15, 0x12,
    0x12, 0x14, 0x10, 0x15, 0x0f, 0x15, 0x0f, 0x16, 0x0e, 0x07, 0x06, 0x09, 0x0e, 0x07, 0x08, 0x08,
    0x0d, 0x07, 0x08, 0x08, 0x0d, 0x07, 0x09, 0x07, 0x0d, 0x07, 0x09, 0x07, 0x0d, 0x07, 0x09, 0x07,
    0x0d, 0x07, 0x08, 0x07, 0x0e, 0x07, 0x08, 0x07, 0x0e, 0x07, 0x06, 0x09, 0x0e, 0x15, 0x0f, 0x14,
    0x10, 0x13, 0x11, 0x11, 0x13, 0x12, 0x12, 0x13, 0x11, 0x07, 0x04, 0x08, 0x11, 0x07, 0x05, 0x08,
    0x10, 0x07, 0x06, 0x07, 0x10, 0x07, 0x06, 0x08, 0x0f, 0x07, 0x07, 0x07, 0x0f, 0x07, 0x07, 0x08,
    0x0e, 0x07, 0x08, 0x07, 0x0e, 0x07, 0x08, 0x08, 0x0d, 0x07, 0x09, 0x07, 0x0d, 0x07, 0x09, 0x08,
    0x0c, 0x07, 0x0a, 0x07, 0x0c, 0x07, 0x0a, 0x08, 0x0b, 0x07, 0x0b, 0x07, 0x0b, 0x07, 0x0b, 0x08,
    0xff, 0xff, 0xff, 0x09, 0x08, 0x19, 0x0f, 0x13, 0x12, 0x11, 0x13, 0x11, 0x13, 0x10, 0x14, 0x10,
    0x08, 0x06, 0x06, 0x0f, 0x08, 0x09, 0x04, 0x0f, 0x07, 0x0c, 0x02, 0x0f, 0x07, 0x0d, 0x01, 0x0f,
    0x07, 0x1d, 0x07, 0x1d, 0x08, 0x1c, 0x09, 0x1c, 0x0a, 0x1a, 0x0c, 0x19, 0x0e, 0x17, 0x0f, 0x16,
    0x0f, 0x17, 0x0e, 0x18, 0x0d, 0x1a, 0x0b, 0x1b, 0x09, 0x1d, 0x08, 0x1c, 0x08, 0x1d, 0x07, 0x1d,
    0x07, 0x0d, 0x01, 0x0f, 0x07, 0x0d, 0x02, 0x0e, 0x07, 0x0d, 0x04, 0x0b, 0x08, 0x0d, 0x07, 0x06,
    0x09, 0x0e, 0x16, 0x0e, 0x15, 0x0f, 0x15, 0x0f, 0x14, 0x12, 0x10, 0x17, 0x0a, 0xff, 0xff, 0xff,
    0x0b, 0x19, 0x0b, 0x19, 0x0b, 0x19, 0x0b, 0x19, 0x0b, 0x19, 0x0b, 0x19, 0x14, 0x07, 0x1d, 0x07,
    0x1d, 0x07, 0x1d, 0x07, 0x1d, 0x07, 0x1d, 0x07, 0x1d, 0x07, 0x1d, 0x07, 0x1d, 0x07, 0x1d, 0x07,
    0x1d, 0x07, 0x1d, 0x07, 0x1d, 0x07, 0x1d, 0x07, 0x1d, 0x07, 0x1d, 0x07, 0x1d, 0x07, 0x1d, 0x07,
    0x1d, 0x07, 0x1d, 0x07, 0x1d, 0x07, 0x1d, 0x07, 0x1d, 0x07, 0x1d, 0x07, 0x1d, 0x07, 0x1d, 0x07,
    0x1d, 0x07, 0x1d, 0x07, 0x1d, 0x07, 0xff, 0xff, 0xff, 0x2f, 0x07, 0x0a, 0x07, 0x0c, 0x07, 0x0a,
    0x07, 0x0c, 0x07, 0x0a, 0x07, 0x0c, 0x07, 0x0a, 0x07, 0x0c, 0x07, 0x0a, 0x07, 0x0c, 0x07, 0x0a,
    0x07, 0x0c, 0x07, 0x0a, 0x07, 0x0c, 0x07, 0x0a, 0x07, 0x0c, 0x07, 0x0a, 0x07, 0x0c, 0x07, 0x0a,
    0x07, 0x0c, 0x07, 0x0a, 0x07, 0x0c, 0x07, 0x0a, 0x07, 0x0c, 0x07, 0x0a, 0x07, 0x0c, 0x07, 0x0a,
    0x07, 0x0c, 0x07, 0x0a, 0x07, 0x0c, 0x07, 0x0a, 0x07, 0x0c, 0x07, 0x0a, 0x07, 0x0c, 0x07, 0x0a,
    0x07, 0x0c, 0x07, 0x0a, 0x07, 0x0c, 0x07, 0x0a, 0x07, 0x0c, 0x07, 0x0a, 0x07, 0x0c, 0x07, 0x0a,
    0x07, 0x0c, 0x07, 0x0a, 0x07, 0x0d, 0x06, 0x0a, 0x07, 0x0d, 0x06, 0x0a, 0x07, 0x0d, 0x06, 0x0a,
    0x07, 0x0d, 0x07, 0x09, 0x07, 0x0d, 0x07, 0x09, 0x07, 0x0d, 0x08, 0x07, 0x08, 0x0e, 0x08, 0x05,
    0x08, 0x0f, 0x15, 0x0f, 0x14, 0x11, 0x13, 0x12, 0x11, 0x15, 0x0d, 0x19, 0x09, 0xff, 0xff, 0xff,
    0x09, 0x07, 0x0c, 0x07, 0x0b, 0x07, 0x0b, 0x07, 0x0b, 0x07, 0x0b, 0x07, 0x0b, 0x07, 0x0b, 0x07,
    0x0b, 0x07, 0x0b, 0x06, 0x0d, 0x06, 0x0a, 0x07, 0x0d, 0x07, 0x09, 0x07, 0x0d, 0x07, 0x09, 0x07,
    0x0d, 0x07, 0x09, 0x07, 0x0e, 0x06, 0x09, 0x06, 0x0f, 0x07, 0x07, 0x07, 0x0f, 0x07, 0x07, 0x07,
    0x0f, 0x07, 0x07, 0x07, 0x10, 0x06, 0x07, 0x06, 0x11, 0x06, 0x07, 0x06, 0x11, 0x07, 0x05, 0x07,
    0x11, 0x07, 0x05, 0x07, 0x11, 0x07, 0x05, 0x06, 0x13, 0x06, 0x05, 0x06, 0x13, 0x06, 0x04, 0x07,
    0x13, 0x07, 0x03, 0x07, 0x13, 0x07, 0x03, 0x06, 0x15, 0x06, 0x03, 0x06, 0x15, 0x06, 0x03, 0x06,
    0x15, 0x06, 0x02, 0x07, 0x15, 0x07, 0x01, 0x07, 0x16, 0x06, 0x01, 0x06, 0x17, 0x06, 0x01, 0x06,
    0x17, 0x0d, 0x17, 0x0d, 0x18, 0x0b, 0x19, 0x0b, 0x19, 0x0b, 0x19, 0x0b, 0x1a, 0x09, 0xff, 0xff,
    0xff, 0x2c, 0x06, 0x11, 0x06, 0x07, 0x06, 0x11, 0x06, 0x07, 0x06, 0x11, 0x06, 0x07, 0x06, 0x11,
    0x06, 0x08, 0x05, 0x10, 0x06, 0x09, 0x06, 0x0f, 0x06, 0x09, 0x06, 0x0f, 0x06, 0x09, 0x06, 0x0f,
    0x06, 0x09, 0x06, 0x0f, 0x06, 0x09, 0x06, 0x04, 0x06, 0x05, 0x06, 0x09, 0x06, 0x04, 0x07, 0x04,
    0x06, 0x09, 0x06, 0x04, 0x07, 0x04, 0x06, 0x0a, 0x05, 0x04, 0x07, 0x04, 0x05, 0x0b, 0x05, 0x04,
    0x07, 0x04, 0x05, 0x0b, 0x05, 0x04, 0x07, 0x04, 0x05, 0x0b, 0x06, 0x02, 0x09, 0x03, 0x05, 0x0b,
    0x06, 0x02, 0x09, 0x03, 0x05, 0x0b, 0x06, 0x02, 0x09, 0x02, 0x06, 0x0b, 0x06, 0x02, 0x04, 0x01,
    0x04, 0x02, 0x06, 0x0b, 0x06, 0x02, 0x04, 0x01, 0x05, 0x01, 0x06, 0x0c, 0x05, 0x01, 0x05, 0x01,
    0x05, 0x01, 0x06, 0x0c, 0x05, 0x01, 0x04, 0x03, 0x04, 0x01, 0x05, 0x0d, 0x05, 0x01, 0x04, 0x03,
    0x04, 0x01, 0x05, 0x0d, 0x05, 0x01, 0x04, 0x03, 0x04, 0x01, 0x05, 0x0d, 0x0a, 0x03, 0x0a, 0x0d,
    0x0a, 0x03, 0x0a, 0x0d, 0x09, 0x05, 0x09, 0x0d, 0x09, 0x05, 0x09, 0x0e, 0x08, 0x05, 0x09, 0x0e,
    0x08, 0x05, 0x09, 0x0e, 0x08, 0x05, 0x08, 0x0f, 0x07, 0x07, 0x07, 0x0f, 0x07, 0x07, 0x07, 0x0f,
    0x07, 0x07, 0x07, 0x0f, 0x07, 0x07, 0x07, 0xff, 0xff, 0xff, 0x27, 0x07, 0x0d, 0x07, 0x0a, 0x07,
    0x0b, 0x07, 0x0b, 0x07, 0x0a, 0x08, 0x0c, 0x07, 0x09, 0x07, 0x0e, 0x07, 0x07, 0x07, 0x0f, 0x07,
    0x07, 0x07, 0x10, 0x07, 0x05, 0x07, 0x11, 0x07, 0x05, 0x07, 0x12, 0x07, 0x03, 0x07, 0x13, 0x07,
    0x02, 0x08, 0x14, 0x07, 0x01, 0x07, 0x16, 0x0d, 0x17, 0x0d, 0x18, 0x0b, 0x19, 0x0b, 0x1a, 0x09,
    0x1b, 0x08, 0x1d, 0x07, 0x1c, 0x09, 0x1b, 0x09, 0x1a, 0x0b, 0x18, 0x0c, 0x18, 0x0d, 0x16, 0x0f,
    0x15, 0x07, 0x01, 0x07, 0x14, 0x07, 0x03, 0x07, 0x13, 0x07, 0x03, 0x07, 0x12, 0x07, 0x05, 0x07,
    0x10, 0x08, 0x05, 0x08, 0x0f, 0x07, 0x07, 0x07, 0x0e, 0x07, 0x09, 0x07, 0x0d, 0x07, 0x09, 0x07,
    0x0c, 0x07, 0x0b, 0x07, 0x0b, 0x07, 0x0b, 0x07, 0x0a, 0x07, 0x0d, 0x07, 0xff, 0xff, 0xff, 0x23,
    0x08, 0x0d, 0x07, 0x09, 0x07, 0x0d, 0x07, 0x09, 0x08, 0x0b, 0x07, 0x0b, 0x07, 0x0b, 0x07, 0x0b,
    0x08, 0x09, 0x07, 0x0d, 0x07, 0x09, 0x07, 0x0d, 0x08, 0x07, 0x07, 0x0f, 0x07, 0x07, 0x07, 0x10,
    0x07, 0x05, 0x07, 0x11, 0x07, 0x05, 0x07, 0x12, 0x07, 0x03, 0x07, 0x13, 0x07, 0x03, 0x07, 0x14,
    0x07, 0x01, 0x07, 0x15, 0x07, 0x01, 0x07, 0x16, 0x0d, 0x17, 0x0d, 0x18, 0x0b, 0x19, 0x0b, 0x1a,
    0x09, 0x1b, 0x09, 0x1c, 0x07, 0x1d, 0x07, 0x1d, 0x07, 0x1d, 0x07, 0x1d, 0x07, 0x1d, 0x07, 0x1d,
    0x07, 0x1d, 0x07, 0x1d, 0x07, 0x1d, 0x07, 0x1d, 0x07, 0x1d, 0x07, 0x1d, 0x07, 0x1d, 0x07, 0x1d,
    0x07, 0xff, 0xff, 0xff, 0x30, 0x18, 0x0c, 0x18, 0x0c, 0x18, 0x0c, 0x18, 0x0c, 0x18, 0x0c, 0x18,
    0x1b, 0x08, 0x1b, 0x09, 0x1b, 0x08, 0x1b, 0x08, 0x1b, 0x09, 0x1b, 0x08, 0x1b, 0x08, 0x1b, 0x08,
    0x1c, 0x08, 0x1b, 0x08, 0x1b, 0x08, 0x1c, 0x08, 0x1b, 0x08, 0x1b, 0x08, 0x1c, 0x08, 0x1b, 0x08,
    0x1b, 0x08, 0x1c, 0x08, 0x1b, 0x08, 0x1b, 0x08, 0x1c, 0x07, 0x1c, 0x08, 0x1b, 0x08, 0x1c, 0x18,
    0x0c, 0x18, 0x0c, 0x18, 0x0c, 0x18, 0x0c, 0x18, 0x0c, 0x18, 0xff, 0xff, 0xff, 0x0a, 0x0c, 0x18,
    0x0c, 0x18, 0x0c, 0x18, 0x0c, 0x18, 0x06, 0x1e, 0x06, 0x1e, 0x06, 0x1e, 0x06, 0x1e, 0x06, 0x1e,
    0x06, 0x1e, 0x06, 0x1e, 0x06, 0x1e, 0x06, 0x1e, 0x06, 0x1e, 0x06, 0x1e, 0x06, 0x1e, 0x06, 0x1e,
    0x06, 0x1e, 0x06, 0x1e, 0x06, 0x1e, 0x06, 0x1e, 0x06, 0x1e, 0x06, 0x1e, 0x06, 0x1e, 0x06, 0x1e,
    0x06, 0x1e, 0x06, 0x1e, 0x06, 0x1e, 0x06, 0x1e, 0x06, 0x1e, 0x06, 0x1e, 0x06, 0x1e, 0x06, 0x1e,
    0x06, 0x1e, 0x06, 0x1e, 0x06, 0x1e, 0x06, 0x1e, 0x06, 0x1e, 0x06, 0x1e, 0x0c, 0x18, 0x0c, 0x18,
    0x0c, 0x18, 0x0c, 0xff, 0xff, 0x2f, 0x05, 0x1f, 0x06, 0x1f, 0x05, 0x1f, 0x05, 0x20, 0x05, 0x1f,
    0x05, 0x20, 0x05, 0x1f, 0x05, 0x20, 0x05, 0x1f, 0x05, 0x20, 0x05, 0x1f, 0x05, 0x20, 0x05, 0x1f,
    0x05, 0x1f, 0x06, 0x1f, 0x05, 0x1f, 0x06, 0x1f, 0x05, 0x1f, 0x06, 0x1f, 0x05, 0x1f, 0x06, 0x1f,
    0x05, 0x1f, 0x05, 0x20, 0x05, 0x1f, 0x05, 0x20, 0x05, 0x1f, 0x05, 0x20, 0x05, 0x1f, 0x05, 0x20,
    0x05, 0x1f, 0x05, 0x1f, 0x06, 0x1f, 0x05, 0x1f, 0x06, 0x1f, 0x05, 0x1f, 0x06, 0x1f, 0x05, 0x1f,
    0x06, 0x1f, 0x05, 0xff, 0xff, 0x77, 0x0c, 0x18, 0x0c, 0x18, 0x0c, 0x18, 0x0c, 0x1e, 0x06, 0x1e,
    0x06, 0x1e, 0x06, 0x1e, 0x06, 0x1e, 0x06, 0x1e, 0x06, 0x1e, 0x06, 0x1e, 0x06, 0x1e, 0x06, 0x1e,
    0x06, 0x1e, 0x06, 0x1e, 0x06, 0x1e, 0x06, 0x1e, 0x06, 0x1e, 0x06, 0x1e, 0x06, 0x1e, 0x06, 0x1e,
    0x06, 0x1e, 0x06, 0x1e, 0x06, 0x1e, 0x06, 0x1e, 0x06, 0x1e, 0x06, 0x1e, 0x06, 0x1e, 0x06, 0x1e,
    0x06, 0x1e, 0x06, 0x1e, 0x06, 0x1e, 0x06, 0x1e, 0x06, 0x1e, 0x06, 0x1e, 0x06, 0x1e, 0x06, 0x1e,
    0x06, 0x1e, 0x06, 0x18, 0x0c, 0x18, 0x0c, 0x18, 0x0c, 0x18, 0x0c, 0xff, 0xff, 0x3a, 0x07, 0x1c,
    0x09, 0x1b, 0x09, 0x1a, 0x0b, 0x18, 0x0d, 0x16, 0x0f, 0x14, 0x08, 0x01, 0x07, 0x14, 0x07, 0x03,
    0x07, 0x12, 0x07, 0x05, 0x07, 0x10, 0x07, 0x07, 0x07, 0x0e, 0x07, 0x09, 0x07, 0x0d, 0x06, 0x0b,
    0x06, 0x0c, 0x06, 0x0d, 0x06, 0xff, 0xff, 0xff, 0xff, 0xff, 0xff, 0xff, 0xff, 0xff, 0xff, 0xff,
    0xff, 0x2d, 0x1d, 0x07, 0x1d, 0x07, 0x1d, 0x07, 0x1d, 0xff, 0x2d, 0x07, 0x1e, 0x06, 0x1f, 0x06,
    0x1f, 0x06, 0x1f, 0x06, 0x1f, 0x05, 0x20, 0x05, 0x20, 0x05, 0x20, 0x05, 0xff, 0xff, 0xff, 0xff,
    0xff, 0xff, 0xff, 0xff, 0x6f, 0x0a, 0x17, 0x10, 0x13, 0x12, 0x12, 0x13, 0x11, 0x14, 0x10, 0x06,
    0x06, 0x08, 0x10, 0x03, 0x0a, 0x07, 0x10, 0x01, 0x0d, 0x07, 0x1d, 0x07, 0x1d, 0x07, 0x13, 0x11,
    0x10, 0x14, 0x0f, 0x15, 0x0e, 0x16, 0x0d, 0x17, 0x0d, 0x09, 0x07, 0x07, 0x0c, 0x08, 0x09, 0x07,
    0x0c, 0x08, 0x09, 0x07, 0x0c, 0x08, 0x09, 0x07, 0x0c, 0x08, 0x08, 0x08, 0x0c, 0x08, 0x08, 0x08,
    0x0c, 0x08, 0x07, 0x09, 0x0d, 0x08, 0x05, 0x0a, 0x0d, 0x17, 0x0e, 0x16, 0x0f, 0x0d, 0x01, 0x07,
    0x10, 0x0b, 0x02, 0x07, 0x12, 0x07, 0xff, 0xff, 0xeb, 0x06, 0x1e, 0x06, 0x1e, 0x06, 0x1e, 0x06,
    0x1e, 0x06, 0x1e, 0x06, 0x1e, 0x06, 0x1e, 0x06, 0x1e, 0x06, 0x1e, 0x06, 0x05, 0x05, 0x14, 0x06,
    0x03, 0x09, 0x12, 0x06, 0x02, 0x0b, 0x11, 0x06, 0x01, 0x0d, 0x10, 0x15, 0x0f, 0x15, 0x0f, 0x09,
    0x04, 0x09, 0x0e, 0x08, 0x06, 0x08, 0x0e, 0x07, 0x08, 0x07, 0x0e, 0x07, 0x08, 0x07, 0x0e, 0x07,
    0x09, 0x07, 0x0d, 0x07, 0x09, 0x07, 0x0d, 0x06, 0x0a, 0x07, 0x0d, 0x06, 0x0a, 0x07, 0x0d, 0x06,
    0x0a, 0x07, 0x0d, 0x06, 0x0a, 0x07, 0x0d, 0x07, 0x09, 0x07, 0x0d, 0x07, 0x09, 0x07, 0x0d, 0x07,
    0x08, 0x07, 0x0e, 0x07, 0x08, 0x07, 0x0e, 0x08, 0x06, 0x08, 0x0e, 0x09, 0x04, 0x09, 0x0e, 0x15,
    0x0f, 0x15, 0x0f, 0x06, 0x01, 0x0d, 0x10, 0x06, 0x02, 0x0b, 0x11, 0x06, 0x03, 0x09, 0x1d, 0x05,
    0xff, 0xff, 0xff, 0xff, 0x35, 0x08, 0x19, 0x0e, 0x15, 0x10, 0x13, 0x11, 0x12, 0x12, 0x11, 0x13,
    0x11, 0x09, 0x06, 0x04, 0x10, 0x08, 0x0b, 0x01, 0x10, 0x07, 0x1c, 0x08, 0x1c, 0x07, 0x1d, 0x07,
    0x1d, 0x07, 0x1d, 0x07, 0x1d, 0x07, 0x1d, 0x07, 0x1d, 0x07, 0x1d, 0x07, 0x1d, 0x08, 0x1d, 0x07,
    0x1d, 0x08, 0x0b, 0x01, 0x11, 0x09, 0x07, 0x03, 0x11, 0x13, 0x12, 0x12, 0x13, 0x11, 0x14, 0x10,
    0x15, 0x0e, 0x19, 0x08, 0xff, 0xff, 0xf4, 0x06, 0x1e, 0x06, 0x1e, 0x06, 0x1e, 0x06, 0x1e, 0x06,
    0x1e, 0x06, 0x1e, 0x06, 0x1e, 0x06, 0x1e, 0x06, 0x14, 0x05, 0x05, 0x06, 0x12, 0x09, 0x03, 0x06,
    0x11, 0x0b, 0x02, 0x06, 0x10, 0x0d, 0x01, 0x06, 0x0f, 0x15, 0x0f, 0x15, 0x0e, 0x09, 0x04, 0x09,
    0x0e, 0x08, 0x06, 0x08, 0x0e, 0x07, 0x07, 0x08, 0x0d, 0x08, 0x08, 0x07, 0x0d, 0x07, 0x09, 0x07,
    0x0d, 0x07, 0x09, 0x07, 0x0d, 0x07, 0x09, 0x07, 0x0d, 0x07, 0x0a, 0x06, 0x0d, 0x07, 0x0a, 0x06,
    0x0d, 0x07, 0x09, 0x07, 0x0d, 0x07, 0x09, 0x07, 0x0d, 0x07, 0x09, 0x07, 0x0d, 0x08, 0x08, 0x07,
    0x0e, 0x07, 0x07, 0x08, 0x0e, 0x08, 0x06, 0x08, 0x0e, 0x09, 0x04, 0x09, 0x0f, 0x15, 0x0f, 0x15,
    0x10, 0x0d, 0x01, 0x06, 0x11, 0x0b, 0x02, 0x06, 0x12, 0x09, 0x03, 0x06, 0x14, 0x05, 0xff, 0xff,
    0xff, 0xff, 0x39, 0x07, 0x1a, 0x0d, 0x16, 0x10, 0x13, 0x12, 0x11, 0x13, 0x10, 0x15, 0x0f, 0x08,
    0x05, 0x09, 0x0d, 0x08, 0x08, 0x07, 0x0d, 0x07, 0x09, 0x07, 0x0d, 0x07, 0x0a, 0x07, 0x0b, 0x07,
    0x0b, 0x07, 0x0b, 0x19, 0x0b, 0x19, 0x0b, 0x19, 0x0b, 0x19, 0x0b, 0x19, 0x0b, 0x07, 0x1d, 0x07,
    0x1e, 0x07, 0x1d, 0x07, 0x1d, 0x08, 0x0d, 0x02, 0x0e, 0x09, 0x08, 0x05, 0x0e, 0x16, 0x0f, 0x15,
    0x10, 0x14, 0x11, 0x13, 0x13, 0x0f, 0x17, 0x0a, 0xff, 0xff, 0xf0, 0x0a, 0x18, 0x0c, 0x17, 0x0d,
    0x16, 0x0e, 0x16, 0x0e, 0x16, 0x07, 0x1d, 0x07, 0x1c, 0x07, 0x1d, 0x07, 0x1d, 0x07, 0x17, 0x15,
    0x0f, 0x15, 0x0f, 0x15, 0x0f, 0x15, 0x0f, 0x15, 0x15, 0x07, 0x1d, 0x07, 0x1d, 0x07, 0x1d, 0x07,
    0x1d, 0x07, 0x1d, 0x07, 0x1d, 0x07, 0x1d, 0x07, 0x1d, 0x07, 0x1d, 0x07, 0x1d, 0x07, 0x1d, 0x07,
    0x1d, 0x07, 0x1d, 0x07, 0x1d, 0x07, 0x1d, 0x07, 0x1d, 0x07, 0x1d, 0x07, 0x1d, 0x07, 0x1d, 0x07,
    0x1d, 0x07, 0xff, 0xff, 0xff, 0xff, 0x58, 0x06, 0x1c, 0x09, 0x03, 0x07, 0x10, 0x0c, 0x01, 0x07,
    0x0f, 0x0d, 0x01, 0x07, 0x0e, 0x16, 0x0e, 0x16, 0x0e, 0x08, 0x04, 0x0a, 0x0d, 0x08, 0x06, 0x09,
    0x0d, 0x07, 0x08, 0x08, 0x0d, 0x07, 0x08, 0x08, 0x0d, 0x07, 0x08, 0x08, 0x0c, 0x07, 0x0a, 0x07,
    0x0c, 0x07, 0x0a, 0x07, 0x0c, 0x07, 0x0a, 0x07, 0x0c, 0x07, 0x0a, 0x07, 0x0c, 0x07, 0x0a, 0x07,
    0x0c, 0x08, 0x08, 0x08, 0x0d, 0x07, 0x08, 0x08, 0x0d, 0x07, 0x08, 0x08, 0x0d, 0x08, 0x06, 0x09,
    0x0d, 0x09, 0x04, 0x0a, 0x0e, 0x16, 0x0e, 0x16, 0x0f, 0x15, 0x10, 0x0c, 0x01, 0x07, 0x11, 0x0a,
    0x02, 0x07, 0x13, 0x06, 0x04, 0x07, 0x1d, 0x07, 0x1c, 0x07, 0x1d, 0x07, 0x10, 0x02, 0x09, 0x09,
    0x10, 0x14, 0x10, 0x13, 0x11, 0x12, 0x12, 0x11, 0x13, 0x10, 0x17, 0x0a, 0xff, 0xa3, 0x07, 0x1d,
    0x07, 0x1d, 0x07, 0x1d, 0x07, 0x1d, 0x07, 0x1d, 0x07, 0x1d, 0x07, 0x1d, 0x07, 0x1d, 0x07, 0x1d,
    0x07, 0x04, 0x05, 0x14, 0x07, 0x02, 0x09, 0x12, 0x07, 0x01, 0x0b, 0x11, 0x14, 0x10, 0x14, 0x10,
    0x15, 0x0f, 0x09, 0x04, 0x08, 0x0f, 0x08, 0x06, 0x07, 0x0f, 0x07, 0x07, 0x07, 0x0f, 0x07, 0x07,
    0x07, 0x0f, 0x07, 0x07, 0x07, 0x0f, 0x07, 0x07, 0x07, 0x0f, 0x07, 0x07, 0x07, 0x0f, 0x07, 0x07,
    0x07, 0x0f, 0x07, 0x07, 0x07, 0x0f, 0x07, 0x07, 0x07, 0x0f, 0x07, 0x07, 0x07, 0x0f, 0x07, 0x07,
    0x07, 0x0f, 0x07, 0x07, 0x07, 0x0f, 0x07, 0x07, 0x07, 0x0f, 0x07, 0x07, 0x07, 0x0f, 0x07, 0x07,
    0x07, 0x0f, 0x07, 0x07, 0x07, 0x0f, 0x07, 0x07, 0x07, 0x0f, 0x07, 0x07, 0x07, 0x0f, 0x07, 0x07,
    0x07, 0x0f, 0x07, 0x07, 0x07, 0xff, 0xff, 0xa1, 0x07, 0x1d, 0x07, 0x1d, 0x07, 0x1d, 0x07, 0x1d,
    0x07, 0x1d, 0x07, 0x1d, 0x07, 0x1d, 0x07, 0xca, 0x0e, 0x16, 0x0e, 0x16, 0x0e, 0x16, 0x0e, 0x16,
    0x0e, 0x1d, 0x07, 0x1d, 0x07, 0x1d, 0x07, 0x1d, 0x07, 0x1d, 0x07, 0x1d, 0x07, 0x1d, 0x07, 0x1d,
    0x07, 0x1d, 0x07, 0x1d, 0x07, 0x1d, 0x07, 0x1d, 0x07, 0x1d, 0x07, 0x1d, 0x07, 0x1d, 0x07, 0x1d,
    0x07, 0x14, 0x18, 0x0c, 0x18, 0x0c, 0x18, 0x0c, 0x18, 0x0c, 0x18, 0xff, 0xff, 0xa0, 0x07, 0x1d,
    0x07, 0x1d, 0x07, 0x1d, 0x07, 0x1d, 0x07, 0x1d, 0x07, 0x1d, 0x07, 0x1d, 0x07, 0xca, 0x0e, 0x16,
    0x0e, 0x16, 0x0e, 0x16, 0x0e, 0x16, 0x0e, 0x1d, 0x07, 0x1d, 0x07, 0x1d, 0x07, 0x1d, 0x07, 0x1d,
    0x07, 0x1d, 0x07, 0x1d, 0x07, 0x1d, 0x07, 0x1d, 0x07, 0x1d, 0x07, 0x1d, 0x07, 0x1d, 0x07, 0x1d,
    0x07, 0x1d, 0x07, 0x1d, 0x07, 0x1d, 0x07, 0x1d, 0x07, 0x1d, 0x07, 0x1d, 0x07, 0x1d, 0x07, 0x1d,
    0x07, 0x1d, 0x07, 0x1d, 0x07, 0x1d, 0x07, 0x1c, 0x08, 0x1b, 0x08, 0x14, 0x10, 0x14, 0x0f, 0x15,
    0x0f, 0x15, 0x0e, 0x16, 0x0c, 0xff, 0xa6, 0x07, 0x1d, 0x07, 0x1d, 0x07, 0x1d, 0x07, 0x1d, 0x07,
    0x1d, 0x07, 0x1d, 0x07, 0x1d, 0x07, 0x1d, 0x07, 0x1d, 0x07, 0x1d, 0x07, 0x08, 0x08, 0x0d, 0x07,
    0x07, 0x08, 0x0e, 0x07, 0x06, 0x08, 0x0f, 0x07, 0x05, 0x08, 0x10, 0x07, 0x04, 0x08, 0x11, 0x07,
    0x03, 0x08, 0x12, 0x07, 0x02, 0x08, 0x13, 0x07, 0x01, 0x08, 0x14, 0x0f, 0x15, 0x0e, 0x16, 0x0e,
    0x16, 0x0f, 0x15, 0x0f, 0x15, 0x10, 0x14, 0x09, 0x01, 0x07, 0x13, 0x08, 0x02, 0x07, 0x13, 0x07,
    0x04, 0x07, 0x12, 0x07, 0x04, 0x08, 0x11, 0x07, 0x05, 0x07, 0x11, 0x07, 0x06, 0x07, 0x10, 0x07,
    0x06, 0x08, 0x0f, 0x07, 0x07, 0x07, 0x0f, 0x07, 0x07, 0x08, 0x0e, 0x07, 0x08, 0x07, 0x0e, 0x07,
    0x09, 0x07, 0x0d, 0x07, 0x09, 0x08, 0xff, 0xff, 0xff, 0x01, 0x0e, 0x16, 0x0e, 0x16, 0x0e, 0x16,
    0x0e, 0x16, 0x0e, 0x1d, 0x07, 0x1d, 0x07, 0x1d, 0x07, 0x1d, 0x07, 0x1d, 0x07, 0x1d, 0x07, 0x1d,
    0x07, 0x1d, 0x07, 0x1d, 0x07, 0x1d, 0x07, 0x1d, 0x07, 0x1d, 0x07, 0x1d, 0x07, 0x1d, 0x07, 0x1d,
    0x07, 0x1d, 0x07, 0x1d, 0x07, 0x1d, 0x07, 0x1d, 0x07, 0x1d, 0x07, 0x1d, 0x07, 0x1d, 0x07, 0x1d,
    0x07, 0x1d, 0x07, 0x1d, 0x08, 0x1d, 0x08, 0x1c, 0x10, 0x15, 0x0f, 0x15, 0x0f, 0x16, 0x0e, 0x19,
    0x0b, 0xff, 0xff, 0xff, 0xff, 0x50, 0x04, 0x05, 0x05, 0x0e, 0x05, 0x01, 0x07, 0x03, 0x07, 0x0d,
    0x05, 0x01, 0x08, 0x01, 0x09, 0x0c, 0x18, 0x0c, 0x18, 0x0c, 0x19, 0x0b, 0x06, 0x03, 0x07, 0x03,
    0x06, 0x0b, 0x06, 0x03, 0x07, 0x03, 0x06, 0x0b, 0x06, 0x04, 0x05, 0x04, 0x06, 0x0b, 0x06, 0x04,
    0x05, 0x04, 0x06, 0x0b, 0x06, 0x04, 0x05, 0x04, 0x06, 0x0b, 0x06, 0x04, 0x05, 0x04, 0x06, 0x0b,
    0x06, 0x04, 0x05, 0x04, 0x06, 0x0b, 0x06, 0x04, 0x05, 0x04, 0x06, 0x0b, 0x06, 0x04, 0x05, 0x04,
    0x06, 0x0b, 0x06, 0x04, 0x05, 0x04, 0x06, 0x0b, 0x06, 0x04, 0x05, 0x04, 0x06, 0x0b, 0x06, 0x04,
    0x05, 0x04, 0x06, 0x0b, 0x06, 0x04, 0x05, 0x04, 0x06, 0x0b, 0x06, 0x04, 0x05, 0x04, 0x06, 0x0b,
    0x06, 0x04, 0x05, 0x04, 0x06, 0x0b, 0x06, 0x04, 0x05, 0x04, 0x06, 0x0b, 0x06, 0x04, 0x05, 0x04,
    0x06, 0x0b, 0x06, 0x04, 0x05, 0x04, 0x06, 0x0b, 0x06, 0x04, 0x05, 0x04, 0x06, 0x0b, 0x06, 0x04,
    0x05, 0x04, 0x06, 0x0b, 0x06, 0x04, 0x05, 0x04, 0x06, 0xff, 0xff, 0xff, 0xff, 0x54, 0x05, 0x14,
    0x07, 0x02, 0x09, 0x12, 0x07, 0x01, 0x0b, 0x11, 0x14, 0x10, 0x14, 0x10, 0x15, 0x0f, 0x09, 0x04,
    0x08, 0x0f, 0x08, 0x06, 0x07, 0x0f, 0x07, 0x07, 0x07, 0x0f, 0x07, 0x07, 0x07, 0x0f, 0x07, 0x07,
    0x07, 0x0f, 0x07, 0x07, 0x07, 0x0f, 0x07, 0x07, 0x07, 0x0f, 0x07, 0x07, 0x07, 0x0f, 0x07, 0x07,
    0x07, 0x0f, 0x07, 0x07, 0x07, 0x0f, 0x07, 0x07, 0x07, 0x0f, 0x07, 0x07, 0x07, 0x0f, 0x07, 0x07,
    0x07, 0x0f, 0x07, 0x07, 0x07, 0x0f, 0x07, 0x07, 0x07, 0x0f, 0x07, 0x07, 0x07, 0x0f, 0x07, 0x07,
    0x07, 0x0f, 0x07, 0x07, 0x07, 0x0f, 0x07, 0x07, 0x07, 0x0f, 0x07, 0x07, 0x07, 0x0f, 0x07, 0x07,
    0x07, 0xff, 0xff, 0xff, 0xff, 0x52, 0x07, 0x1a, 0x0c, 0x17, 0x0f, 0x14, 0x11, 0x12, 0x13, 0x10,
    0x15, 0x0f, 0x08, 0x05, 0x08, 0x0e, 0x08, 0x07, 0x07, 0x0e, 0x07, 0x09, 0x07, 0x0d, 0x07, 0x09,
    0x07, 0x0d, 0x07, 0x09, 0x07, 0x0c, 0x07, 0x0b, 0x06, 0x0c, 0x07, 0x0b, 0x07, 0x0b, 0x07, 0x0b,
    0x07, 0x0b, 0x07, 0x0b, 0x07, 0x0b, 0x07, 0x0b, 0x07, 0x0b, 0x07, 0x0b, 0x06, 0x0d, 0x07, 0x09,
    0x07, 0x0d, 0x07, 0x09, 0x07, 0x0d, 0x07, 0x09, 0x07, 0x0d, 0x08, 0x07, 0x07, 0x0f, 0x08, 0x05,
    0x08, 0x0f, 0x15, 0x10, 0x13, 0x12, 0x11, 0x14, 0x0f, 0x16, 0x0c, 0x1b, 0x07, 0xff, 0xff, 0xff,
    0xff, 0x39, 0x05, 0x14, 0x06, 0x03, 0x09, 0x12, 0x06, 0x02, 0x0b, 0x11, 0x06, 0x01, 0x0d, 0x10,
    0x15, 0x0f, 0x15, 0x0f, 0x09, 0x04, 0x09, 0x0e, 0x08, 0x06, 0x08, 0x0e, 0x07, 0x08, 0x07, 0x0e,
    0x07, 0x08, 0x07, 0x0e, 0x07, 0x09, 0x07, 0x0d, 0x07, 0x09, 0x07, 0x0d, 0x06, 0x0a, 0x07, 0x0d,
    0x06, 0x0a, 0x07, 0x0d, 0x06, 0x0a, 0x07, 0x0d, 0x06, 0x0a, 0x07, 0x0d, 0x07, 0x09, 0x07, 0x0d,
    0x07, 0x09, 0x07, 0x0d, 0x07, 0x08, 0x07, 0x0e, 0x07, 0x08, 0x07, 0x0e, 0x08, 0x06, 0x08, 0x0e,
    0x09, 0x04, 0x09, 0x0e, 0x15, 0x0f, 0x15, 0x0f, 0x06, 0x01, 0x0d, 0x10, 0x06, 0x02, 0x0b, 0x11,
    0x06, 0x03, 0x09, 0x12, 0x06, 0x05, 0x05, 0x14, 0x06, 0x1e, 0x06, 0x1e, 0x06, 0x1e, 0x06, 0x1e,
    0x06, 0x1e, 0x06, 0x1e, 0x06, 0x1e, 0x06, 0x1e, 0x06, 0xff, 0xff, 0xf5, 0x05, 0x1d, 0x09, 0x03,
    0x06, 0x11, 0x0b, 0x02, 0x06, 0x10, 0x0d, 0x01, 0x06, 0x0f, 0x15, 0x0f, 0x15, 0x0e, 0x09, 0x04,
    0x09, 0x0e, 0x08, 0x06, 0x08, 0x0e, 0x07, 0x07, 0x08, 0x0d, 0x08, 0x08, 0x07, 0x0d, 0x07, 0x09,
    0x07, 0x0d, 0x07, 0x09, 0x07, 0x0d, 0x07, 0x09, 0x07, 0x0d, 0x07, 0x0a, 0x06, 0x0d, 0x07, 0x0a,
    0x06, 0x0d, 0x07, 0x09, 0x07, 0x0d, 0x07, 0x09, 0x07, 0x0d, 0x07, 0x09, 0x07, 0x0d, 0x08, 0x08,
    0x07, 0x0e, 0x07, 0x07, 0x08, 0x0e, 0x08, 0x06, 0x08, 0x0e, 0x09, 0x04, 0x09, 0x0f, 0x15, 0x0f,
    0x15, 0x10, 0x0d, 0x01, 0x06, 0x11, 0x0b, 0x02, 0x06, 0x12, 0x09, 0x03, 0x06, 0x14, 0x05, 0x05,
    0x06, 0x1e, 0x06, 0x1e, 0x06, 0x1e, 0x06, 0x1e, 0x06, 0x1e, 0x06, 0x1e, 0x06, 0x1e, 0x06, 0x1e,
    0x06, 0x1e, 0x06, 0xff, 0xff, 0xef, 0x07, 0x12, 0x07, 0x02, 0x0b, 0x10, 0x07, 0x01, 0x0c, 0x10,
    0x14, 0x10, 0x14, 0x10, 0x14, 0x10, 0x0b, 0x06, 0x03, 0x10, 0x09, 0x0a, 0x01, 0x10, 0x08, 0x1c,
    0x07, 0x1d, 0x07, 0x1d, 0x07, 0x1d, 0x07, 0x1d, 0x07, 0x1d, 0x07, 0x1d, 0x07, 0x1d, 0x07, 0x1d,
    0x07, 0x1d, 0x07, 0x1d, 0x07, 0x1d, 0x07, 0x1d, 0x07, 0x1d, 0x07, 0x1d, 0x07, 0x1d, 0x07, 0x1d,
    0x07, 0x1d, 0x07, 0xff, 0xff, 0xff, 0xff, 0x5c, 0x0a, 0x18, 0x0f, 0x13, 0x11, 0x12, 0x12, 0x12,
    0x12, 0x11, 0x13, 0x11, 0x08, 0x09, 0x02, 0x11, 0x07, 0x1d, 0x07, 0x1d, 0x08, 0x1c, 0x0c, 0x19,
    0x0f, 0x15, 0x11, 0x14, 0x11, 0x15, 0x10, 0x16, 0x0e, 0x1b, 0x0a, 0x1c, 0x08, 0x1d, 0x07, 0x1e,
    0x06, 0x10, 0x01, 0x0c, 0x07, 0x0f, 0x05, 0x08, 0x08, 0x0f, 0x15, 0x0f, 0x14, 0x10, 0x14, 0x10,
    0x13, 0x13, 0x0f, 0x19, 0x09, 0xff, 0xff, 0xff, 0x59, 0x07, 0x1d, 0x07, 0x1d, 0x07, 0x1d, 0x07,
    0x1d, 0x07, 0x1d, 0x07, 0x1d, 0x07, 0x17, 0x16, 0x0e, 0x16, 0x0e, 0x16, 0x0e, 0x16, 0x0e, 0x16,
    0x14, 0x07, 0x1d, 0x07, 0x1d, 0x07, 0x1d, 0x07, 0x1d, 0x07, 0x1d, 0x07, 0x1d, 0x07, 0x1d, 0x07,
    0x1d, 0x07, 0x1d, 0x07, 0x1d, 0x07, 0x1d, 0x07, 0x1d, 0x07, 0x1d, 0x07, 0x1d, 0x08, 0x1d, 0x07,
    0x1d, 0x0f, 0x15, 0x0f, 0x16, 0x0e, 0x17, 0x0d, 0x19, 0x0b, 0xff, 0xff, 0xff, 0xff, 0x6f, 0x07,
    0x07, 0x07, 0x0f, 0x07, 0x07, 0x07, 0x0f, 0x07, 0x07, 0x07, 0x0f, 0x07, 0x07, 0x07, 0x0f, 0x07,
    0x07, 0x07, 0x0f, 0x07, 0x07, 0x07, 0x0f, 0x07, 0x07, 0x07, 0x0f, 0x07, 0x07, 0x07, 0x0f, 0x07,
    0x07, 0x07, 0x0f, 0x07, 0x07, 0x07, 0x0f, 0x07, 0x07, 0x07, 0x0f, 0x07, 0x07, 0x07, 0x0f, 0x07,
    0x07, 0x07, 0x0f, 0x07, 0x07, 0x07, 0x0f, 0x07, 0x07, 0x07, 0x0f, 0x07, 0x07, 0x07, 0x0f, 0x07,
    0x07, 0x07, 0x0f, 0x07, 0x07, 0x07, 0x0f, 0x07, 0x06, 0x08, 0x0f, 0x07, 0x06, 0x08, 0x0f, 0x08,
    0x04, 0x09, 0x0f, 0x15, 0x10, 0x14, 0x10, 0x0c, 0x01, 0x07, 0x11, 0x0b, 0x01, 0x07, 0x12, 0x09,
    0x02, 0x07, 0x13, 0x06, 0xff, 0xff, 0xff, 0xff, 0x54, 0x07, 0x0b, 0x07, 0x0b, 0x07, 0x0b, 0x07,
    0x0c, 0x07, 0x09, 0x07, 0x0d, 0x07, 0x09, 0x07, 0x0d, 0x07, 0x09, 0x07, 0x0e, 0x06, 0x09, 0x06,
    0x0f, 0x07, 0x07, 0x07, 0x0f, 0x07, 0x07, 0x07, 0x10, 0x06, 0x07, 0x06, 0x11, 0x06, 0x06, 0x07,
    0x11, 0x07, 0x05, 0x07, 0x12, 0x06, 0x05, 0x06, 0x13, 0x06, 0x05, 0x06, 0x13, 0x07, 0x03, 0x07,
    0x14, 0x06, 0x03, 0x06, 0x15, 0x06, 0x03, 0x06, 0x15, 0x06, 0x02, 0x07, 0x15, 0x07, 0x01, 0x06,
    0x17, 0x06, 0x01, 0x06, 0x17, 0x0d, 0x17, 0x0c, 0x19, 0x0b, 0x19, 0x0b, 0x19, 0x0a, 0x1b, 0x09,
    0x1b, 0x09, 0xff, 0xff, 0xff, 0xff, 0x71, 0x06, 0x11, 0x06, 0x07, 0x06, 0x11, 0x06, 0x07, 0x06,
    0x11, 0x05, 0x09, 0x05, 0x11, 0x05, 0x09, 0x05, 0x10, 0x06, 0x09, 0x06, 0x0f, 0x06, 0x09, 0x06,
    0x0f, 0x06, 0x09, 0x06, 0x05, 0x05, 0x05, 0x06, 0x0a, 0x05, 0x04, 0x07, 0x04, 0x05, 0x0b, 0x05,
    0x04, 0x07, 0x04, 0x05, 0x0b, 0x05, 0x04, 0x07, 0x04, 0x05, 0x0b, 0x06, 0x03, 0x07, 0x03, 0x06,
    0x0b, 0x06, 0x02, 0x08, 0x03, 0x06, 0x0b, 0x06, 0x02, 0x09, 0x02, 0x05, 0x0d, 0x05, 0x02, 0x04,
    0x01, 0x04, 0x02, 0x05, 0x0d, 0x05, 0x02, 0x04, 0x01, 0x04, 0x02, 0x05, 0x0d, 0x05, 0x02, 0x04,
    0x01, 0x04, 0x02, 0x05, 0x0d, 0x05, 0x01, 0x04, 0x03, 0x03, 0x01, 0x06, 0x0d, 0x0a, 0x03, 0x0a,
    0x0e, 0x09, 0x03, 0x09, 0x0f, 0x09, 0x03, 0x09, 0x0f, 0x08, 0x05, 0x08, 0x0f, 0x08, 0x05, 0x08,
    0x0f, 0x08, 0x05, 0x08, 0x0f, 0x08, 0x05, 0x07, 0x11, 0x06, 0x07, 0x06, 0xff, 0xff, 0xff, 0xff,
    0x6e, 0x08, 0x09, 0x07, 0x0d, 0x08, 0x07, 0x08, 0x0e, 0x07, 0x06, 0x08, 0x10, 0x07, 0x05, 0x07,
    0x11, 0x08, 0x03, 0x08, 0x12, 0x07, 0x03, 0x07, 0x14, 0x07, 0x01, 0x07, 0x15, 0x0f, 0x16, 0x0d,
    0x18, 0x0b, 0x1a, 0x09, 0x1b, 0x09, 0x1c, 0x07, 0x1c, 0x09, 0x1b, 0x09, 0x1a, 0x0b, 0x18, 0x0d,
    0x16, 0x0f, 0x15, 0x07, 0x01, 0x07, 0x14, 0x07, 0x03, 0x07, 0x12, 0x08, 0x03, 0x08, 0x11, 0x07,
    0x05, 0x07, 0x10, 0x07, 0x07, 0x07, 0x0e, 0x08, 0x07, 0x08, 0x0c, 0x08, 0x09, 0x08, 0x0b, 0x08,
    0x09, 0x08, 0xff, 0xff, 0xff, 0xff, 0x6b, 0x07, 0x0b, 0x07, 0x0b, 0x07, 0x0b, 0x07, 0x0b, 0x07,
    0x0a, 0x08, 0x0c, 0x07, 0x09, 0x07, 0x0d, 0x07, 0x09, 0x07, 0x0e, 0x07, 0x07, 0x08, 0x0e, 0x07,
    0x07, 0x07, 0x0f, 0x07, 0x07, 0x07, 0x10, 0x07, 0x05, 0x07, 0x11, 0x07, 0x05, 0x07, 0x12, 0x06,
    0x05, 0x07, 0x12, 0x07, 0x03, 0x07, 0x13, 0x07, 0x03, 0x07, 0x14, 0x06, 0x03, 0x07, 0x14, 0x07,
    0x01, 0x07, 0x15, 0x07, 0x01, 0x07, 0x16, 0x0d, 0x17, 0x0d, 0x18, 0x0c, 0x18, 0x0b, 0x19, 0x0b,
    0x1a, 0x0a, 0x1a, 0x09, 0x1c, 0x08, 0x1c, 0x07, 0x1d, 0x07, 0x1d, 0x07, 0x1d, 0x06, 0x1d, 0x07,
    0x1d, 0x07, 0x1b, 0x08, 0x17, 0x0d, 0x17, 0x0c, 0x18, 0x0b, 0x19, 0x0a, 0x1a, 0x08, 0xff, 0xff,
    0xff, 0x14, 0x15, 0x0f, 0x15, 0x0f, 0x15, 0x0f, 0x15, 0x0f, 0x15, 0x1c, 0x08, 0x1b, 0x08, 0x1b,
    0x08, 0x1c, 0x08, 0x1b, 0x08, 0x1b, 0x08, 0x1b, 0x08, 0x1b, 0x08, 0x1b, 0x08, 0x1b, 0x08, 0x1b,
    0x08, 0x1b, 0x09, 0x1b, 0x08, 0x1b, 0x08, 0x1b, 0x08, 0x1b, 0x08, 0x1c, 0x15, 0x0f, 0x15, 0x0f,
    0x15, 0x0f, 0x15, 0x0f, 0x15, 0xff, 0xff, 0xff, 0x12, 0x09, 0x19, 0x0b, 0x18, 0x0c, 0x17, 0x0d,
    0x17, 0x07, 0x1d, 0x06, 0x1d, 0x07, 0x1d, 0x07, 0x1d, 0x07, 0x1d, 0x07, 0x1d, 0x07, 0x1d, 0x07,
    0x1d, 0x07, 0x1d, 0x07, 0x1d, 0x07, 0x1d, 0x07, 0x1d, 0x07, 0x1d, 0x06, 0x1d, 0x07, 0x1c, 0x08,
    0x17, 0x0c, 0x18, 0x0a, 0x1a, 0x0a, 0x1a, 0x0c, 0x1d, 0x08, 0x1d, 0x07, 0x1e, 0x06, 0x1e, 0x07,
    0x1d, 0x07, 0x1d, 0x07, 0x1d, 0x07, 0x1d, 0x07, 0x1d, 0x07, 0x1d, 0x07, 0x1d, 0x07, 0x1d, 0x07,
    0x1d, 0x07, 0x1d, 0x07, 0x1e, 0x06, 0x1e, 0x07, 0x1d, 0x0d, 0x18, 0x0c, 0x19, 0x0b, 0x1b, 0x09,
    0xff, 0xec, 0x05, 0x1f, 0x05, 0x1f, 0x05, 0x1f, 0x05, 0x1f, 0x05, 0x1f, 0x05, 0x1f, 0x05, 0x1f,
    0x05, 0x1f, 0x05, 0x1f, 0x05, 0x1f, 0x05, 0x1f, 0x05, 0x1f, 0x05, 0x1f, 0x05, 0x1f, 0x05, 0x1f,
    0x05, 0x1f, 0x05, 0x1f, 0x05, 0x1f, 0x05, 0x1f, 0x05, 0x1f, 0x05, 0x1f, 0x05, 0x1f, 0x05, 0x1f,
    0x05, 0x1f, 0x05, 0x1f, 0x05, 0x1f, 0x05, 0x1f, 0x05, 0x1f, 0x05, 0x1f, 0x05, 0x1f, 0x05, 0x1f,
    0x05, 0x1f, 0x05, 0x1f, 0x05, 0x1f, 0x05, 0x1f, 0x05, 0x1f, 0x05, 0x1f, 0x05, 0x1f, 0x05, 0x1f,
    0x05, 0x1f, 0x05, 0x1f, 0x05, 0x1f, 0x05, 0x1f, 0x05, 0x1f, 0x05, 0x1f, 0x05, 0x1f, 0x05, 0x1f,
    0x05, 0xff, 0x5c, 0x09, 0x1b, 0x0b, 0x19, 0x0c, 0x18, 0x0d, 0x1d, 0x07, 0x1e, 0x06, 0x1e, 0x06,
    0x1e, 0x06, 0x1e, 0x06, 0x1e, 0x06, 0x1e, 0x06, 0x1e, 0x06, 0x1e, 0x06, 0x1e, 0x06, 0x1e, 0x07,
    0x1d, 0x07, 0x1d, 0x07, 0x1d, 0x07, 0x1e, 0x07, 0x1d, 0x08, 0x1d, 0x0c, 0x1a, 0x0a, 0x1a, 0x0a,
    0x18, 0x0c, 0x17, 0x08, 0x1c, 0x07, 0x1c, 0x07, 0x1d, 0x07, 0x1d, 0x07, 0x1d, 0x07, 0x1d, 0x06,
    0x1e, 0x06, 0x1e, 0x06, 0x1e, 0x06, 0x1e, 0x06, 0x1e, 0x06, 0x1e, 0x06, 0x1e, 0x06, 0x1e, 0x06,
    0x1d, 0x07, 0x17, 0x0d, 0x17, 0x0c, 0x18, 0x0b, 0x19, 0x09, 0xff, 0xff, 0xff, 0xff, 0x59, 0x06,
    0x0e, 0x01, 0x0d, 0x0b, 0x0a, 0x02, 0x0c, 0x0e, 0x06, 0x04, 0x0b, 0x19, 0x0b, 0x19, 0x0b, 0x04,
    0x06, 0x0e, 0x0c, 0x02, 0x0b, 0x0a, 0x0d, 0x01, 0x0e, 0x06, 0xff, 0xff, 0xff, 0xbb, 0x1e, 0x06,
    0x1e, 0x06, 0x1e, 0x06, 0x03, 0x18, 0x03, 0x06, 0x03, 0x18, 0x03, 0x06, 0x03, 0x18, 0x03, 0x06,
    0x03, 0x18, 0x03, 0x06, 0x03, 0x18, 0x03, 0x06, 0x03, 0x18, 0x03, 0x06, 0x03, 0x18, 0x03, 0x06,
    0x03, 0x18, 0x03, 0x06, 0x03, 0x18, 0x03, 0x06, 0x03, 0x18, 0x03, 0x06, 0x03, 0x18, 0x03, 0x06,
    0x03, 0x18, 0x03, 0x06, 0x03, 0x18, 0x03, 0x06, 0x03, 0x18, 0x03, 0x06, 0x03, 0x18, 0x03, 0x06,
    0x03, 0x18, 0x03, 0x06, 0x03, 0x18, 0x03, 0x06, 0x03, 0x18, 0x03, 0x06, 0x03, 0x18, 0x03, 0x06,
    0x03, 0x18, 0x03, 0x06, 0x03, 0x18, 0x03, 0x06, 0x03, 0x18, 0x03, 0x06, 0x03, 0x18, 0x03, 0x06,
    0x03, 0x18, 0x03, 0x06, 0x03, 0x18, 0x03, 0x06, 0x03, 0x18, 0x03, 0x06, 0x03, 0x18, 0x03, 0x06,
    0x03, 0x18, 0x03, 0x06, 0x03, 0x18, 0x03, 0x06, 0x03, 0x18, 0x03, 0x06, 0x03, 0x18, 0x03, 0x06,
    0x03, 0x18, 0x03, 0x06, 0x03, 0x18, 0x03, 0x06, 0x03, 0x18, 0x03, 0x06, 0x03, 0x18, 0x03, 0x06,
    0x03, 0x18, 0x03, 0x06, 0x03, 0x18, 0x03, 0x06, 0x03, 0x18, 0x03, 0x06, 0x03, 0x18, 0x03, 0x06,
    0x03, 0x18, 0x03, 0x06, 0x03, 0x18, 0x03, 0x06, 0x03, 0x18, 0x03, 0x06, 0x03, 0x18, 0x03, 0x06,
    0x03, 0x18, 0x03, 0x06, 0x03, 0x18, 0x03, 0x06, 0x1e, 0x06, 0x1e, 0x06, 0x1e, 0x6f, 0x24, 0x39,
    0x0c, 0x13, 0x20, 0x00, 0x60, 0x00, 0x01, 0x01, 0x83, 0x23, 0x00, 0x00, 0xff, 0xff, 0xff, 0xff,
    0xff, 0xff, 0xff, 0xff, 0xff, 0x84, 0x05, 0x1f, 0x05, 0x1f, 0x05, 0x1f, 0x05, 0x1f, 0x04, 0x1f,
    0x05, 0x1f, 0x05, 0x1f, 0x05, 0x1f, 0x05, 0x1f, 0x04, 0x20, 0x04, 0x1f, 0x05, 0x1f, 0x05, 0x1f,
    0x05, 0x1f, 0x04, 0x20, 0x04, 0x1f, 0x05, 0x1f, 0x05, 0x1f, 0x05, 0x1f, 0x04, 0x20, 0x04, 0x20,
    0x04, 0x20, 0x04, 0x1f, 0x04, 0xd3, 0x05, 0x1f, 0x04, 0x1f, 0x05, 0x1f, 0x05, 0x1f, 0x05, 0x1f,
    0x05, 0xff, 0xff, 0xff, 0x39, 0x04, 0x05, 0x04, 0x17, 0x04, 0x05, 0x04, 0x17, 0x04, 0x05, 0x04,
    0x17, 0x04, 0x05, 0x04, 0x17, 0x04, 0x05, 0x04, 0x17, 0x04, 0x05, 0x04, 0x17, 0x04, 0x05, 0x04,
    0x17, 0x04, 0x05, 0x04, 0x17, 0x04, 0x05, 0x04, 0x17, 0x04, 0x05, 0x04, 0x17, 0x04, 0x05, 0x04,
    0x17, 0x04, 0x05, 0x04, 0x17, 0x04, 0x05, 0x04, 0xff, 0xff, 0xff, 0xff, 0xff, 0xff, 0x75, 0x04,
    0x05, 0x04, 0x17, 0x03, 0x06, 0x04, 0x16, 0x04, 0x06, 0x04, 0x16, 0x04, 0x06, 0x03, 0x17, 0x04,
    0x06, 0x03, 0x17, 0x03, 0x06, 0x04, 0x17, 0x03, 0x06, 0x04, 0x16, 0x04, 0x06, 0x04, 0x16, 0x04,
    0x06, 0x03, 0x17, 0x04, 0x05, 0x04, 0x10, 0x1a, 0x0a, 0x1a, 0x0a, 0x19, 0x0b, 0x19, 0x11, 0x03,
    0x06, 0x04, 0x16, 0x04, 0x06, 0x04, 0x16, 0x04, 0x06, 0x03, 0x17, 0x03, 0x06, 0x04, 0x16, 0x04,
    0x06, 0x04, 0x16, 0x04, 0x06, 0x03, 0x17, 0x04, 0x05, 0x04, 0x11, 0x19, 0x0a, 0x1a, 0x0a, 0x19,
    0x0b, 0x19, 0x11, 0x03, 0x06, 0x04, 0x16, 0x04, 0x06, 0x04, 0x16, 0x04, 0x06, 0x03, 0x17, 0x04,
    0x05, 0x04, 0x17, 0x03, 0x06, 0x04, 0x16, 0x04, 0x06, 0x04, 0x16, 0x04, 0x06, 0x03, 0x17, 0x04,
    0x05, 0x04, 0x17, 0x03, 0x06, 0x04, 0xff, 0xff, 0xf6, 0x02, 0x22, 0x02, 0x21, 0x03, 0x21, 0x03,
    0x21, 0x02, 0x22, 0x02, 0x1e, 0x0b, 0x17, 0x0f, 0x13, 0x11, 0x12, 0x12, 0x11, 0x07, 0x02, 0x02,
    0x05, 0x03, 0x11, 0x05, 0x04, 0x02, 0x18, 0x05, 0x05, 0x02, 0x18, 0x04, 0x05, 0x03, 0x18, 0x04,
    0x05, 0x02, 0x19, 0x04, 0x05, 0x02, 0x19, 0x04, 0x05, 0x02, 0x19, 0x05, 0x03, 0x03, 0x19, 0x07,
    0x01, 0x03, 0x1a, 0x0b, 0x1a, 0x0d, 0x18, 0x0d, 0x1a, 0x0b, 0x1a, 0x03, 0x01, 0x07, 0x19, 0x02,
    0x04, 0x05, 0x19, 0x02, 0x05, 0x05, 0x18, 0x02, 0x05, 0x05, 0x17, 0x03, 0x05, 0x05, 0x17, 0x03,
    0x05, 0x05, 0x17, 0x02, 0x06, 0x04, 0x18, 0x02, 0x05, 0x05, 0x0e, 0x02, 0x08, 0x02, 0x04, 0x06,
    0x0e, 0x05, 0x04, 0x03, 0x03, 0x06, 0x0f, 0x14, 0x10, 0x13, 0x12, 0x11, 0x17, 0x0a, 0x1e, 0x02,
    0x21, 0x03, 0x21, 0x03, 0x21, 0x02, 0x22, 0x02, 0x22, 0x02, 0x21, 0x03, 0xff, 0xff, 0x61, 0x05,
    0x1d, 0x09, 0x1a, 0x0b, 0x18, 0x04, 0x04, 0x05, 0x16, 0x04, 0x06, 0x04, 0x16, 0x03, 0x08, 0x03,
    0x16, 0x03, 0x08, 0x04, 0x15, 0x03, 0x09, 0x03, 0x15, 0x03, 0x08, 0x04, 0x15, 0x03, 0x08, 0x03,
    0x16, 0x04, 0x06, 0x04, 0x17, 0x04, 0x04, 0x05, 0x0a, 0x02, 0x0c, 0x0b, 0x08, 0x05, 0x0d, 0x09,
    0x07, 0x06, 0x10, 0x05, 0x06, 0x07, 0x1b, 0x06, 0x1b, 0x07, 0x1b, 0x06, 0x1b, 0x07, 0x1b, 0x06,
    0x07, 0x05, 0x10, 0x06, 0x07, 0x09, 0x0d, 0x04, 0x09, 0x0b, 0x0d, 0x01, 0x0a, 0x05, 0x04, 0x04,
    0x17, 0x03, 0x07, 0x03, 0x16, 0x04, 0x07, 0x04, 0x15, 0x03, 0x09, 0x03, 0x15, 0x03, 0x09, 0x03,
    0x15, 0x03, 0x09, 0x03, 0x15, 0x04, 0x07, 0x04, 0x16, 0x03, 0x07, 0x04, 0x16, 0x05, 0x04, 0x04,
    0x18, 0x0b, 0x1a, 0x09, 0x1d, 0x05, 0xff, 0xff, 0xff, 0x12, 0x08, 0x1a, 0x0c, 0x16, 0x0d, 0x16,
    0x0e, 0x15, 0x06, 0x07, 0x02, 0x15, 0x05, 0x1f, 0x04, 0x1f, 0x04, 0x20, 0x04, 0x20, 0x04, 0x20,
    0x05, 0x20, 0x04, 0x20, 0x04, 0x20, 0x05, 0x1f, 0x05, 0x1d, 0x08, 0x1b, 0x0a, 0x19, 0x05, 0x01,
    0x05, 0x18, 0x05, 0x03, 0x05, 0x08, 0x04, 0x0a, 0x05, 0x05, 0x04, 0x08, 0x04, 0x0a, 0x04, 0x06,
    0x05, 0x07, 0x03, 0x0a, 0x04, 0x08, 0x04, 0x06, 0x04, 0x0a, 0x04, 0x08, 0x05, 0x05, 0x04, 0x09,
    0x04, 0x0a, 0x04, 0x05, 0x04, 0x09, 0x04, 0x0a, 0x05, 0x03, 0x04, 0x0a, 0x04, 0x0b, 0x04, 0x03,
    0x04, 0x0a, 0x04, 0x0b, 0x05, 0x01, 0x04, 0x0b, 0x04, 0x0c, 0x09, 0x0b, 0x04, 0x0c, 0x08, 0x0c,
    0x05, 0x0c, 0x06, 0x0d, 0x05, 0x0c, 0x05, 0x0e, 0x06, 0x0a, 0x07, 0x0e, 0x07, 0x05, 0x0a, 0x0f,
    0x16, 0x0e, 0x0f, 0x03, 0x04, 0x10, 0x0c, 0x04, 0x05, 0x11, 0x07, 0xff, 0xff, 0xff, 0x1a, 0x04,
    0x20, 0x04, 0x20, 0x04, 0x20, 0x04, 0x20, 0x04, 0x20, 0x04, 0x20, 0x04, 0x20, 0x04, 0x20, 0x04,
    0x20, 0x04, 0x20, 0x04, 0x20, 0x04, 0x20, 0x04, 0xff, 0xff, 0xff, 0xff, 0xff, 0xff, 0x3a, 0x04,
    0x1f, 0x04, 0x20, 0x04, 0x1f, 0x04, 0x1f, 0x04, 0x1f, 0x05, 0x1f, 0x04, 0x1f, 0x04, 0x1f, 0x05,
    0x1f, 0x04, 0x1f, 0x05, 0x1f, 0x04, 0x1f, 0x05, 0x1f, 0x04, 0x1f, 0x05, 0x1f, 0x05, 0x1f, 0x04,
    0x1f, 0x05, 0x1f, 0x05, 0x1f, 0x04, 0x20, 0x04, 0x1f, 0x05, 0x1f, 0x05, 0x1f, 0x05, 0x1f, 0x05,
    0x1f, 0x04, 0x20, 0x04, 0x20, 0x04, 0x20, 0x04, 0x20, 0x04, 0x20, 0x04, 0x20, 0x04, 0x20, 0x05,
    0x1f, 0x05, 0x20, 0x04, 0x20, 0x04, 0x20, 0x04, 0x20, 0x04, 0x21, 0x04, 0x20, 0x04, 0x20, 0x04,
    0x21, 0x04, 0x20, 0x04, 0xff, 0xff, 0x1a, 0x04, 0x20, 0x04, 0x21, 0x04, 0x20, 0x04, 0x20, 0x04,
    0x21, 0x04, 0x20, 0x04, 0x20, 0x04, 0x20, 0x04, 0x20, 0x05, 0x1f, 0x05, 0x20, 0x04, 0x20, 0x04,
    0x20, 0x04, 0x20, 0x04, 0x20, 0x04, 0x20, 0x04, 0x20, 0x04, 0x1f, 0x05, 0x1f, 0x05, 0x1f, 0x05,
    0x1f, 0x05, 0x1f, 0x04, 0x1f, 0x05, 0x1f, 0x05, 0x1f, 0x05, 0x1f, 0x04, 0x1f, 0x05, 0x1f, 0x05,
    0x1f, 0x04, 0x1f, 0x05, 0x1f, 0x04, 0x1f, 0x05, 0x1f, 0x04, 0x1f, 0x05, 0x1f, 0x04, 0x1f, 0x04,
    0x1f, 0x05, 0x1f, 0x04, 0x1f, 0x04, 0x1f, 0x04, 0x20, 0x04, 0x1f, 0x04, 0xff, 0xff, 0x23, 0x03,
    0x21, 0x03, 0x21, 0x03, 0x21, 0x03, 0x19, 0x01, 0x07, 0x03, 0x07, 0x01, 0x10, 0x04, 0x05, 0x03,
    0x05, 0x04, 0x0f, 0x05, 0x04, 0x03, 0x04, 0x05, 0x11, 0x05, 0x02, 0x03, 0x02, 0x05, 0x15, 0x0d,
    0x19, 0x09, 0x1c, 0x07, 0x1d, 0x07, 0x1c, 0x09, 0x19, 0x0d, 0x15, 0x05, 0x02, 0x03, 0x02, 0x05,
    0x11, 0x05, 0x04, 0x03, 0x04, 0x05, 0x0f, 0x04, 0x05, 0x03, 0x05, 0x04, 0x10, 0x01, 0x07, 0x03,
    0x07, 0x01, 0x19, 0x03, 0x21, 0x03, 0x21, 0x03, 0x21, 0x03, 0xff, 0xff, 0xff, 0xff, 0xff, 0xff,
    0x56, 0x04, 0x20, 0x04, 0x20, 0x04, 0x20, 0x04, 0x20, 0x04, 0x20, 0x04, 0x20, 0x04, 0x20, 0x04,
    0x20, 0x04, 0x20, 0x04, 0x16, 0x19, 0x0b, 0x19, 0x0b, 0x19, 0x0b, 0x19, 0x15, 0x04, 0x20, 0x04,
    0x20, 0x04, 0x20, 0x04, 0x20, 0x04, 0x20, 0x04, 0x20, 0x04, 0x20, 0x04, 0x20, 0x04, 0x20, 0x04,
    0xff, 0xff, 0xff, 0xff, 0xff, 0xff, 0xff, 0x99, 0x06, 0x1d, 0x06, 0x1e, 0x06, 0x1e, 0x06, 0x1e,
    0x06, 0x1e, 0x05, 0x1e, 0x06, 0x1e, 0x05, 0x1e, 0x05, 0x1f, 0x04, 0x1f, 0x05, 0x1f, 0x04, 0x1f,
    0x04, 0x20, 0x04, 0xff, 0xff, 0xff, 0xff, 0xff, 0x14, 0x0c, 0x18, 0x0c, 0x17, 0x0d, 0x17, 0x0c,
    0xff, 0xff, 0xff, 0xff, 0xff, 0xff, 0xff, 0xff, 0xb7, 0x06, 0x1d, 0x06, 0x1e, 0x06, 0x1e, 0x06,
    0x1e, 0x06, 0x1e, 0x06, 0x1d, 0x06, 0xff, 0xff, 0xff, 0x45, 0x05, 0x1f, 0x04, 0x1f, 0x05, 0x1f,
    0x04, 0x1f, 0x05, 0x1f, 0x04, 0x1f, 0x04, 0x20, 0x04, 0x1f, 0x04, 0x1f, 0x05, 0x1f, 0x04, 0x1f,
    0x05, 0x1f, 0x04, 0x1f, 0x05, 0x1f, 0x04, 0x1f, 0x05, 0x1f, 0x04, 0x1f, 0x05, 0x1f, 0x04, 0x1f,
    0x05, 0x1f, 0x04, 0x1f, 0x05, 0x1f, 0x04, 0x1f, 0x05, 0x1f, 0x04, 0x1f, 0x05, 0x1f, 0x04, 0x1f,
    0x05, 0x1f, 0x04, 0x1f, 0x05, 0x1f, 0x04, 0x1f, 0x05, 0x1f, 0x04, 0x1f, 0x05, 0x1f, 0x04, 0x1f,
    0x05, 0x1f, 0x04, 0x1f, 0x05, 0x1f, 0x04, 0xff, 0xff, 0x93, 0x07, 0x1b, 0x0b, 0x17, 0x0e, 0x15,
    0x10, 0x13, 0x07, 0x04, 0x06, 0x13, 0x05, 0x08, 0x05, 0x11, 0x05, 0x09, 0x05, 0x10, 0x05, 0x0a,
    0x05, 0x10, 0x05, 0x0b, 0x04, 0x10, 0x04, 0x0c, 0x04, 0x0f, 0x05, 0x0c, 0x05, 0x0e, 0x05, 0x0c,
    0x05, 0x0d, 0x05, 0x0d, 0x05, 0x0d, 0x05, 0x0d, 0x05, 0x0d, 0x05, 0x0d, 0x04, 0x0e, 0x04, 0x0e,
    0x04, 0x0d, 0x05, 0x05, 0x03, 0x05, 0x05, 0x0d, 0x05, 0x04, 0x05, 0x04, 0x05, 0x0d, 0x05, 0x03,
    0x06, 0x04, 0x05, 0x0d, 0x05, 0x03, 0x06, 0x04, 0x05, 0x0d, 0x04, 0x05, 0x05, 0x04, 0x05, 0x0c,
    0x05, 0x06, 0x03, 0x04, 0x05, 0x0d, 0x05, 0x0d, 0x05, 0x0d, 0x05, 0x0d, 0x05, 0x0d, 0x05, 0x0d,
    0x04, 0x0e, 0x05, 0x0c, 0x05, 0x0e, 0x05, 0x0c, 0x05, 0x0e, 0x05, 0x0b, 0x05, 0x10, 0x04, 0x0b,
    0x05, 0x10, 0x04, 0x0a, 0x05, 0x11, 0x05, 0x09, 0x05, 0x11, 0x05, 0x08, 0x05, 0x13, 0x06, 0x04,
    0x06, 0x14, 0x10, 0x15, 0x0e, 0x17, 0x0b, 0x1b, 0x07, 0xff, 0xff, 0xff, 0x1b, 0x07, 0x19, 0x0a,
    0x18, 0x0c, 0x17, 0x0d, 0x17, 0x06, 0x02, 0x05, 0x17, 0x02, 0x06, 0x05, 0x1f, 0x04, 0x1f, 0x05,
    0x1f, 0x05, 0x1f, 0x05, 0x1f, 0x05, 0x1f, 0x05, 0x1f, 0x04, 0x1f, 0x05, 0x1f, 0x05, 0x1f, 0x05,
    0x1f, 0x05, 0x1f, 0x04, 0x1f, 0x05, 0x1f, 0x05, 0x1f, 0x05, 0x1f, 0x05, 0x1f, 0x04, 0x1f, 0x05,
    0x1f, 0x05, 0x1f, 0x05, 0x1f, 0x05, 0x1f, 0x04, 0x1f, 0x05, 0x1f, 0x05, 0x1f, 0x05, 0x18, 0x13,
    0x10, 0x14, 0x10, 0x13, 0x11, 0x13, 0xff, 0xff, 0xff, 0x11, 0x08, 0x18, 0x0f, 0x14, 0x11, 0x13,
    0x12, 0x11, 0x06, 0x07, 0x06, 0x11, 0x03, 0x0b, 0x06, 0x10, 0x01, 0x0e, 0x05, 0x20, 0x04, 0x20,
    0x04, 0x20, 0x04, 0x1f, 0x05, 0x1f, 0x05, 0x1e, 0x06, 0x1e, 0x05, 0x1e, 0x06, 0x1d, 0x06, 0x1d,
    0x06, 0x1d, 0x06, 0x1e, 0x05, 0x1e, 0x05, 0x1e, 0x05, 0x1e, 0x05, 0x1d, 0x06, 0x1d, 0x06, 0x1d,
    0x06, 0x1d, 0x06, 0x1d, 0x06, 0x1d, 0x05, 0x1e, 0x05, 0x1e, 0x05, 0x1e, 0x05, 0x1d, 0x06, 0x1e,
    0x15, 0x0f, 0x15, 0x0e, 0x16, 0x0e, 0x16, 0xff, 0xff, 0xff, 0x11, 0x08, 0x18, 0x0e, 0x15, 0x11,
    0x13, 0x12, 0x11, 0x05, 0x07, 0x07, 0x11, 0x02, 0x0c, 0x06, 0x1f, 0x05, 0x1f, 0x05, 0x1f, 0x05,
    0x1f, 0x05, 0x1f, 0x04, 0x1f, 0x05, 0x1f, 0x05, 0x1e, 0x05, 0x1d, 0x06, 0x16, 0x0d, 0x17, 0x0b,
    0x19, 0x0b, 0x19, 0x0c, 0x1e, 0x07, 0x1f, 0x06, 0x1f, 0x05, 0x1f, 0x05, 0x20, 0x04, 0x20, 0x05,
    0x1f, 0x04, 0x20, 0x04, 0x1f, 0x05, 0x1f, 0x05, 0x1e, 0x06, 0x0d, 0x01, 0x0f, 0x06, 0x0e, 0x03,
    0x0c, 0x06, 0x0f, 0x06, 0x07, 0x08, 0x0f, 0x14, 0x10, 0x12, 0x13, 0x0f, 0x18, 0x09, 0xff, 0xff,
    0xff, 0x21, 0x06, 0x1e, 0x06, 0x1d, 0x07, 0x1c, 0x08, 0x1b, 0x08, 0x1b, 0x09, 0x1b, 0x09, 0x1a,
    0x04, 0x01, 0x05, 0x19, 0x04, 0x02, 0x05, 0x18, 0x04, 0x03, 0x04, 0x18, 0x04, 0x04, 0x04, 0x17,
    0x04, 0x04, 0x05, 0x17, 0x04, 0x04, 0x05, 0x16, 0x04, 0x05, 0x05, 0x15, 0x04, 0x06, 0x04, 0x15,
    0x04, 0x07, 0x04, 0x14, 0x04, 0x07, 0x05, 0x14, 0x04, 0x07, 0x05, 0x13, 0x04, 0x08, 0x05, 0x12,
    0x04, 0x09, 0x05, 0x11, 0x04, 0x0a, 0x04, 0x11, 0x04, 0x0a, 0x05, 0x11, 0x04, 0x0a, 0x05, 0x10,
    0x18, 0x0c, 0x18, 0x0c, 0x18, 0x0c, 0x18, 0x1a, 0x05, 0x1f, 0x05, 0x1f, 0x05, 0x1f, 0x04, 0x20,
    0x04, 0x1f, 0x05, 0x1f, 0x05, 0x1f, 0x05, 0xff, 0xff, 0xff, 0x34, 0x12, 0x12, 0x12, 0x12, 0x11,
    0x13, 0x11, 0x12, 0x05, 0x1f, 0x05, 0x1f, 0x04, 0x20, 0x04, 0x20, 0x04, 0x1f, 0x05, 0x1f, 0x05,
    0x1f, 0x04, 0x20, 0x04, 0x01, 0x07, 0x18, 0x0e, 0x16, 0x0f, 0x14, 0x11, 0x13, 0x04, 0x06, 0x08,
    0x12, 0x01, 0x0b, 0x06, 0x1f, 0x06, 0x1f, 0x05, 0x1f, 0x05, 0x1f, 0x05, 0x1f, 0x05, 0x1f, 0x05,
    0x1f, 0x05, 0x1f, 0x05, 0x1f, 0x04, 0x1f, 0x05, 0x1e, 0x05, 0x0f, 0x01, 0x0e, 0x06, 0x0f, 0x02,
    0x0c, 0x06, 0x10, 0x05, 0x07, 0x07, 0x10, 0x13, 0x11, 0x12, 0x13, 0x0f, 0x18, 0x09, 0xff, 0xff,
    0xf9, 0x08, 0x19, 0x0d, 0x16, 0x0e, 0x14, 0x10, 0x13, 0x07, 0x08, 0x02, 0x12, 0x06, 0x1e, 0x05,
    0x1e, 0x05, 0x1e, 0x05, 0x1f, 0x04, 0x1f, 0x05, 0x1f, 0x04, 0x20, 0x04, 0x1f, 0x05, 0x04, 0x07,
    0x14, 0x04, 0x03, 0x0b, 0x12, 0x04, 0x02, 0x0d, 0x10, 0x05, 0x01, 0x0f, 0x0f, 0x09, 0x05, 0x07,
    0x0f, 0x08, 0x08, 0x05, 0x0f, 0x07, 0x0a, 0x05, 0x0e, 0x06, 0x0b, 0x05, 0x0d, 0x06, 0x0c, 0x05,
    0x0d, 0x06, 0x0c, 0x05, 0x0d, 0x05, 0x0d, 0x05, 0x0d, 0x05, 0x0d, 0x05, 0x0d, 0x05, 0x0d, 0x05,
    0x0d, 0x05, 0x0d, 0x04, 0x0e, 0x05, 0x0c, 0x05, 0x0e, 0x05, 0x0c, 0x05, 0x0e, 0x05, 0x0b, 0x05,
    0x10, 0x05, 0x09, 0x06, 0x10, 0x05, 0x08, 0x06, 0x12, 0x06, 0x05, 0x06, 0x13, 0x10, 0x15, 0x0e,
    0x17, 0x0c, 0x1b, 0x07, 0xff, 0xff, 0xff, 0x11, 0x16, 0x0e, 0x16, 0x0e, 0x16, 0x0e, 0x15, 0x1f,
    0x05, 0x1e, 0x05, 0x1f, 0x05, 0x1e, 0x05, 0x1f, 0x04, 0x1f, 0x05, 0x1e, 0x05, 0x1f, 0x05, 0x1e,
    0x05, 0x1f, 0x05, 0x1e, 0x05, 0x1f, 0x04, 0x1f, 0x05, 0x1e, 0x05, 0x1f, 0x05, 0x1e, 0x05, 0x1f,
    0x05, 0x1e, 0x05, 0x1e, 0x05, 0x1f, 0x05, 0x1e, 0x05, 0x1f, 0x05, 0x1e, 0x05, 0x1e, 0x05, 0x1f,
    0x05, 0x1e, 0x05, 0x1f, 0x05, 0x1e, 0x05, 0x1f, 0x05, 0x1e, 0x05, 0x1e, 0x05, 0xff, 0xff, 0xff,
    0x1f, 0x08, 0x1a, 0x0c, 0x16, 0x0f, 0x14, 0x11, 0x12, 0x07, 0x05, 0x07, 0x10, 0x06, 0x09, 0x05,
    0x10, 0x05, 0x0a, 0x05, 0x0f, 0x05, 0x0c, 0x04, 0x0f, 0x05, 0x0c, 0x04, 0x0f, 0x05, 0x0c, 0x04,
    0x0f, 0x05, 0x0b, 0x05, 0x0f, 0x05, 0x0b, 0x04, 0x10, 0x05, 0x0a, 0x05, 0x11, 0x05, 0x08, 0x05,
    0x13, 0x05, 0x06, 0x05, 0x15, 0x0e, 0x17, 0x0b, 0x18, 0x0b, 0x17, 0x0f, 0x14, 0x06, 0x05, 0x06,
    0x12, 0x05, 0x09, 0x05, 0x10, 0x05, 0x0a, 0x05, 0x0f, 0x05, 0x0c, 0x05, 0x0e, 0x05, 0x0c, 0x05,
    0x0d, 0x05, 0x0d, 0x05, 0x0d, 0x05, 0x0d, 0x05, 0x0d, 0x05, 0x0d, 0x05, 0x0d, 0x05, 0x0d, 0x05,
    0x0d, 0x05, 0x0d, 0x05, 0x0d, 0x05, 0x0c, 0x05, 0x0e, 0x06, 0x0a, 0x06, 0x0f, 0x05, 0x09, 0x06,
    0x10, 0x07, 0x05, 0x07, 0x12, 0x12, 0x13, 0x0f, 0x16, 0x0d, 0x1a, 0x07, 0xff, 0xff, 0xf3, 0x07,
    0x1b, 0x0c, 0x17, 0x0e, 0x14, 0x11, 0x13, 0x06, 0x05, 0x06, 0x12, 0x06, 0x08, 0x05, 0x10, 0x06,
    0x09, 0x05, 0x10, 0x05, 0x0b, 0x04, 0x0f, 0x05, 0x0c, 0x05, 0x0e, 0x05, 0x0c, 0x05, 0x0e, 0x04,
    0x0d, 0x05, 0x0d, 0x05, 0x0d, 0x05, 0x0d, 0x05, 0x0d, 0x05, 0x0d, 0x05, 0x0d, 0x05, 0x0d, 0x05,
    0x0c, 0x06, 0x0d, 0x05, 0x0c, 0x05, 0x0e, 0x05, 0x0b, 0x06, 0x0e, 0x05, 0x0a, 0x07, 0x0e, 0x06,
    0x08, 0x08, 0x0f, 0x06, 0x06, 0x09, 0x0f, 0x0f, 0x01, 0x04, 0x11, 0x0d, 0x02, 0x04, 0x12, 0x0b,
    0x02, 0x05, 0x14, 0x07, 0x04, 0x05, 0x1f, 0x04, 0x1f, 0x05, 0x1f, 0x04, 0x1f, 0x05, 0x1f, 0x04,
    0x1f, 0x05, 0x1e, 0x05, 0x1e, 0x05, 0x13, 0x02, 0x08, 0x07, 0x13, 0x10, 0x14, 0x0e, 0x16, 0x0d,
    0x19, 0x08, 0xff, 0xff, 0xff, 0xff, 0x85, 0x06, 0x1e, 0x06, 0x1d, 0x06, 0x1e, 0x06, 0x1e, 0x06,
    0x1e, 0x06, 0x1e, 0x06, 0xff, 0xa8, 0x06, 0x1e, 0x06, 0x1e, 0x06, 0x1e, 0x06, 0x1e, 0x05, 0x1e,
    0x06, 0x1e, 0x06, 0xff, 0xff, 0xff, 0xff, 0xa7, 0x06, 0x1e, 0x06, 0x1d, 0x06, 0x1e, 0x06, 0x1e,
    0x06, 0x1e, 0x06, 0x1e, 0x06, 0xff, 0xa8, 0x06, 0x1e, 0x06, 0x1e, 0x06, 0x1e, 0x06, 0x1e, 0x05,
    0x1e, 0x06, 0x1e, 0x05, 0x1e, 0x06, 0x1e, 0x05, 0x1f, 0x04, 0x1f, 0x05, 0x1f, 0x04, 0x1f, 0x04,
    0x20, 0x04, 0xff, 0xff, 0xff, 0x74, 0x01, 0x20, 0x04, 0x1d, 0x07, 0x1b, 0x09, 0x18, 0x0b, 0x17,
    0x0a, 0x17, 0x0b, 0x16, 0x0b, 0x17, 0x0a, 0x17, 0x0a, 0x1a, 0x08, 0x1c, 0x06, 0x1e, 0x08, 0x1c,
    0x0a, 0x1d, 0x0a, 0x1c, 0x0b, 0x1c, 0x0b, 0x1c, 0x0a, 0x1c, 0x0b, 0x1c, 0x09, 0x1d, 0x07, 0x20,
    0x04, 0x23, 0x01, 0xff, 0xff, 0xff, 0xff, 0xff, 0x8c, 0x19, 0x0b, 0x19, 0x0b, 0x19, 0x0b, 0x19,
    0xe3, 0x19, 0x0b, 0x19, 0x0b, 0x19, 0x0b, 0x19, 0xff, 0xff, 0xff, 0xff, 0xff, 0x68, 0x01, 0x23,
    0x04, 0x20, 0x07, 0x1d, 0x09, 0x1c, 0x0b, 0x1c, 0x0a, 0x1c, 0x0b, 0x1c, 0x0a, 0x1d, 0x0a, 0x1d,
    0x09, 0x1d, 0x08, 0x1e, 0x06, 0x1c, 0x08, 0x1a, 0x09, 0x18, 0x0a, 0x17, 0x0a, 0x17, 0x0b, 0x17,
    0x0a, 0x17, 0x0b, 0x18, 0x09, 0x1b, 0x07, 0x1d, 0x04, 0x20, 0x01, 0xff, 0xff, 0xff, 0xb6, 0x07,
    0x1a, 0x0c, 0x16, 0x10, 0x13, 0x11, 0x13, 0x05, 0x06, 0x07, 0x12, 0x03, 0x0a, 0x05, 0x12, 0x01,
    0x0c, 0x05, 0x1f, 0x05, 0x1f, 0x05, 0x1f, 0x05, 0x1f, 0x04, 0x1f, 0x05, 0x1e, 0x05, 0x1e, 0x05,
    0x1e, 0x05, 0x1d, 0x06, 0x1d, 0x06, 0x1d, 0x06, 0x1d, 0x06, 0x1e, 0x05, 0x1e, 0x05, 0x1f, 0x04,
    0x20, 0x04, 0x1f, 0x05, 0x1f, 0x05, 0x1f, 0x04, 0x20, 0x04, 0x8b, 0x05, 0x1f, 0x04, 0x1f, 0x05,
    0x1f, 0x05, 0x1f, 0x05, 0x1f, 0x05, 0xff, 0xff, 0xff, 0x89, 0x07, 0x1a, 0x0d, 0x15, 0x10, 0x13,
    0x06, 0x07, 0x05, 0x10, 0x06, 0x0a, 0x04, 0x0f, 0x05, 0x0d, 0x04, 0x0d, 0x05, 0x0f, 0x03, 0x0d,
    0x04, 0x10, 0x03, 0x0c, 0x04, 0x11, 0x03, 0x0b, 0x04, 0x12, 0x03, 0x0b, 0x04, 0x09, 0x06, 0x03,
    0x03, 0x0a, 0x04, 0x08, 0x0a, 0x01, 0x03, 0x0a, 0x04, 0x07, 0x0f, 0x09, 0x04, 0x07, 0x05, 0x04,
    0x07, 0x09, 0x04, 0x06, 0x04, 0x08, 0x05, 0x09, 0x03, 0x06, 0x04, 0x09, 0x04, 0x09, 0x04, 0x06,
    0x04, 0x09, 0x04, 0x09, 0x04, 0x05, 0x04, 0x0b, 0x03, 0x09, 0x04, 0x05, 0x04, 0x0b, 0x03, 0x09,
    0x03, 0x06, 0x04, 0x0b, 0x03, 0x09, 0x03, 0x06, 0x03, 0x0b, 0x04, 0x09, 0x03, 0x06, 0x03, 0x0b,
    0x03, 0x0a, 0x03, 0x06, 0x03, 0x0b, 0x03, 0x0a, 0x03, 0x06, 0x03, 0x0a, 0x04, 0x0a, 0x03, 0x06,
    0x04, 0x08, 0x05, 0x0a, 0x03, 0x06, 0x04, 0x08, 0x05, 0x0a, 0x03, 0x07, 0x05, 0x04, 0x06, 0x0b,
    0x03, 0x07, 0x0f, 0x0b, 0x03, 0x08, 0x0a, 0x01, 0x03, 0x0b, 0x04, 0x09, 0x05, 0x04, 0x03, 0x0b,
    0x04, 0x21, 0x04, 0x20, 0x04, 0x21, 0x04, 0x20, 0x05, 0x20, 0x05, 0x20, 0x07, 0x07, 0x02, 0x16,
    0x0f, 0x16, 0x0e, 0x19, 0x09, 0xff, 0xff, 0x3e, 0x06, 0x1d, 0x07, 0x1d, 0x07, 0x1c, 0x08, 0x1c,
    0x08, 0x1b, 0x04, 0x01, 0x04, 0x1b, 0x04, 0x01, 0x04, 0x1a, 0x05, 0x02, 0x04, 0x19, 0x04, 0x03,
    0x04, 0x18, 0x05, 0x03, 0x04, 0x18, 0x04, 0x04, 0x04, 0x17, 0x05, 0x04, 0x04, 0x17, 0x04, 0x05,
    0x04, 0x16, 0x05, 0x05, 0x04, 0x16, 0x04, 0x06, 0x04, 0x15, 0x05, 0x06, 0x04, 0x15, 0x04, 0x07,
    0x05, 0x13, 0x05, 0x07, 0x05, 0x13, 0x04, 0x08, 0x05, 0x12, 0x05, 0x09, 0x04, 0x12, 0x04, 0x0a,
    0x04, 0x11, 0x05, 0x0a, 0x04, 0x11, 0x13, 0x10, 0x14, 0x10, 0x14, 0x0f, 0x16, 0x0e, 0x05, 0x0c,
    0x05, 0x0d, 0x05, 0x0d, 0x05, 0x0d, 0x05, 0x0d, 0x05, 0x0c, 0x05, 0x0e, 0x05, 0x0c, 0x05, 0x0f,
    0x04, 0x0c, 0x04, 0x10, 0x04, 0x0c, 0x04, 0x10, 0x04, 0x0c, 0x03, 0x11, 0x04, 0x0c, 0x03, 0x11,
    0x05, 0xff, 0xff, 0xff, 0x2d, 0x0f, 0x15, 0x11, 0x13, 0x13, 0x11, 0x13, 0x10, 0x05, 0x09, 0x07,
    0x0f, 0x05, 0x0b, 0x05, 0x0f, 0x05, 0x0b, 0x05, 0x0f, 0x05, 0x0c, 0x04, 0x0f, 0x04, 0x0d, 0x04,
    0x0e, 0x05, 0x0c, 0x05, 0x0e, 0x05, 0x0c, 0x05, 0x0e, 0x05, 0x0b, 0x05, 0x0f, 0x05, 0x0a, 0x06,
    0x0f, 0x04, 0x09, 0x07, 0x10, 0x12, 0x11, 0x11, 0x13, 0x11, 0x13, 0x13, 0x11, 0x04, 0x0a, 0x06,
    0x10, 0x04, 0x0b, 0x06, 0x0e, 0x05, 0x0c, 0x05, 0x0e, 0x05, 0x0d, 0x04, 0x0e, 0x05, 0x0d, 0x04,
    0x0e, 0x04, 0x0e, 0x04, 0x0e, 0x04, 0x0e, 0x04, 0x0d, 0x05, 0x0d, 0x05, 0x0d, 0x05, 0x0d, 0x05,
    0x0d, 0x05, 0x0d, 0x05, 0x0d, 0x05, 0x0c, 0x05, 0x0e, 0x04, 0x0c, 0x06, 0x0d, 0x05, 0x0a, 0x07,
    0x0e, 0x15, 0x0f, 0x14, 0x10, 0x12, 0x12, 0x0f, 0xff, 0xff, 0xff, 0x1c, 0x08, 0x19, 0x0d, 0x15,
    0x10, 0x13, 0x11, 0x12, 0x08, 0x06, 0x04, 0x11, 0x07, 0x0a, 0x02, 0x10, 0x06, 0x1e, 0x05, 0x1e,
    0x06, 0x1d, 0x06, 0x1e, 0x05, 0x1e, 0x06, 0x1e, 0x05, 0x1f, 0x05, 0x1e, 0x05, 0x1f, 0x05, 0x1f,
    0x05, 0x1f, 0x05, 0x1e, 0x05, 0x1f, 0x05, 0x1f, 0x05, 0x1f, 0x05, 0x1f, 0x05, 0x1f, 0x05, 0x1f,
    0x05, 0x1f, 0x05, 0x1f, 0x05, 0x1f, 0x05, 0x1f, 0x05, 0x1f, 0x06, 0x1f, 0x05, 0x0d, 0x01, 0x11,
    0x06, 0x0b, 0x02, 0x12, 0x07, 0x06, 0x05, 0x12, 0x11, 0x14, 0x10, 0x16, 0x0d, 0x19, 0x08, 0xff,
    0xff, 0xff, 0x10, 0x0b, 0x18, 0x0f, 0x15, 0x11, 0x13, 0x12, 0x12, 0x05, 0x06, 0x08, 0x11, 0x04,
    0x09, 0x06, 0x10, 0x05, 0x0a, 0x06, 0x0f, 0x05, 0x0b, 0x05, 0x0f, 0x05, 0x0b, 0x05, 0x0f, 0x05,
    0x0b, 0x05, 0x0f, 0x04, 0x0d, 0x04, 0x0e, 0x05, 0x0d, 0x04, 0x0e, 0x05, 0x0d, 0x04, 0x0e, 0x05,
    0x0d, 0x04, 0x0e, 0x05, 0x0c, 0x05, 0x0e, 0x04, 0x0d, 0x05, 0x0d, 0x05, 0x0d, 0x05, 0x0d, 0x05,
    0x0d, 0x05, 0x0d, 0x05, 0x0d, 0x05, 0x0d, 0x05, 0x0d, 0x04, 0x0e, 0x04, 0x0d, 0x05, 0x0d, 0x05,
    0x0d, 0x05, 0x0d, 0x05, 0x0d, 0x05, 0x0d, 0x05, 0x0c, 0x05, 0x0e, 0x05, 0x0c, 0x05, 0x0e, 0x04,
    0x0c, 0x05, 0x0e, 0x05, 0x0c, 0x05, 0x0e, 0x05, 0x0b, 0x05, 0x0f, 0x05, 0x0a, 0x06, 0x0f, 0x05,
    0x09, 0x06, 0x10, 0x04, 0x07, 0x08, 0x10, 0x13, 0x11, 0x12, 0x12, 0x10, 0x14, 0x0d, 0xff, 0xff,
    0xff, 0x3a, 0x15, 0x0f, 0x15, 0x0f, 0x14, 0x0f, 0x15, 0x0f, 0x05, 0x1f, 0x05, 0x1f, 0x04, 0x20,
    0x04, 0x1f, 0x05, 0x1f, 0x05, 0x1f, 0x05, 0x1f, 0x04, 0x20, 0x04, 0x1f, 0x05, 0x1f, 0x14, 0x10,
    0x14, 0x10, 0x14, 0x10, 0x14, 0x0f, 0x05, 0x1f, 0x05, 0x1f, 0x05, 0x1f, 0x05, 0x1f, 0x04, 0x1f,
    0x05, 0x1f, 0x05, 0x1f, 0x05, 0x1f, 0x05, 0x1f, 0x04, 0x20, 0x04, 0x1f, 0x05, 0x1f, 0x05, 0x1f,
    0x15, 0x0f, 0x15, 0x0f, 0x15, 0x0e, 0x16, 0xff, 0xff, 0xff, 0x31, 0x14, 0x10, 0x14, 0x0f, 0x15,
    0x0f, 0x15, 0x0f, 0x05, 0x1f, 0x05, 0x1f, 0x04, 0x20, 0x04, 0x1f, 0x05, 0x1f, 0x05, 0x1f, 0x05,
    0x1f, 0x04, 0x20, 0x04, 0x1f, 0x05, 0x1f, 0x13, 0x11, 0x13, 0x11, 0x13, 0x11, 0x13, 0x10, 0x05,
    0x1f, 0x05, 0x1f, 0x05, 0x1f, 0x05, 0x1f, 0x04, 0x1f, 0x05, 0x1f, 0x05, 0x1f, 0x05, 0x1f, 0x05,
    0x1f, 0x04, 0x1f, 0x05, 0x1f, 0x05, 0x1f, 0x05, 0x1f, 0x05, 0x1f, 0x04, 0x1f, 0x05, 0x1f, 0x05,
    0xff, 0xff, 0xff, 0x24, 0x08, 0x19, 0x0d, 0x16, 0x0f, 0x13, 0x11, 0x12, 0x08, 0x06, 0x04, 0x11,
    0x07, 0x0a, 0x02, 0x10, 0x06, 0x0d, 0x01, 0x10, 0x05, 0x1e, 0x05, 0x1f, 0x05, 0x1e, 0x05, 0x1f,
    0x05, 0x1e, 0x05, 0x1f, 0x05, 0x1f, 0x05, 0x1e, 0x05, 0x1f, 0x05, 0x1f, 0x05, 0x1f, 0x05, 0x08,
    0x0a, 0x0c, 0x05, 0x09, 0x0a, 0x0c, 0x05, 0x09, 0x09, 0x0d, 0x05, 0x09, 0x09, 0x0d, 0x05, 0x0e,
    0x04, 0x0d, 0x05, 0x0d, 0x05, 0x0d, 0x05, 0x0d, 0x05, 0x0d, 0x05, 0x0d, 0x04, 0x0e, 0x05, 0x0d,
    0x04, 0x0e, 0x05, 0x0d, 0x04, 0x0e, 0x05, 0x0c, 0x05, 0x0e, 0x06, 0x0b, 0x05, 0x0f, 0x05, 0x0b,
    0x04, 0x10, 0x06, 0x0a, 0x04, 0x11, 0x07, 0x06, 0x06, 0x12, 0x12, 0x13, 0x10, 0x15, 0x0d, 0x19,
    0x08, 0xff, 0xff, 0xff, 0x11, 0x04, 0x0d, 0x05, 0x0d, 0x05, 0x0d, 0x05, 0x0d, 0x05, 0x0d, 0x05,
    0x0d, 0x05, 0x0d, 0x04, 0x0e, 0x04, 0x0d, 0x05, 0x0e, 0x04, 0x0d, 0x05, 0x0d, 0x05, 0x0d, 0x05,
    0x0d, 0x05, 0x0d, 0x05, 0x0d, 0x05, 0x0d, 0x04, 0x0e, 0x04, 0x0d, 0x05, 0x0e, 0x04, 0x0d, 0x05,
    0x0d, 0x05, 0x0d, 0x05, 0x0d, 0x05, 0x0d, 0x05, 0x0d, 0x05, 0x0d, 0x04, 0x0e, 0x16, 0x0e, 0x16,
    0x0d, 0x17, 0x0d, 0x17, 0x0d, 0x05, 0x0d, 0x04, 0x0e, 0x04, 0x0e, 0x04, 0x0e, 0x04, 0x0d, 0x05,
    0x0d, 0x05, 0x0d, 0x05, 0x0d, 0x05, 0x0d, 0x05, 0x0d, 0x05, 0x0d, 0x05, 0x0d, 0x05, 0x0d, 0x04,
    0x0e, 0x04, 0x0d, 0x05, 0x0d, 0x05, 0x0d, 0x05, 0x0d, 0x05, 0x0d, 0x05, 0x0d, 0x05, 0x0d, 0x05,
    0x0d, 0x05, 0x0d, 0x04, 0x0e, 0x04, 0x0d, 0x05, 0x0d, 0x05, 0x0d, 0x05, 0x0d, 0x05, 0x0d, 0x05,
    0x0d, 0x05, 0x0d, 0x05, 0x0d, 0x05, 0x0d, 0x04, 0xff, 0xff, 0xff, 0x31, 0x13, 0x11, 0x13, 0x11,
    0x13, 0x10, 0x14, 0x18, 0x04, 0x1f, 0x05, 0x1f, 0x05, 0x1f, 0x05, 0x1f, 0x05, 0x1f, 0x04, 0x1f,
    0x05, 0x1f, 0x05, 0x1f, 0x05, 0x1f, 0x05, 0x1f, 0x04, 0x1f, 0x05, 0x1f, 0x05, 0x1f, 0x05, 0x1f,
    0x05, 0x1f, 0x04, 0x1f, 0x05, 0x1f, 0x05, 0x1f, 0x05, 0x1f, 0x05, 0x1f, 0x04, 0x20, 0x04, 0x1f,
    0x05, 0x1f, 0x05, 0x1f, 0x05, 0x1f, 0x04, 0x20, 0x04, 0x18, 0x13, 0x11, 0x13, 0x11, 0x13, 0x10,
    0x14, 0xff, 0xff, 0xff, 0x36, 0x0e, 0x16, 0x0e, 0x16, 0x0d, 0x16, 0x0e, 0x1f, 0x05, 0x1f, 0x05,
    0x1f, 0x05, 0x1f, 0x04, 0x1f, 0x05, 0x1f, 0x05, 0x1f, 0x05, 0x1f, 0x05, 0x1f, 0x04, 0x1f, 0x05,
    0x1f, 0x05, 0x1f, 0x05, 0x1f, 0x05, 0x1f, 0x04, 0x1f, 0x05, 0x1f, 0x05, 0x1f, 0x05, 0x1f, 0x05,
    0x1f, 0x04, 0x1f, 0x05, 0x1f, 0x05, 0x1f, 0x05, 0x1f, 0x05, 0x1e, 0x05, 0x1f, 0x05, 0x10, 0x02,
    0x0c, 0x06, 0x10, 0x04, 0x0a, 0x05, 0x11, 0x06, 0x06, 0x06, 0x12, 0x12, 0x12, 0x11, 0x14, 0x0e,
    0x19, 0x09, 0xff, 0xff, 0xff, 0x15, 0x04, 0x0e, 0x06, 0x0b, 0x05, 0x0d, 0x06, 0x0c, 0x05, 0x0c,
    0x06, 0x0d, 0x05, 0x0b, 0x06, 0x0e, 0x04, 0x0b, 0x06, 0x0f, 0x04, 0x09, 0x06, 0x10, 0x05, 0x08,
    0x06, 0x11, 0x05, 0x07, 0x06, 0x12, 0x05, 0x06, 0x06, 0x13, 0x05, 0x05, 0x06, 0x14, 0x04, 0x05,
    0x06, 0x14, 0x05, 0x04, 0x06, 0x15, 0x05, 0x02, 0x07, 0x16, 0x05, 0x01, 0x06, 0x18, 0x0b, 0x19,
    0x0c, 0x17, 0x0d, 0x17, 0x0e, 0x16, 0x08, 0x01, 0x05, 0x16, 0x07, 0x03, 0x05, 0x15, 0x05, 0x05,
    0x05, 0x14, 0x05, 0x07, 0x05, 0x13, 0x05, 0x07, 0x05, 0x13, 0x05, 0x08, 0x05, 0x12, 0x05, 0x08,
    0x05, 0x12, 0x04, 0x0a, 0x05, 0x10, 0x05, 0x0a, 0x05, 0x10, 0x05, 0x0b, 0x05, 0x0f, 0x05, 0x0b,
    0x05, 0x0f, 0x05, 0x0b, 0x06, 0x0e, 0x04, 0x0d, 0x05, 0x0d, 0x05, 0x0d, 0x06, 0x0c, 0x05, 0x0e,
    0x05, 0x0c, 0x05, 0x0e, 0x06, 0x0b, 0x05, 0x0f, 0x05, 0xff, 0xff, 0xff, 0x2f, 0x04, 0x1f, 0x05,
    0x1f, 0x05, 0x1f, 0x05, 0x1f, 0x05, 0x1f, 0x04, 0x1f, 0x05, 0x1f, 0x05, 0x1f, 0x05, 0x1f, 0x05,
    0x1f, 0x04, 0x1f, 0x05, 0x1f, 0x05, 0x1f, 0x05, 0x1f, 0x05, 0x1f, 0x04, 0x1f, 0x05, 0x1f, 0x05,
    0x1f, 0x05, 0x1f, 0x05, 0x1f, 0x04, 0x1f, 0x05, 0x1f, 0x05, 0x1f, 0x05, 0x1f, 0x05, 0x1f, 0x04,
    0x1f, 0x05, 0x1f, 0x05, 0x1f, 0x05, 0x1f, 0x05, 0x1f, 0x04, 0x20, 0x15, 0x0e, 0x16, 0x0e, 0x16,
    0x0e, 0x16, 0xff, 0xff, 0xff, 0x2c, 0x07, 0x0c, 0x06, 0x0b, 0x07, 0x0b, 0x07, 0x0b, 0x07, 0x0b,
    0x07, 0x0b, 0x07, 0x0a, 0x08, 0x0b, 0x07, 0x0a, 0x07, 0x0b, 0x08, 0x09, 0x03, 0x01, 0x04, 0x0b,
    0x04, 0x01, 0x04, 0x07, 0x04, 0x01, 0x04, 0x0b, 0x04, 0x01, 0x04, 0x07, 0x03, 0x01, 0x05, 0x0b,
    0x04, 0x02, 0x03, 0x06, 0x04, 0x01, 0x05, 0x0b, 0x04, 0x02, 0x03, 0x06, 0x03, 0x02, 0x04, 0x0b,
    0x05, 0x02, 0x03, 0x05, 0x04, 0x02, 0x04, 0x0b, 0x05, 0x02, 0x03, 0x05, 0x03, 0x03, 0x04, 0x0b,
    0x04, 0x03, 0x03, 0x04, 0x04, 0x02, 0x05, 0x0b, 0x04, 0x03, 0x04, 0x03, 0x03, 0x03, 0x05, 0x0b,
    0x04, 0x03, 0x04, 0x02, 0x04, 0x03, 0x04, 0x0b, 0x05, 0x04, 0x03, 0x02, 0x03, 0x04, 0x04, 0x0b,
    0x05, 0x04, 0x03, 0x01, 0x03, 0x05, 0x04, 0x0b, 0x04, 0x05, 0x07, 0x05, 0x04, 0x0b, 0x04, 0x05,
    0x06, 0x05, 0x05, 0x0b, 0x04, 0x05, 0x06, 0x05, 0x04, 0x0b, 0x05, 0x05, 0x05, 0x06, 0x04, 0x0b,
    0x05, 0x05, 0x05, 0x06, 0x04, 0x0b, 0x04, 0x07, 0x03, 0x07, 0x04, 0x0b, 0x04, 0x10, 0x05, 0x0b,
    0x04, 0x10, 0x05, 0x0a, 0x05, 0x10, 0x04, 0x0b, 0x05, 0x10, 0x04, 0x0b, 0x04, 0x11, 0x04, 0x0b,
    0x04, 0x10, 0x05, 0x0b, 0x04, 0x10, 0x05, 0x0b, 0x04, 0x10, 0x04, 0x0c, 0x04, 0x10, 0x04, 0x0c,
    0x03, 0x11, 0x04, 0x0c, 0x03, 0x10, 0x05, 0x0c, 0x03, 0x10, 0x05, 0xff, 0xff, 0xff, 0x2e, 0x06,
    0x0b, 0x05, 0x0d, 0x07, 0x0b, 0x05, 0x0d, 0x07, 0x0b, 0x05, 0x0d, 0x07, 0x0b, 0x04, 0x0e, 0x08,
    0x0a, 0x04, 0x0e, 0x08, 0x09, 0x05, 0x0d, 0x09, 0x09, 0x05, 0x0d, 0x09, 0x09, 0x05, 0x0d, 0x05,
    0x01, 0x04, 0x08, 0x04, 0x0e, 0x04, 0x02, 0x04, 0x08, 0x04, 0x0e, 0x04, 0x02, 0x04, 0x07, 0x05,
    0x0d, 0x05, 0x02, 0x04, 0x07, 0x05, 0x0d, 0x05, 0x02, 0x04, 0x07, 0x05, 0x0d, 0x05, 0x03, 0x04,
    0x06, 0x04, 0x0e, 0x04, 0x04, 0x04, 0x06, 0x04, 0x0e, 0x04, 0x04, 0x04, 0x05, 0x05, 0x0d, 0x05,
    0x04, 0x04, 0x05, 0x05, 0x0d, 0x05, 0x04, 0x04, 0x05, 0x05, 0x0d, 0x05, 0x05, 0x04, 0x04, 0x04,
    0x0e, 0x04, 0x06, 0x04, 0x04, 0x04, 0x0e, 0x04, 0x06, 0x04, 0x03, 0x05, 0x0d, 0x05, 0x06, 0x04,
    0x03, 0x05, 0x0d, 0x05, 0x07, 0x04, 0x02, 0x05, 0x0d, 0x05, 0x07, 0x04, 0x02, 0x04, 0x0e, 0x04,
    0x08, 0x04, 0x02, 0x04, 0x0e, 0x04, 0x08, 0x04, 0x02, 0x04, 0x0e, 0x04, 0x08, 0x04, 0x01, 0x05,
    0x0d, 0x05, 0x09, 0x09, 0x0d, 0x05, 0x09, 0x08, 0x0e, 0x04, 0x0a, 0x08, 0x0e, 0x04, 0x0a, 0x08,
    0x0e, 0x04, 0x0a, 0x08, 0x0d, 0x05, 0x0b, 0x07, 0x0d, 0x05, 0x0b, 0x07, 0x0d, 0x05, 0x0b, 0x06,
    0xff, 0xff, 0xff, 0x13, 0x07, 0x1b, 0x0b, 0x17, 0x0e, 0x15, 0x10, 0x13, 0x07, 0x04, 0x07, 0x11,
    0x06, 0x08, 0x05, 0x11, 0x05, 0x09, 0x05, 0x10, 0x05, 0x0b, 0x05, 0x0f, 0x05, 0x0b, 0x05, 0x0e,
    0x05, 0x0c, 0x05, 0x0e, 0x05, 0x0c, 0x05, 0x0d, 0x05, 0x0d, 0x05, 0x0d, 0x05, 0x0d, 0x05, 0x0d,
    0x05, 0x0d, 0x05, 0x0d, 0x04, 0x0e, 0x05, 0x0c, 0x05, 0x0e, 0x05, 0x0c, 0x05, 0x0e, 0x05, 0x0c,
    0x05, 0x0e, 0x04, 0x0d, 0x05, 0x0d, 0x05, 0x0c, 0x05, 0x0e, 0x05, 0x0c, 0x05, 0x0e, 0x05, 0x0c,
    0x05, 0x0e, 0x05, 0x0c, 0x05, 0x0d, 0x05, 0x0d, 0x05, 0x0d, 0x05, 0x0d, 0x05, 0x0d, 0x05, 0x0d,
    0x05, 0x0c, 0x05, 0x0e, 0x05, 0x0c, 0x05, 0x0e, 0x05, 0x0c, 0x05, 0x0e, 0x05, 0x0b, 0x05, 0x0f,
    0x05, 0x0b, 0x05, 0x10, 0x04, 0x0a, 0x05, 0x11, 0x05, 0x08, 0x05, 0x12, 0x06, 0x05, 0x07, 0x13,
    0x10, 0x15, 0x0e, 0x17, 0x0b, 0x1b, 0x07, 0xff, 0xff, 0xff, 0x14, 0x0e, 0x16, 0x11, 0x13, 0x12,
    0x11, 0x14, 0x10, 0x05, 0x09, 0x06, 0x10, 0x05, 0x0a, 0x06, 0x0f, 0x05, 0x0b, 0x05, 0x0f, 0x04,
    0x0c, 0x05, 0x0e, 0x05, 0x0c, 0x05, 0x0e, 0x05, 0x0c, 0x05, 0x0e, 0x05, 0x0c, 0x05, 0x0e, 0x05,
    0x0c, 0x05, 0x0e, 0x04, 0x0d, 0x05, 0x0d, 0x05, 0x0c, 0x05, 0x0e, 0x05, 0x0b, 0x06, 0x0e, 0x05,
    0x0a, 0x06, 0x0f, 0x05, 0x08, 0x07, 0x10, 0x14, 0x0f, 0x13, 0x11, 0x12, 0x12, 0x0f, 0x15, 0x05,
    0x1f, 0x04, 0x1f, 0x05, 0x1f, 0x05, 0x1f, 0x05, 0x1f, 0x05, 0x1f, 0x04, 0x1f, 0x05, 0x1f, 0x05,
    0x1f, 0x05, 0x1f, 0x05, 0x1f, 0x04, 0x1f, 0x05, 0x1f, 0x05, 0xff, 0xff, 0xff, 0x23, 0x07, 0x1b,
    0x0b, 0x17, 0x0e, 0x15, 0x10, 0x13, 0x07, 0x04, 0x07, 0x11, 0x06, 0x08, 0x05, 0x11, 0x05, 0x09,
    0x05, 0x10, 0x05, 0x0b, 0x05, 0x0f, 0x05, 0x0b, 0x05, 0x0e, 0x05, 0x0c, 0x05, 0x0e, 0x05, 0x0c,
    0x05, 0x0d, 0x05, 0x0d, 0x05, 0x0d, 0x05, 0x0d, 0x05, 0x0d, 0x05, 0x0d, 0x05, 0x0d, 0x04, 0x0e,
    0x05, 0x0c, 0x05, 0x0e, 0x05, 0x0c, 0x05, 0x0e, 0x05, 0x0c, 0x05, 0x0e, 0x04, 0x0d, 0x05, 0x0d,
    0x05, 0x0c, 0x05, 0x0e, 0x05, 0x0c, 0x05, 0x0e, 0x05, 0x0c, 0x05, 0x0e, 0x05, 0x0c, 0x05, 0x0d,
    0x05, 0x0d, 0x05, 0x0d, 0x05, 0x0d, 0x05, 0x0d, 0x05, 0x0d, 0x05, 0x0c, 0x05, 0x0e, 0x05, 0x0c,
    0x05, 0x0e, 0x05, 0x0c, 0x05, 0x0e, 0x05, 0x0b, 0x05, 0x0f, 0x05, 0x0b, 0x05, 0x10, 0x04, 0x0a,
    0x05, 0x11, 0x05, 0x08, 0x05, 0x12, 0x06, 0x05, 0x07, 0x13, 0x10, 0x15, 0x0e, 0x17, 0x0b, 0x1b,
    0x09, 0x1f, 0x05, 0x20, 0x05, 0x20, 0x05, 0x20, 0x04, 0x21, 0x01, 0xff, 0xff, 0x5c, 0x0e, 0x16,
    0x10, 0x14, 0x12, 0x11, 0x14, 0x10, 0x05, 0x08, 0x07, 0x10, 0x05, 0x0a, 0x06, 0x0f, 0x05, 0x0b,
    0x05, 0x0f, 0x04, 0x0c, 0x05, 0x0e, 0x05, 0x0c, 0x05, 0x0e, 0x05, 0x0c, 0x05, 0x0e, 0x05, 0x0c,
    0x05, 0x0e, 0x05, 0x0c, 0x04, 0x0f, 0x04, 0x0c, 0x05, 0x0e, 0x05, 0x0b, 0x06, 0x0e, 0x05, 0x0a,
    0x06, 0x0f, 0x05, 0x08, 0x07, 0x10, 0x13, 0x11, 0x11, 0x12, 0x10, 0x14, 0x11, 0x13, 0x05, 0x07,
    0x06, 0x12, 0x05, 0x09, 0x05, 0x11, 0x04, 0x0a, 0x05, 0x11, 0x04, 0x0b, 0x04, 0x10, 0x05, 0x0b,
    0x05, 0x0f, 0x05, 0x0b, 0x05, 0x0f, 0x05, 0x0c, 0x04, 0x0f, 0x04, 0x0d, 0x05, 0x0e, 0x04, 0x0d,
    0x05, 0x0d, 0x05, 0x0e, 0x04, 0x0d, 0x05, 0x0e, 0x04, 0x0d, 0x05, 0x0e, 0x05, 0x0c, 0x05, 0x0e,
    0x05, 0x0c, 0x04, 0x10, 0x04, 0x0b, 0x05, 0x10, 0x05, 0xff, 0xff, 0xff, 0x0f, 0x08, 0x19, 0x0f,
    0x14, 0x11, 0x11, 0x13, 0x10, 0x07, 0x07, 0x05, 0x11, 0x05, 0x0c, 0x02, 0x10, 0x05, 0x0e, 0x01,
    0x0f, 0x05, 0x1f, 0x05, 0x1f, 0x04, 0x20, 0x04, 0x20, 0x04, 0x20, 0x04, 0x20, 0x05, 0x1f, 0x06,
    0x1e, 0x08, 0x1d, 0x0a, 0x1b, 0x0c, 0x1a, 0x0c, 0x1a, 0x0b, 0x1c, 0x09, 0x1e, 0x07, 0x1f, 0x05,
    0x1f, 0x05, 0x20, 0x05, 0x1f, 0x05, 0x1f, 0x04, 0x20, 0x04, 0x1f, 0x05, 0x1f, 0x05, 0x1e, 0x05,
    0x0e, 0x03, 0x0d, 0x06, 0x0e, 0x06, 0x08, 0x07, 0x0f, 0x14, 0x10, 0x13, 0x12, 0x10, 0x17, 0x0a,
    0xff, 0xff, 0xff, 0x10, 0x1b, 0x09, 0x1b, 0x09, 0x1b, 0x09, 0x1b, 0x14, 0x04, 0x1f, 0x05, 0x1f,
    0x05, 0x1f, 0x05, 0x1f, 0x05, 0x1f, 0x04, 0x1f, 0x05, 0x1f, 0x05, 0x1f, 0x05, 0x1f, 0x05, 0x1f,
    0x04, 0x20, 0x04, 0x1f, 0x05, 0x1f, 0x05, 0x1f, 0x05, 0x1f, 0x04, 0x20, 0x04, 0x1f, 0x05, 0x1f,
    0x05, 0x1f, 0x05, 0x1f, 0x05, 0x1f, 0x04, 0x1f, 0x05, 0x1f, 0x05, 0x1f, 0x05, 0x1f, 0x05, 0x1f,
    0x04, 0x1f, 0x05, 0x1f, 0x05, 0x1f, 0x05, 0x1f, 0x05, 0xff, 0xff, 0xff, 0x38, 0x05, 0x0c, 0x05,
    0x0e, 0x04, 0x0d, 0x05, 0x0d, 0x05, 0x0d, 0x04, 0x0e, 0x05, 0x0c, 0x05, 0x0e, 0x05, 0x0c, 0x05,
    0x0e, 0x05, 0x0c, 0x05, 0x0e, 0x04, 0x0d, 0x05, 0x0d, 0x05, 0x0d, 0x04, 0x0e, 0x05, 0x0c, 0x05,
    0x0e, 0x05, 0x0c, 0x05, 0x0e, 0x05, 0x0c, 0x05, 0x0e, 0x04, 0x0d, 0x05, 0x0d, 0x05, 0x0d, 0x04,
    0x0e, 0x05, 0x0c, 0x05, 0x0e, 0x05, 0x0c, 0x05, 0x0e, 0x05, 0x0c, 0x05, 0x0e, 0x04, 0x0d, 0x05,
    0x0e, 0x04, 0x0d, 0x04, 0x0e, 0x05, 0x0d, 0x04, 0x0e, 0x05, 0x0c, 0x05, 0x0e, 0x05, 0x0c, 0x05,
    0x0e, 0x04, 0x0d, 0x05, 0x0e, 0x04, 0x0d, 0x05, 0x0d, 0x05, 0x0d, 0x04, 0x0e, 0x05, 0x0c, 0x05,
    0x0e, 0x05, 0x0c, 0x05, 0x0e, 0x05, 0x0c, 0x05, 0x0e, 0x05, 0x0b, 0x05, 0x0f, 0x05, 0x0b, 0x05,
    0x0f, 0x05, 0x0a, 0x05, 0x10, 0x05, 0x09, 0x06, 0x11, 0x06, 0x06, 0x06, 0x12, 0x11, 0x14, 0x0f,
    0x16, 0x0d, 0x19, 0x08, 0xff, 0xff, 0xff, 0x11, 0x04, 0x11, 0x05, 0x0a, 0x04, 0x10, 0x05, 0x0b,
    0x05, 0x0f, 0x05, 0x0b, 0x05, 0x0e, 0x05, 0x0c, 0x05, 0x0e, 0x05, 0x0c, 0x05, 0x0d, 0x05, 0x0d,
    0x05, 0x0d, 0x05, 0x0d, 0x05, 0x0d, 0x04, 0x0f, 0x04, 0x0c, 0x05, 0x0f, 0x04, 0x0c, 0x04, 0x10,
    0x04, 0x0b, 0x05, 0x10, 0x04, 0x0b, 0x04, 0x11, 0x04, 0x0a, 0x05, 0x11, 0x04, 0x0a, 0x05, 0x11,
    0x05, 0x08, 0x05, 0x12, 0x05, 0x08, 0x05, 0x12, 0x05, 0x07, 0x05, 0x13, 0x05, 0x07, 0x05, 0x13,
    0x05, 0x06, 0x05, 0x15, 0x04, 0x06, 0x05, 0x15, 0x04, 0x06, 0x04, 0x16, 0x04, 0x05, 0x05, 0x16,
    0x04, 0x05, 0x04, 0x17, 0x04, 0x04, 0x05, 0x17, 0x04, 0x04, 0x04, 0x18, 0x05, 0x02, 0x05, 0x18,
    0x05, 0x02, 0x04, 0x19, 0x05, 0x01, 0x05, 0x19, 0x05, 0x01, 0x04, 0x1b, 0x09, 0x1b, 0x08, 0x1c,
    0x08, 0x1c, 0x07, 0x1d, 0x07, 0x1d, 0x06, 0xff, 0xff, 0xff, 0x34, 0x05, 0x13, 0x05, 0x07, 0x05,
    0x13, 0x05, 0x07, 0x05, 0x13, 0x04, 0x08, 0x05, 0x13, 0x04, 0x08, 0x05, 0x12, 0x05, 0x08, 0x04,
    0x13, 0x04, 0x09, 0x04, 0x13, 0x04, 0x09, 0x04, 0x12, 0x05, 0x09, 0x04, 0x12, 0x04, 0x0a, 0x04,
    0x12, 0x04, 0x0a, 0x04, 0x06, 0x05, 0x06, 0x05, 0x0a, 0x04, 0x06, 0x05, 0x06, 0x04, 0x0b, 0x04,
    0x05, 0x06, 0x06, 0x04, 0x0b, 0x04, 0x05, 0x06, 0x05, 0x05, 0x0b, 0x04, 0x05, 0x07, 0x04, 0x04,
    0x0c, 0x04, 0x04, 0x08, 0x04, 0x04, 0x0c, 0x04, 0x04, 0x03, 0x01, 0x04, 0x03, 0x05, 0x0c, 0x04,
    0x03, 0x04, 0x01, 0x04, 0x03, 0x04, 0x0d, 0x04, 0x03, 0x03, 0x02, 0x04, 0x03, 0x04, 0x0d, 0x03,
    0x04, 0x03, 0x02, 0x04, 0x03, 0x04, 0x0d, 0x03, 0x03, 0x04, 0x02, 0x04, 0x02, 0x04, 0x0d, 0x04,
    0x03, 0x03, 0x03, 0x04, 0x02, 0x04, 0x0d, 0x04, 0x02, 0x04, 0x03, 0x04, 0x02, 0x04, 0x0d, 0x04,
    0x02, 0x03, 0x04, 0x04, 0x01, 0x04, 0x0e, 0x04, 0x01, 0x04, 0x04, 0x04, 0x01, 0x04, 0x0e, 0x04,
    0x01, 0x03, 0x05, 0x04, 0x01, 0x04, 0x0e, 0x04, 0x01, 0x03, 0x05, 0x08, 0x0f, 0x08, 0x05, 0x08,
    0x0f, 0x07, 0x07, 0x07, 0x0f, 0x07, 0x07, 0x06, 0x10, 0x06, 0x08, 0x06, 0x10, 0x06, 0x08, 0x05,
    0x11, 0x05, 0x09, 0x05, 0x11, 0x05, 0x09, 0x05, 0x11, 0x05, 0x09, 0x04, 0xff, 0xff, 0xff, 0x31,
    0x05, 0x0f, 0x05, 0x0b, 0x05, 0x0e, 0x05, 0x0d, 0x04, 0x0d, 0x05, 0x0e, 0x05, 0x0b, 0x05, 0x10,
    0x04, 0x0a, 0x06, 0x10, 0x05, 0x08, 0x06, 0x11, 0x05, 0x08, 0x05, 0x13, 0x05, 0x06, 0x05, 0x14,
    0x05, 0x05, 0x05, 0x16, 0x04, 0x04, 0x05, 0x17, 0x05, 0x02, 0x06, 0x17, 0x05, 0x01, 0x06, 0x19,
    0x0a, 0x1a, 0x09, 0x1c, 0x07, 0x1d, 0x07, 0x1d, 0x06, 0x1d, 0x07, 0x1d, 0x07, 0x1c, 0x08, 0x1b,
    0x0a, 0x19, 0x06, 0x01, 0x04, 0x18, 0x06, 0x02, 0x05, 0x16, 0x06, 0x03, 0x05, 0x16, 0x05, 0x05,
    0x05, 0x14, 0x05, 0x06, 0x05, 0x13, 0x05, 0x08, 0x04, 0x12, 0x06, 0x08, 0x05, 0x10, 0x06, 0x0a,
    0x04, 0x10, 0x05, 0x0b, 0x05, 0x0e, 0x05, 0x0c, 0x05, 0x0d, 0x05, 0x0e, 0x05, 0x0c, 0x05, 0x0e,
    0x05, 0x0c, 0x04, 0x10, 0x04, 0x0c, 0x03, 0x11, 0x05, 0xff, 0xff, 0xff, 0x2b, 0x04, 0x11, 0x05,
    0x0a, 0x05, 0x0f, 0x05, 0x0c, 0x04, 0x0f, 0x05, 0x0c, 0x05, 0x0d, 0x05, 0x0d, 0x05, 0x0c, 0x05,
    0x0f, 0x04, 0x0b, 0x05, 0x10, 0x05, 0x0a, 0x05, 0x10, 0x05, 0x09, 0x05, 0x12, 0x04, 0x08, 0x05,
    0x13, 0x05, 0x06, 0x05, 0x15, 0x04, 0x05, 0x05, 0x16, 0x04, 0x05, 0x05, 0x16, 0x05, 0x03, 0x05,
    0x18, 0x04, 0x02, 0x05, 0x19, 0x0a, 0x1a, 0x0a, 0x1b, 0x08, 0x1c, 0x07, 0x1e, 0x05, 0x1f, 0x05,
    0x1f, 0x04, 0x1f, 0x05, 0x1f, 0x05, 0x1f, 0x05, 0x1f, 0x05, 0x1f, 0x05, 0x1e, 0x05, 0x1f, 0x05,
    0x1f, 0x05, 0x1f, 0x05, 0x1f, 0x05, 0x1f, 0x04, 0x1f, 0x05, 0x1f, 0x05, 0x1f, 0x05, 0xff, 0xff,
    0xff, 0x38, 0x17, 0x0d, 0x17, 0x0d, 0x16, 0x0d, 0x17, 0x1e, 0x05, 0x1e, 0x06, 0x1d, 0x06, 0x1d,
    0x06, 0x1e, 0x05, 0x1e, 0x05, 0x1e, 0x05, 0x1e, 0x06, 0x1d, 0x06, 0x1d, 0x06, 0x1e, 0x05, 0x1e,
    0x05, 0x1e, 0x05, 0x1e, 0x06, 0x1d, 0x06, 0x1d, 0x06, 0x1e, 0x05, 0x1e, 0x05, 0x1e, 0x05, 0x1e,
    0x06, 0x1d, 0x06, 0x1d, 0x06, 0x1e, 0x05, 0x1e, 0x05, 0x1e, 0x05, 0x1e, 0x05, 0x1e, 0x06, 0x1e,
    0x17, 0x0c, 0x18, 0x0c, 0x18, 0x0c, 0x18, 0xff, 0xff, 0xff, 0x11, 0x0a, 0x1a, 0x0a, 0x1a, 0x0a,
    0x1a, 0x0a, 0x1a, 0x04, 0x1f, 0x05, 0x1f, 0x05, 0x1f, 0x04, 0x20, 0x04, 0x20, 0x04, 0x20, 0x04,
    0x1f, 0x05, 0x1f, 0x04, 0x20, 0x04, 0x20, 0x04, 0x20, 0x04, 0x1f, 0x05, 0x1f, 0x04, 0x20, 0x04,
    0x20, 0x04, 0x20, 0x04, 0x1f, 0x05, 0x1f, 0x04, 0x20, 0x04, 0x20, 0x04, 0x20, 0x04, 0x1f, 0x05,
    0x1f, 0x04, 0x20, 0x04, 0x20, 0x04, 0x20, 0x04, 0x1f, 0x05, 0x1f, 0x04, 0x20, 0x04, 0x20, 0x04,
    0x20, 0x04, 0x1f, 0x05, 0x1f, 0x04, 0x20, 0x04, 0x20, 0x0a, 0x1a, 0x0a, 0x19, 0x0a, 0x1a, 0x0a,
    0xff, 0xff, 0x3a, 0x04, 0x21, 0x04, 0x20, 0x04, 0x20, 0x04, 0x20, 0x04, 0x20, 0x04, 0x20, 0x04,
    0x20, 0x04, 0x20, 0x04, 0x20, 0x04, 0x21, 0x04, 0x20, 0x04, 0x20, 0x04, 0x20, 0x04, 0x20, 0x04,
    0x20, 0x04, 0x20, 0x04, 0x20, 0x04, 0x21, 0x04, 0x20, 0x04, 0x20, 0x04, 0x20, 0x04, 0x20, 0x04,
    0x20, 0x04, 0x20, 0x04, 0x20, 0x04, 0x21, 0x04, 0x20, 0x04, 0x20, 0x04, 0x20, 0x04, 0x20, 0x04,
    0x20, 0x04, 0x20, 0x04, 0x20, 0x04, 0x20, 0x04, 0x21, 0x04, 0x20, 0x04, 0x20, 0x04, 0x20, 0x04,
    0xff, 0xff, 0x85, 0x0a, 0x1a, 0x09, 0x1a, 0x0a, 0x1a, 0x0a, 0x20, 0x04, 0x1f, 0x05, 0x1f, 0x04,
    0x20, 0x04, 0x20, 0x04, 0x20, 0x04, 0x1f, 0x05, 0x1f, 0x05, 0x1f, 0x04, 0x20, 0x04, 0x20, 0x04,
    0x1f, 0x05, 0x1f, 0x05, 0x1f, 0x04, 0x20, 0x04, 0x20, 0x04, 0x1f, 0x05, 0x1f, 0x05, 0x1f, 0x04,
    0x20, 0x04, 0x20, 0x04, 0x1f, 0x05, 0x1f, 0x05, 0x1f, 0x04, 0x20, 0x04, 0x20, 0x04, 0x1f, 0x05,
    0x1f, 0x05, 0x1f, 0x04, 0x20, 0x04, 0x20, 0x04, 0x1f, 0x05, 0x1f, 0x05, 0x1f, 0x04, 0x20, 0x04,
    0x1a, 0x0a, 0x1a, 0x0a, 0x1a, 0x0a, 0x1a, 0x09, 0xff, 0xff, 0x41, 0x05, 0x1e, 0x07, 0x1c, 0x09,
    0x1a, 0x0a, 0x1a, 0x05, 0x01, 0x05, 0x18, 0x05, 0x03, 0x05, 0x16, 0x05, 0x05, 0x05, 0x14, 0x05,
    0x07, 0x05, 0x12, 0x05, 0x09, 0x05, 0x11, 0x04, 0x0b, 0x04, 0x10, 0x04, 0x0d, 0x04, 0x0e, 0x04,
    0x0f, 0x04, 0x0c, 0x04, 0x11, 0x04, 0xff, 0xff, 0xff, 0xff, 0xff, 0xff, 0xff, 0xff, 0xff, 0xff,
    0xff, 0xff, 0x2d, 0x1d, 0x07, 0x1d, 0x07, 0x1d, 0x07, 0x1d, 0xff, 0x33, 0x05, 0x20, 0x04, 0x20,
    0x05, 0x20, 0x04, 0x21, 0x04, 0x20, 0x04, 0x21, 0x04, 0x21, 0x03, 0x21, 0x04, 0xff, 0xff, 0xff,
    0xff, 0xff, 0xff, 0xff, 0xff, 0x70, 0x08, 0x19, 0x0d, 0x15, 0x11, 0x13, 0x11, 0x13, 0x04, 0x08,
    0x06, 0x11, 0x02, 0x0c, 0x05, 0x20, 0x04, 0x20, 0x04, 0x20, 0x04, 0x20, 0x04, 0x16, 0x0e, 0x13,
    0x11, 0x11, 0x13, 0x10, 0x14, 0x0f, 0x07, 0x09, 0x04, 0x0f, 0x05, 0x0c, 0x04, 0x0f, 0x04, 0x0d,
    0x04, 0x0e, 0x05, 0x0c, 0x05, 0x0e, 0x04, 0x0d, 0x05, 0x0e, 0x04, 0x0c, 0x05, 0x0f, 0x04, 0x0c,
    0x05, 0x0f, 0x04, 0x0b, 0x06, 0x0f, 0x05, 0x08, 0x08, 0x0f, 0x06, 0x06, 0x09, 0x10, 0x0e, 0x01,
    0x04, 0x11, 0x0d, 0x02, 0x04, 0x13, 0x0a, 0x03, 0x04, 0x14, 0x07, 0xff, 0xff, 0xf1, 0x05, 0x1f,
    0x05, 0x1f, 0x04, 0x20, 0x04, 0x20, 0x04, 0x1f, 0x05, 0x1f, 0x05, 0x1f, 0x04, 0x20, 0x04, 0x20,
    0x04, 0x04, 0x06, 0x15, 0x05, 0x02, 0x0a, 0x13, 0x05, 0x01, 0x0c, 0x12, 0x13, 0x11, 0x08, 0x05,
    0x06, 0x11, 0x07, 0x07, 0x05, 0x10, 0x06, 0x0a, 0x05, 0x0f, 0x06, 0x0a, 0x05, 0x0f, 0x05, 0x0b,
    0x05, 0x0f, 0x05, 0x0b, 0x05, 0x0f, 0x04, 0x0c, 0x05, 0x0e, 0x05, 0x0c, 0x05, 0x0e, 0x05, 0x0c,
    0x05, 0x0e, 0x04, 0x0d, 0x05, 0x0e, 0x04, 0x0d, 0x04, 0x0f, 0x04, 0x0d, 0x04, 0x0e, 0x05, 0x0c,
    0x05, 0x0e, 0x05, 0x0c, 0x05, 0x0e, 0x05, 0x0c, 0x04, 0x0f, 0x05, 0x0b, 0x05, 0x0f, 0x05, 0x0a,
    0x05, 0x0f, 0x06, 0x0a, 0x05, 0x0f, 0x07, 0x08, 0x05, 0x10, 0x08, 0x05, 0x06, 0x11, 0x04, 0x01,
    0x0e, 0x11, 0x04, 0x01, 0x0c, 0x12, 0x05, 0x02, 0x0a, 0x1c, 0x06, 0xff, 0xff, 0xff, 0xff, 0x3b,
    0x07, 0x1a, 0x0c, 0x17, 0x0f, 0x14, 0x11, 0x11, 0x08, 0x06, 0x04, 0x12, 0x06, 0x0a, 0x02, 0x11,
    0x05, 0x0d, 0x01, 0x10, 0x05, 0x1f, 0x05, 0x1e, 0x05, 0x1f, 0x05, 0x1f, 0x04, 0x1f, 0x05, 0x1f,
    0x05, 0x1f, 0x04, 0x20, 0x04, 0x20, 0x04, 0x20, 0x04, 0x20, 0x04, 0x20, 0x04, 0x20, 0x05, 0x1f,
    0x05, 0x0d, 0x01, 0x12, 0x05, 0x0b, 0x02, 0x12, 0x07, 0x06, 0x04, 0x14, 0x10, 0x15, 0x0f, 0x16,
    0x0d, 0x19, 0x08, 0xff, 0xff, 0xfd, 0x04, 0x20, 0x04, 0x20, 0x04, 0x1f, 0x05, 0x1f, 0x04, 0x20,
    0x04, 0x20, 0x04, 0x20, 0x04, 0x1f, 0x05, 0x15, 0x05, 0x05, 0x04, 0x13, 0x0a, 0x03, 0x04, 0x12,
    0x0c, 0x02, 0x04, 0x11, 0x0e, 0x01, 0x04, 0x10, 0x06, 0x05, 0x09, 0x0f, 0x06, 0x08, 0x07, 0x0f,
    0x05, 0x09, 0x06, 0x0f, 0x05, 0x0b, 0x05, 0x0f, 0x05, 0x0b, 0x05, 0x0e, 0x05, 0x0c, 0x05, 0x0e,
    0x05, 0x0c, 0x05, 0x0e, 0x04, 0x0d, 0x04, 0x0f, 0x04, 0x0d, 0x04, 0x0e, 0x05, 0x0d, 0x04, 0x0e,
    0x05, 0x0c, 0x05, 0x0e, 0x05, 0x0c, 0x05, 0x0e, 0x04, 0x0d, 0x04, 0x0f, 0x04, 0x0d, 0x04, 0x0f,
    0x04, 0x0c, 0x05, 0x0f, 0x04, 0x0c, 0x05, 0x0f, 0x05, 0x0a, 0x06, 0x0f, 0x05, 0x09, 0x06, 0x10,
    0x06, 0x07, 0x07, 0x11, 0x06, 0x05, 0x08, 0x11, 0x13, 0x12, 0x0c, 0x01, 0x05, 0x13, 0x0a, 0x02,
    0x04, 0x16, 0x06, 0xff, 0xff, 0xff, 0xff, 0x3b, 0x07, 0x1b, 0x0b, 0x18, 0x0e, 0x14, 0x10, 0x13,
    0x07, 0x05, 0x06, 0x11, 0x06, 0x09, 0x05, 0x10, 0x05, 0x0b, 0x04, 0x0f, 0x05, 0x0c, 0x04, 0x0f,
    0x04, 0x0d, 0x04, 0x0e, 0x04, 0x0e, 0x04, 0x0e, 0x04, 0x0e, 0x04, 0x0d, 0x17, 0x0d, 0x17, 0x0d,
    0x17, 0x0d, 0x17, 0x0c, 0x05, 0x1f, 0x05, 0x1f, 0x05, 0x1f, 0x05, 0x1f, 0x05, 0x20, 0x04, 0x20,
    0x05, 0x0e, 0x01, 0x10, 0x06, 0x0b, 0x03, 0x11, 0x07, 0x06, 0x06, 0x11, 0x13, 0x12, 0x11, 0x15,
    0x0d, 0x19, 0x08, 0xff, 0xff, 0xf9, 0x09, 0x19, 0x0b, 0x18, 0x0c, 0x17, 0x0d, 0x16, 0x06, 0x1e,
    0x05, 0x1f, 0x04, 0x1f, 0x05, 0x1f, 0x04, 0x20, 0x04, 0x19, 0x14, 0x10, 0x14, 0x0f, 0x15, 0x0f,
    0x15, 0x16, 0x04, 0x20, 0x04, 0x20, 0x04, 0x1f, 0x05, 0x1f, 0x05, 0x1f, 0x04, 0x20, 0x04, 0x20,
    0x04, 0x1f, 0x05, 0x1f, 0x05, 0x1f, 0x04, 0x20, 0x04, 0x20, 0x04, 0x1f, 0x05, 0x1f, 0x05, 0x1f,
    0x04, 0x20, 0x04, 0x20, 0x04, 0x1f, 0x05, 0x1f, 0x05, 0x1f, 0x04, 0x20, 0x04, 0xff, 0xff, 0xff,
    0xff, 0x5f, 0x06, 0x1c, 0x0a, 0x02, 0x05, 0x12, 0x0c, 0x01, 0x05, 0x11, 0x0d, 0x01, 0x04, 0x11,
    0x06, 0x05, 0x08, 0x10, 0x06, 0x07, 0x07, 0x0f, 0x05, 0x0a, 0x06, 0x0f, 0x05, 0x0a, 0x06, 0x0e,
    0x05, 0x0b, 0x05, 0x0f, 0x05, 0x0b, 0x05, 0x0f, 0x04, 0x0c, 0x05, 0x0e, 0x05, 0x0c, 0x05, 0x0e,
    0x05, 0x0c, 0x05, 0x0e, 0x04, 0x0d, 0x04, 0x0f, 0x04, 0x0d, 0x04, 0x0f, 0x04, 0x0d, 0x04, 0x0e,
    0x05, 0x0c, 0x05, 0x0e, 0x05, 0x0c, 0x05, 0x0e, 0x05, 0x0b, 0x05, 0x10, 0x04, 0x0b, 0x05, 0x10,
    0x05, 0x09, 0x06, 0x10, 0x05, 0x08, 0x07, 0x10, 0x07, 0x04, 0x09, 0x11, 0x12, 0x13, 0x0c, 0x01,
    0x04, 0x14, 0x09, 0x03, 0x04, 0x15, 0x06, 0x04, 0x05, 0x1f, 0x04, 0x20, 0x04, 0x1f, 0x05, 0x1f,
    0x04, 0x12, 0x01, 0x0c, 0x05, 0x12, 0x04, 0x07, 0x06, 0x13, 0x10, 0x13, 0x10, 0x15, 0x0e, 0x19,
    0x08, 0xff, 0xad, 0x04, 0x20, 0x04, 0x20, 0x04, 0x1f, 0x05, 0x1f, 0x05, 0x1f, 0x04, 0x20, 0x04,
    0x20, 0x04, 0x1f, 0x05, 0x1f, 0x05, 0x04, 0x06, 0x15, 0x04, 0x03, 0x0a, 0x13, 0x04, 0x02, 0x0b,
    0x13, 0x04, 0x01, 0x0d, 0x11, 0x09, 0x04, 0x06, 0x11, 0x07, 0x08, 0x05, 0x10, 0x06, 0x09, 0x05,
    0x10, 0x05, 0x0a, 0x05, 0x10, 0x04, 0x0b, 0x05, 0x0f, 0x05, 0x0b, 0x04, 0x10, 0x05, 0x0b, 0x04,
    0x10, 0x04, 0x0c, 0x04, 0x10, 0x04, 0x0c, 0x04, 0x10, 0x04, 0x0b, 0x05, 0x0f, 0x05, 0x0b, 0x04,
    0x10, 0x05, 0x0b, 0x04, 0x10, 0x04, 0x0c, 0x04, 0x10, 0x04, 0x0c, 0x04, 0x10, 0x04, 0x0b, 0x05,
    0x0f, 0x05, 0x0b, 0x05, 0x0f, 0x05, 0x0b, 0x04, 0x10, 0x04, 0x0c, 0x04, 0x10, 0x04, 0x0c, 0x04,
    0x10, 0x04, 0x0b, 0x05, 0x0f, 0x05, 0x0b, 0x05, 0x0f, 0x05, 0x0b, 0x04, 0x10, 0x04, 0x0c, 0x04,
    0xff, 0xff, 0xff, 0x16, 0x04, 0x20, 0x04, 0x20, 0x04, 0x1f, 0x05, 0x1f, 0x04, 0xcc, 0x0b, 0x19,
    0x0b, 0x19, 0x0b, 0x19, 0x0b, 0x1f, 0x05, 0x1f, 0x04, 0x20, 0x04, 0x20, 0x04, 0x1f, 0x05, 0x1f,
    0x05, 0x1f, 0x04, 0x20, 0x04, 0x20, 0x04, 0x1f, 0x05, 0x1f, 0x05, 0x1f, 0x04, 0x20, 0x04, 0x20,
    0x04, 0x1f, 0x05, 0x1f, 0x04, 0x20, 0x04, 0x20, 0x04, 0x17, 0x15, 0x0f, 0x15, 0x0f, 0x15, 0x0f,
    0x15, 0xff, 0xff, 0xff, 0x17, 0x04, 0x20, 0x04, 0x1f, 0x05, 0x1f, 0x04, 0x20, 0x04, 0xcb, 0x0c,
    0x18, 0x0c, 0x18, 0x0c, 0x18, 0x0b, 0x20, 0x04, 0x20, 0x04, 0x20, 0x04, 0x1f, 0x05, 0x1f, 0x05,
    0x1f, 0x04, 0x20, 0x04, 0x20, 0x04, 0x1f, 0x05, 0x1f, 0x05, 0x1f, 0x04, 0x20, 0x04, 0x20, 0x04,
    0x1f, 0x05, 0x1f, 0x05, 0x1f, 0x04, 0x20, 0x04, 0x20, 0x04, 0x1f, 0x05, 0x1f, 0x05, 0x1f, 0x04,
    0x20, 0x04, 0x20, 0x04, 0x1f, 0x05, 0x1f, 0x04, 0x20, 0x04, 0x1f, 0x05, 0x1e, 0x05, 0x17, 0x0d,
    0x17, 0x0c, 0x17, 0x0c, 0x18, 0x0a, 0xff, 0xb0, 0x05, 0x1f, 0x04, 0x20, 0x04, 0x20, 0x04, 0x1f,
    0x05, 0x1f, 0x05, 0x1f, 0x04, 0x20, 0x04, 0x20, 0x04, 0x1f, 0x05, 0x1f, 0x05, 0x0a, 0x06, 0x0f,
    0x04, 0x0a, 0x05, 0x11, 0x04, 0x08, 0x06, 0x12, 0x04, 0x07, 0x06, 0x12, 0x05, 0x06, 0x06, 0x13,
    0x05, 0x05, 0x05, 0x15, 0x04, 0x04, 0x06, 0x16, 0x04, 0x03, 0x06, 0x17, 0x04, 0x02, 0x06, 0x17,
    0x05, 0x01, 0x05, 0x19, 0x0b, 0x19, 0x0c, 0x18, 0x0c, 0x18, 0x06, 0x02, 0x05, 0x16, 0x06, 0x04,
    0x05, 0x15, 0x05, 0x05, 0x05, 0x15, 0x04, 0x07, 0x05, 0x14, 0x04, 0x07, 0x05, 0x14, 0x04, 0x08,
    0x05, 0x12, 0x05, 0x08, 0x05, 0x12, 0x05, 0x09, 0x05, 0x11, 0x04, 0x0a, 0x05, 0x11, 0x04, 0x0b,
    0x05, 0x10, 0x04, 0x0b, 0x05, 0x0f, 0x05, 0x0c, 0x05, 0x0e, 0x05, 0x0d, 0x05, 0xff, 0xff, 0xff,
    0x0a, 0x0c, 0x18, 0x0b, 0x19, 0x0b, 0x18, 0x0c, 0x20, 0x04, 0x1f, 0x05, 0x1f, 0x04, 0x20, 0x04,
    0x20, 0x04, 0x1f, 0x05, 0x1f, 0x04, 0x20, 0x04, 0x20, 0x04, 0x20, 0x04, 0x1f, 0x05, 0x1f, 0x04,
    0x20, 0x04, 0x20, 0x04, 0x1f, 0x05, 0x1f, 0x05, 0x1f, 0x04, 0x20, 0x04, 0x20, 0x04, 0x1f, 0x05,
    0x1f, 0x04, 0x20, 0x04, 0x20, 0x04, 0x20, 0x04, 0x1f, 0x05, 0x1f, 0x05, 0x1f, 0x05, 0x1f, 0x06,
    0x1f, 0x0d, 0x17, 0x0d, 0x18, 0x0b, 0x1b, 0x09, 0xff, 0xff, 0xff, 0xff, 0x55, 0x04, 0x06, 0x04,
    0x10, 0x04, 0x01, 0x07, 0x02, 0x08, 0x0d, 0x0d, 0x01, 0x09, 0x0d, 0x17, 0x0d, 0x05, 0x04, 0x07,
    0x03, 0x05, 0x0c, 0x05, 0x04, 0x06, 0x04, 0x05, 0x0c, 0x04, 0x05, 0x05, 0x06, 0x04, 0x0b, 0x05,
    0x05, 0x05, 0x06, 0x03, 0x0c, 0x04, 0x06, 0x04, 0x06, 0x04, 0x0c, 0x04, 0x06, 0x04, 0x06, 0x04,
    0x0c, 0x04, 0x06, 0x04, 0x06, 0x04, 0x0c, 0x04, 0x06, 0x04, 0x06, 0x04, 0x0c, 0x03, 0x07, 0x04,
    0x06, 0x04, 0x0b, 0x04, 0x06, 0x04, 0x06, 0x04, 0x0c, 0x04, 0x06, 0x04, 0x06, 0x04, 0x0c, 0x04,
    0x06, 0x04, 0x06, 0x04, 0x0c, 0x04, 0x06, 0x04, 0x06, 0x04, 0x0c, 0x03, 0x07, 0x04, 0x06, 0x04,
    0x0b, 0x04, 0x06, 0x04, 0x06, 0x04, 0x0c, 0x04, 0x06, 0x04, 0x06, 0x04, 0x0c, 0x04, 0x06, 0x04,
    0x06, 0x04, 0x0c, 0x04, 0x06, 0x04, 0x06, 0x04, 0x0c, 0x03, 0x07, 0x04, 0x06, 0x04, 0x0b, 0x04,
    0x06, 0x04, 0x06, 0x04, 0x0c, 0x04, 0x06, 0x04, 0x06, 0x04, 0x0c, 0x04, 0x06, 0x04, 0x06, 0x04,
    0x0c, 0x04, 0x06, 0x04, 0x06, 0x04, 0xff, 0xff, 0xff, 0xff, 0x58, 0x06, 0x15, 0x04, 0x03, 0x0a,
    0x13, 0x04, 0x02, 0x0b, 0x13, 0x04, 0x01, 0x0d, 0x11, 0x09, 0x04, 0x06, 0x11, 0x07, 0x08, 0x05,
    0x10, 0x06, 0x09, 0x05, 0x10, 0x05, 0x0a, 0x05, 0x10, 0x04, 0x0b, 0x05, 0x0f, 0x05, 0x0b, 0x04,
    0x10, 0x05, 0x0b, 0x04, 0x10, 0x04, 0x0c, 0x04, 0x10, 0x04, 0x0c, 0x04, 0x10, 0x04, 0x0b, 0x05,
    0x0f, 0x05, 0x0b, 0x04, 0x10, 0x05, 0x0b, 0x04, 0x10, 0x04, 0x0c, 0x04, 0x10, 0x04, 0x0c, 0x04,
    0x10, 0x04, 0x0b, 0x05, 0x0f, 0x05, 0x0b, 0x05, 0x0f, 0x05, 0x0b, 0x04, 0x10, 0x04, 0x0c, 0x04,
    0x10, 0x04, 0x0c, 0x04, 0x10, 0x04, 0x0b, 0x05, 0x0f, 0x05, 0x0b, 0x05, 0x0f, 0x05, 0x0b, 0x04,
    0x10, 0x04, 0x0c, 0x04, 0xff, 0xff, 0xff, 0xff, 0x57, 0x07, 0x1b, 0x0b, 0x17, 0x0f, 0x14, 0x10,
    0x13, 0x07, 0x05, 0x06, 0x12, 0x05, 0x08, 0x05, 0x11, 0x05, 0x0a, 0x05, 0x0f, 0x05, 0x0b, 0x05,
    0x0f, 0x05, 0x0b, 0x05, 0x0e, 0x05, 0x0d, 0x04, 0x0e, 0x05, 0x0d, 0x04, 0x0e, 0x04, 0x0d, 0x05,
    0x0d, 0x05, 0x0d, 0x05, 0x0d, 0x05, 0x0d, 0x05, 0x0d, 0x05, 0x0d, 0x05, 0x0d, 0x04, 0x0e, 0x04,
    0x0e, 0x04, 0x0e, 0x04, 0x0e, 0x04, 0x0d, 0x05, 0x0e, 0x04, 0x0d, 0x04, 0x0f, 0x04, 0x0c, 0x05,
    0x0f, 0x05, 0x0b, 0x04, 0x10, 0x05, 0x0a, 0x05, 0x10, 0x06, 0x08, 0x05, 0x12, 0x06, 0x05, 0x07,
    0x12, 0x11, 0x14, 0x0f, 0x16, 0x0c, 0x1b, 0x07, 0xff, 0xff, 0xff, 0xff, 0x3c, 0x05, 0x16, 0x04,
    0x03, 0x09, 0x14, 0x04, 0x01, 0x0c, 0x13, 0x12, 0x11, 0x09, 0x04, 0x07, 0x10, 0x07, 0x08, 0x05,
    0x10, 0x06, 0x09, 0x05, 0x10, 0x05, 0x0b, 0x04, 0x10, 0x05, 0x0b, 0x04, 0x0f, 0x05, 0x0c, 0x04,
    0x0f, 0x05, 0x0c, 0x04, 0x0f, 0x04, 0x0d, 0x04, 0x0f, 0x04, 0x0d, 0x04, 0x0f, 0x04, 0x0d, 0x04,
    0x0e, 0x05, 0x0c, 0x05, 0x0e, 0x04, 0x0d, 0x05, 0x0e, 0x04, 0x0d, 0x04, 0x0f, 0x04, 0x0d, 0x04,
    0x0f, 0x04, 0x0c, 0x05, 0x0e, 0x05, 0x0c, 0x04, 0x0f, 0x06, 0x0a, 0x05, 0x0f, 0x06, 0x09, 0x05,
    0x10, 0x07, 0x07, 0x06, 0x10, 0x08, 0x05, 0x06, 0x10, 0x13, 0x11, 0x05, 0x01, 0x0c, 0x12, 0x04,
    0x03, 0x0a, 0x13, 0x04, 0x05, 0x06, 0x15, 0x04, 0x1f, 0x05, 0x1f, 0x05, 0x1f, 0x04, 0x20, 0x04,
    0x20, 0x04, 0x1f, 0x05, 0x1f, 0x05, 0x1f, 0x04, 0xff, 0xff, 0xfe, 0x06, 0x1c, 0x0a, 0x02, 0x05,
    0x12, 0x0c, 0x01, 0x05, 0x11, 0x12, 0x11, 0x06, 0x05, 0x08, 0x10, 0x06, 0x07, 0x07, 0x0f, 0x05,
    0x0a, 0x06, 0x0f, 0x05, 0x0a, 0x06, 0x0e, 0x05, 0x0b, 0x05, 0x0f, 0x05, 0x0b, 0x05, 0x0f, 0x04,
    0x0c, 0x05, 0x0e, 0x05, 0x0c, 0x05, 0x0e, 0x05, 0x0c, 0x05, 0x0e, 0x04, 0x0d, 0x04, 0x0f, 0x04,
    0x0d, 0x04, 0x0f, 0x04, 0x0d, 0x04, 0x0e, 0x05, 0x0c, 0x05, 0x0e, 0x05, 0x0c, 0x05, 0x0e, 0x05,
    0x0c, 0x04, 0x0f, 0x05, 0x0b, 0x05, 0x0f, 0x05, 0x0b, 0x05, 0x10, 0x05, 0x09, 0x06, 0x10, 0x05,
    0x08, 0x07, 0x10, 0x06, 0x05, 0x09, 0x11, 0x12, 0x12, 0x0d, 0x01, 0x04, 0x14, 0x09, 0x03, 0x04,
    0x15, 0x06, 0x04, 0x05, 0x1f, 0x05, 0x1f, 0x04, 0x20, 0x04, 0x20, 0x04, 0x1f, 0x05, 0x1f, 0x05,
    0x1f, 0x04, 0x20, 0x04, 0x20, 0x04, 0xff, 0xff, 0xf6, 0x06, 0x14, 0x04, 0x04, 0x0a, 0x12, 0x04,
    0x02, 0x0c, 0x12, 0x04, 0x01, 0x0d, 0x11, 0x0a, 0x06, 0x03, 0x11, 0x08, 0x0a, 0x01, 0x11, 0x07,
    0x1d, 0x06, 0x1e, 0x05, 0x1f, 0x04, 0x1f, 0x05, 0x1f, 0x05, 0x1f, 0x04, 0x20, 0x04, 0x20, 0x04,
    0x1f, 0x05, 0x1f, 0x04, 0x20, 0x04, 0x20, 0x04, 0x20, 0x04, 0x1f, 0x05, 0x1f, 0x04, 0x20, 0x04,
    0x20, 0x04, 0x20, 0x04, 0x1f, 0x05, 0x1f, 0x05, 0xff, 0xff, 0xff, 0xff, 0x63, 0x09, 0x19, 0x0d,
    0x15, 0x10, 0x13, 0x11, 0x12, 0x07, 0x07, 0x04, 0x12, 0x05, 0x0b, 0x01, 0x13, 0x04, 0x1f, 0x05,
    0x1f, 0x05, 0x1f, 0x05, 0x1f, 0x06, 0x1f, 0x07, 0x1d, 0x0a, 0x1b, 0x0c, 0x1a, 0x0c, 0x1b, 0x09,
    0x1e, 0x07, 0x1f, 0x05, 0x20, 0x04, 0x20, 0x04, 0x20, 0x04, 0x1f, 0x05, 0x10, 0x02, 0x0c, 0x05,
    0x11, 0x05, 0x07, 0x07, 0x11, 0x12, 0x12, 0x11, 0x14, 0x0e, 0x19, 0x08, 0xff, 0xff, 0xff, 0x62,
    0x04, 0x1f, 0x05, 0x1f, 0x04, 0x20, 0x04, 0x20, 0x04, 0x20, 0x04, 0x1f, 0x05, 0x18, 0x15, 0x0f,
    0x15, 0x0f, 0x15, 0x0f, 0x15, 0x15, 0x05, 0x1f, 0x05, 0x1f, 0x04, 0x20, 0x04, 0x20, 0x04, 0x1f,
    0x05, 0x1f, 0x05, 0x1f, 0x04, 0x20, 0x04, 0x20, 0x04, 0x1f, 0x05, 0x1f, 0x04, 0x20, 0x04, 0x20,
    0x04, 0x20, 0x04, 0x1f, 0x05, 0x1f, 0x05, 0x1f, 0x06, 0x1f, 0x0d, 0x17, 0x0d, 0x18, 0x0b, 0x1b,
    0x09, 0xff, 0xff, 0xff, 0xff, 0x75, 0x05, 0x0b, 0x04, 0x10, 0x05, 0x0b, 0x04, 0x10, 0x04, 0x0c,
    0x04, 0x10, 0x04, 0x0c, 0x04, 0x10, 0x04, 0x0b, 0x05, 0x0f, 0x05, 0x0b, 0x04, 0x10, 0x05, 0x0b,
    0x04, 0x10, 0x04, 0x0c, 0x04, 0x10, 0x04, 0x0c, 0x04, 0x10, 0x04, 0x0b, 0x05, 0x0f, 0x05, 0x0b,
    0x04, 0x10, 0x05, 0x0b, 0x04, 0x10, 0x04, 0x0c, 0x04, 0x10, 0x04, 0x0c, 0x04, 0x10, 0x04, 0x0b,
    0x05, 0x0f, 0x05, 0x0b, 0x05, 0x0f, 0x05, 0x0b, 0x04, 0x10, 0x04, 0x0c, 0x04, 0x10, 0x04, 0x0b,
    0x05, 0x10, 0x04, 0x0b, 0x05, 0x10, 0x04, 0x0a, 0x06, 0x10, 0x05, 0x08, 0x06, 0x11, 0x06, 0x05,
    0x08, 0x12, 0x0d, 0x01, 0x04, 0x12, 0x0c, 0x01, 0x05, 0x13, 0x0a, 0x02, 0x05, 0x15, 0x06, 0xff,
    0xff, 0xff, 0xff, 0x57, 0x05, 0x0f, 0x04, 0x0d, 0x04, 0x0e, 0x05, 0x0d, 0x04, 0x0d, 0x05, 0x0e,
    0x04, 0x0d, 0x05, 0x0e, 0x04, 0x0c, 0x05, 0x0f, 0x04, 0x0c, 0x04, 0x10, 0x04, 0x0b, 0x05, 0x10,
    0x05, 0x0a, 0x04, 0x12, 0x04, 0x09, 0x05, 0x12, 0x04, 0x09, 0x04, 0x13, 0x04, 0x08, 0x05, 0x13,
    0x04, 0x08, 0x04, 0x14, 0x04, 0x07, 0x05, 0x14, 0x05, 0x06, 0x04, 0x16, 0x04, 0x05, 0x04, 0x17,
    0x04, 0x05, 0x04, 0x17, 0x04, 0x04, 0x04, 0x18, 0x04, 0x04, 0x04, 0x18, 0x04, 0x03, 0x04, 0x19,
    0x05, 0x01, 0x05, 0x1a, 0x04, 0x01, 0x04, 0x1b, 0x09, 0x1b, 0x08, 0x1c, 0x07, 0x1d, 0x07, 0x1d,
    0x06, 0xff, 0xff, 0xff, 0xff, 0x78, 0x04, 0x14, 0x05, 0x07, 0x04, 0x14, 0x04, 0x08, 0x04, 0x13,
    0x05, 0x08, 0x04, 0x13, 0x04, 0x09, 0x04, 0x13, 0x04, 0x09, 0x04, 0x12, 0x04, 0x0a, 0x04, 0x12,
    0x04, 0x0a, 0x04, 0x11, 0x05, 0x0b, 0x03, 0x07, 0x04, 0x06, 0x04, 0x0c, 0x03, 0x06, 0x05, 0x06,
    0x04, 0x0c, 0x03, 0x06, 0x05, 0x05, 0x04, 0x0d, 0x03, 0x05, 0x06, 0x05, 0x04, 0x0d, 0x03, 0x05,
    0x06, 0x04, 0x04, 0x0e, 0x04, 0x03, 0x03, 0x01, 0x03, 0x04, 0x04, 0x0e, 0x04, 0x03, 0x03, 0x01,
    0x03, 0x04, 0x03, 0x0f, 0x04, 0x02, 0x03, 0x03, 0x02, 0x03, 0x04, 0x0f, 0x04, 0x02, 0x03, 0x03,
    0x02, 0x03, 0x04, 0x0f, 0x04, 0x01, 0x03, 0x04, 0x03, 0x01, 0x04, 0x10, 0x04, 0x01, 0x03, 0x04,
    0x03, 0x01, 0x04, 0x10, 0x07, 0x05, 0x03, 0x01, 0x03, 0x11, 0x07, 0x05, 0x07, 0x11, 0x06, 0x06,
    0x06, 0x12, 0x06, 0x06, 0x06, 0x12, 0x05, 0x07, 0x06, 0x12, 0x05, 0x07, 0x05, 0x13, 0x04, 0x09,
    0x04, 0xff, 0xff, 0xff, 0xff, 0x75, 0x05, 0x0d, 0x05, 0x0e, 0x04, 0x0c, 0x05, 0x0f, 0x05, 0x0a,
    0x05, 0x11, 0x04, 0x09, 0x05, 0x12, 0x05, 0x07, 0x05, 0x14, 0x04, 0x06, 0x05, 0x15, 0x05, 0x04,
    0x05, 0x17, 0x04, 0x03, 0x05, 0x19, 0x04, 0x01, 0x05, 0x1a, 0x09, 0x1c, 0x07, 0x1d, 0x06, 0x1e,
    0x06, 0x1d, 0x07, 0x1c, 0x08, 0x1b, 0x0a, 0x19, 0x06, 0x01, 0x04, 0x18, 0x06, 0x02, 0x05, 0x17,
    0x05, 0x04, 0x05, 0x15, 0x05, 0x06, 0x04, 0x14, 0x05, 0x07, 0x05, 0x12, 0x05, 0x09, 0x04, 0x11,
    0x05, 0x0a, 0x05, 0x0f, 0x05, 0x0c, 0x04, 0x0e, 0x05, 0x0d, 0x05, 0x0d, 0x04, 0x0f, 0x04, 0xff,
    0xff, 0xff, 0xff, 0x71, 0x05, 0x0f, 0x04, 0x0d, 0x04, 0x0e, 0x05, 0x0d, 0x04, 0x0d, 0x05, 0x0e,
    0x04, 0x0d, 0x05, 0x0e, 0x04, 0x0c, 0x05, 0x0f, 0x05, 0x0b, 0x04, 0x11, 0x04, 0x0a, 0x05, 0x11,
    0x04, 0x0a, 0x04, 0x12, 0x04, 0x09, 0x05, 0x12, 0x04, 0x09, 0x04, 0x13, 0x05, 0x07, 0x05, 0x14,
    0x04, 0x06, 0x05, 0x15, 0x04, 0x06, 0x04, 0x16, 0x04, 0x05, 0x05, 0x16, 0x04, 0x05, 0x04, 0x17,
    0x05, 0x03, 0x05, 0x18, 0x04, 0x03, 0x04, 0x19, 0x04, 0x02, 0x04, 0x1a, 0x04, 0x01, 0x05, 0x1a,
    0x09, 0x1b, 0x09, 0x1c, 0x07, 0x1d, 0x07, 0x1d, 0x06, 0x1e, 0x05, 0x1f, 0x05, 0x1f, 0x04, 0x1f,
    0x05, 0x1f, 0x04, 0x1f, 0x05, 0x1e, 0x05, 0x1e, 0x05, 0x1a, 0x0a, 0x1a, 0x09, 0x1b, 0x07, 0x1d,
    0x05, 0xff, 0xff, 0xff, 0x1d, 0x13, 0x11, 0x13, 0x11, 0x13, 0x11, 0x13, 0x1e, 0x05, 0x1e, 0x05,
    0x1e, 0x05, 0x1e, 0x05, 0x1e, 0x05, 0x1e, 0x05, 0x1e, 0x05, 0x1e, 0x05, 0x1e, 0x05, 0x1e, 0x05,
    0x1e, 0x05, 0x1e, 0x05, 0x1e, 0x05, 0x1e, 0x05, 0x1e, 0x05, 0x1e, 0x05, 0x1e, 0x05, 0x1e, 0x05,
    0x1f, 0x13, 0x10, 0x14, 0x10, 0x14, 0x10, 0x14, 0xff, 0xff, 0xff, 0x19, 0x07, 0x1b, 0x09, 0x1a,
    0x0a, 0x1a, 0x0a, 0x19, 0x06, 0x1e, 0x04, 0x1f, 0x05, 0x1f, 0x04, 0x20, 0x04, 0x20, 0x04, 0x1f,
    0x05, 0x1f, 0x04, 0x20, 0x04, 0x20, 0x04, 0x1f, 0x05, 0x1f, 0x05, 0x1f, 0x04, 0x1f, 0x05, 0x1f,
    0x04, 0x1e, 0x06, 0x19, 0x0a, 0x1a, 0x09, 0x1b, 0x08, 0x1b, 0x0a, 0x1f, 0x06, 0x1f, 0x05, 0x20,
    0x04, 0x20, 0x04, 0x20, 0x04, 0x1f, 0x05, 0x1f, 0x05, 0x1f, 0x04, 0x20, 0x04, 0x20, 0x04, 0x20,
    0x04, 0x1f, 0x05, 0x1f, 0x05, 0x1f, 0x05, 0x1f, 0x05, 0x1f, 0x06, 0x1e, 0x0b, 0x1a, 0x09, 0x1c,
    0x08, 0x1e, 0x06, 0xff, 0xf2, 0x04, 0x20, 0x04, 0x20, 0x04, 0x20, 0x04, 0x20, 0x04, 0x20, 0x04,
    0x20, 0x04, 0x20, 0x04, 0x20, 0x04, 0x20, 0x04, 0x20, 0x04, 0x20, 0x04, 0x20, 0x04, 0x20, 0x04,
    0x20, 0x04, 0x20, 0x04, 0x20, 0x04, 0x20, 0x04, 0x20, 0x04, 0x20, 0x04, 0x20, 0x04, 0x20, 0x04,
    0x20, 0x04, 0x20, 0x04, 0x20, 0x04, 0x20, 0x04, 0x20, 0x04, 0x20, 0x04, 0x20, 0x04, 0x20, 0x04,
    0x20, 0x04, 0x20, 0x04, 0x20, 0x04, 0x20, 0x04, 0x20, 0x04, 0x20, 0x04, 0x20, 0x04, 0x20, 0x04,
    0x20, 0x04, 0x20, 0x04, 0x20, 0x04, 0x20, 0x04, 0x20, 0x04, 0x20, 0x04, 0x20, 0x04, 0x20, 0x04,
    0x20, 0x04, 0x20, 0x04, 0xff, 0x61, 0x06, 0x1e, 0x08, 0x1c, 0x09, 0x1b, 0x0a, 0x1e, 0x06, 0x1f,
    0x05, 0x20, 0x04, 0x20, 0x04, 0x20, 0x04, 0x1f, 0x05, 0x1f, 0x05, 0x1f, 0x04, 0x20, 0x04, 0x20,
    0x04, 0x1f, 0x05, 0x1f, 0x05, 0x1f, 0x05, 0x1f, 0x05, 0x1f, 0x05, 0x20, 0x05, 0x1f, 0x0a, 0x1c,
    0x08, 0x1b, 0x08, 0x1a, 0x0a, 0x19, 0x06, 0x1e, 0x05, 0x1e, 0x05, 0x1f, 0x04, 0x20, 0x04, 0x1f,
    0x05, 0x1f, 0x05, 0x1f, 0x04, 0x20, 0x04, 0x20, 0x04, 0x1f, 0x05, 0x1f, 0x04, 0x20, 0x04, 0x1f,
    0x05, 0x1f, 0x05, 0x1e, 0x05, 0x19, 0x0b, 0x19, 0x0a, 0x1a, 0x09, 0x1b, 0x07, 0xff, 0xff, 0xff,
    0xff, 0x83, 0x06, 0x0e, 0x01, 0x0d, 0x0b, 0x0a, 0x02, 0x0b, 0x0f, 0x06, 0x04, 0x0b, 0x19, 0x0b,
    0x04, 0x06, 0x0e, 0x0c, 0x02, 0x0b, 0x0a, 0x0d, 0x01, 0x0e, 0x06, 0xff, 0xff, 0xff, 0xbb, 0x1e,
    0x06, 0x1e, 0x06, 0x1e, 0x06, 0x03, 0x18, 0x03, 0x06, 0x03, 0x18, 0x03, 0x06, 0x03, 0x18, 0x03,
    0x06, 0x03, 0x18, 0x03, 0x06, 0x03, 0x18, 0x03, 0x06, 0x03, 0x18, 0x03, 0x06, 0x03, 0x18, 0x03,
    0x06, 0x03, 0x18, 0x03, 0x06, 0x03, 0x18, 0x03, 0x06, 0x03, 0x18, 0x03, 0x06, 0x03, 0x18, 0x03,
    0x06, 0x03, 0x18, 0x03, 0x06, 0x03, 0x18, 0x03, 0x06, 0x03, 0x18, 0x03, 0x06, 0x03, 0x18, 0x03,
    0x06, 0x03, 0x18, 0x03, 0x06, 0x03, 0x18, 0x03, 0x06, 0x03, 0x18, 0x03, 0x06, 0x03, 0x18, 0x03,
    0x06, 0x03, 0x18, 0x03, 0x06, 0x03, 0x18, 0x03, 0x06, 0x03, 0x18, 0x03, 0x06, 0x03, 0x18, 0x03,
    0x06, 0x03, 0x18, 0x03, 0x06, 0x03, 0x18, 0x03, 0x06, 0x03, 0x18, 0x03, 0x06, 0x03, 0x18, 0x03,
    0x06, 0x03, 0x18, 0x03, 0x06, 0x03, 0x18, 0x03, 0x06, 0x03, 0x18, 0x03, 0x06, 0x03, 0x18, 0x03,
    0x06, 0x03, 0x18, 0x03, 0x06, 0x03, 0x18, 0x03, 0x06, 0x03, 0x18, 0x03, 0x06, 0x03, 0x18, 0x03,
    0x06, 0x03, 0x18, 0x03, 0x06, 0x03, 0x18, 0x03, 0x06, 0x03, 0x18, 0x03, 0x06, 0x03, 0x18, 0x03,
    0x06, 0x03, 0x18, 0x03, 0x06, 0x03, 0x18, 0x03, 0x06, 0x03, 0x18, 0x03, 0x06, 0x03, 0x18, 0x03,
    0x06, 0x03, 0x18, 0x03, 0x06, 0x03, 0x18, 0x03, 0x06, 0x1e, 0x06, 0x1e, 0x06, 0x1e, 0x6f, 0x24,
    0x39, 0x0c, 0x13, 0x20, 0x00, 0x60, 0x00, 0x01, 0x01, 0x5d, 0x22, 0x00, 0x00, 0xff, 0xff, 0xff,
    0xff, 0xff, 0xff, 0xff, 0xff, 0xff, 0x84, 0x06, 0x1d, 0x07, 0x1d, 0x06, 0x1e, 0x06, 0x1e, 0x06,
    0x1e, 0x06, 0x1d, 0x07, 0x1d, 0x06, 0x1e, 0x06, 0x1e, 0x06, 0x1e, 0x06, 0x1d, 0x07, 0x1d, 0x06,
    0x1e, 0x06, 0x1e, 0x06, 0x1e, 0x06, 0x1e, 0x06, 0x1d, 0x06, 0x1e, 0x06, 0x1e, 0x06, 0x1e, 0x05,
    0x1f, 0x05, 0x1f, 0x05, 0xd1, 0x06, 0x1e, 0x06, 0x1e, 0x06, 0x1e, 0x06, 0x1d, 0x07, 0x1d, 0x06,
    0x1e, 0x06, 0xff, 0xff, 0xff, 0x36, 0x06, 0x06, 0x06, 0x12, 0x06, 0x06, 0x06, 0x12, 0x06, 0x06,
    0x06, 0x12, 0x06, 0x06, 0x06, 0x12, 0x06, 0x06, 0x06, 0x12, 0x06, 0x06, 0x06, 0x12, 0x06, 0x06,
    0x06, 0x12, 0x06, 0x06, 0x06, 0x12, 0x06, 0x06, 0x06, 0x12, 0x06, 0x06, 0x06, 0x12, 0x06, 0x06,
    0x06, 0x12, 0x06, 0x06, 0x06, 0x12, 0x06, 0x06, 0x06, 0xff, 0xff, 0xff, 0xff, 0xff, 0xff, 0x72,
    0x05, 0x05, 0x05, 0x15, 0x05, 0x05, 0x05, 0x14, 0x06, 0x04, 0x06, 0x14, 0x05, 0x05, 0x05, 0x15,
    0x05, 0x05, 0x05, 0x15, 0x05, 0x05, 0x05, 0x14, 0x06, 0x04, 0x06, 0x14, 0x05, 0x05, 0x05, 0x0f,
    0x1b, 0x09, 0x1a, 0x0a, 0x1a, 0x09, 0x1b, 0x09, 0x1b, 0x0f, 0x05, 0x04, 0x06, 0x14, 0x06, 0x04,
    0x05, 0x15, 0x05, 0x05, 0x05, 0x15, 0x05, 0x05, 0x05, 0x15, 0x05, 0x05, 0x05, 0x14, 0x06, 0x04,
    0x05, 0x15, 0x05, 0x05, 0x05, 0x0f, 0x1b, 0x09, 0x1a, 0x0a, 0x1a, 0x0a, 0x1a, 0x0a, 0x1a, 0x0f,
    0x05, 0x05, 0x05, 0x14, 0x05, 0x05, 0x05, 0x15, 0x05, 0x05, 0x05, 0x15, 0x05, 0x05, 0x05, 0x15,
    0x05, 0x05, 0x05, 0x14, 0x05, 0x05, 0x05, 0x15, 0x05, 0x05, 0x05, 0x15, 0x05, 0x05, 0x05, 0x15,
    0x05, 0x05, 0x05, 0xff, 0xff, 0xf4, 0x04, 0x20, 0x04, 0x20, 0x03, 0x21, 0x03, 0x21, 0x03, 0x20,
    0x04, 0x1d, 0x0b, 0x17, 0x0f, 0x13, 0x11, 0x12, 0x12, 0x11, 0x13, 0x11, 0x13, 0x10, 0x08, 0x01,
    0x04, 0x04, 0x02, 0x11, 0x06, 0x03, 0x03, 0x18, 0x06, 0x03, 0x03, 0x18, 0x06, 0x03, 0x03, 0x18,
    0x06, 0x02, 0x04, 0x18, 0x0c, 0x18, 0x0c, 0x19, 0x0d, 0x17, 0x0f, 0x16, 0x0f, 0x17, 0x0e, 0x18,
    0x0c, 0x19, 0x0c, 0x18, 0x03, 0x02, 0x07, 0x17, 0x04, 0x03, 0x06, 0x17, 0x04, 0x03, 0x06, 0x17,
    0x03, 0x04, 0x06, 0x0e, 0x01, 0x08, 0x03, 0x03, 0x07, 0x0e, 0x05, 0x04, 0x03, 0x01, 0x08, 0x0f,
    0x15, 0x0e, 0x15, 0x0f, 0x14, 0x10, 0x13, 0x12, 0x10, 0x18, 0x0a, 0x1d, 0x04, 0x20, 0x03, 0x21,
    0x03, 0x21, 0x03, 0x21, 0x03, 0x20, 0x04, 0x20, 0x03, 0xff, 0xff, 0x61, 0x05, 0x1d, 0x09, 0x1a,
    0x0b, 0x18, 0x0d, 0x16, 0x06, 0x03, 0x05, 0x16, 0x05, 0x05, 0x04, 0x16, 0x04, 0x06, 0x05, 0x15,
    0x04, 0x06, 0x05, 0x15, 0x04, 0x06, 0x05, 0x15, 0x05, 0x05, 0x04, 0x16, 0x06, 0x03, 0x05, 0x17,
    0x0d, 0x0a, 0x02, 0x0c, 0x0b, 0x08, 0x05, 0x0d, 0x09, 0x07, 0x06, 0x10, 0x05, 0x06, 0x07, 0x1b,
    0x06, 0x1c, 0x06, 0x1b, 0x06, 0x1c, 0x06, 0x1b, 0x06, 0x07, 0x06, 0x0f, 0x06, 0x08, 0x09, 0x0c,
    0x04, 0x0a, 0x0b, 0x0c, 0x01, 0x0b, 0x0c, 0x17, 0x05, 0x04, 0x05, 0x16, 0x04, 0x06, 0x04, 0x16,
    0x04, 0x06, 0x04, 0x16, 0x04, 0x06, 0x05, 0x15, 0x04, 0x06, 0x04, 0x16, 0x04, 0x06, 0x04, 0x16,
    0x05, 0x04, 0x05, 0x17, 0x0c, 0x18, 0x0c, 0x1a, 0x09, 0x1c, 0x06, 0xff, 0xff, 0xff, 0x12, 0x08,
    0x19, 0x0d, 0x15, 0x0f, 0x14, 0x0f, 0x14, 0x10, 0x14, 0x10, 0x14, 0x07, 0x07, 0x02, 0x13, 0x07,
    0x1d, 0x07, 0x1d, 0x07, 0x1d, 0x07, 0x1d, 0x07, 0x1e, 0x07, 0x1d, 0x07, 0x1d, 0x08, 0x1a, 0x0a,
    0x19, 0x0c, 0x17, 0x0d, 0x16, 0x0f, 0x05, 0x05, 0x0a, 0x07, 0x02, 0x07, 0x05, 0x05, 0x09, 0x07,
    0x03, 0x07, 0x05, 0x05, 0x09, 0x06, 0x05, 0x07, 0x03, 0x06, 0x08, 0x07, 0x05, 0x07, 0x03, 0x06,
    0x08, 0x06, 0x06, 0x08, 0x02, 0x05, 0x09, 0x06, 0x07, 0x07, 0x01, 0x06, 0x09, 0x06, 0x07, 0x0e,
    0x09, 0x06, 0x08, 0x0c, 0x0a, 0x06, 0x08, 0x0b, 0x0b, 0x07, 0x08, 0x09, 0x0c, 0x07, 0x08, 0x08,
    0x0d, 0x09, 0x05, 0x09, 0x0d, 0x18, 0x0c, 0x18, 0x0d, 0x17, 0x0e, 0x17, 0x0e, 0x0c, 0x03, 0x07,
    0x11, 0x06, 0xff, 0xff, 0xff, 0x1a, 0x06, 0x1e, 0x06, 0x1e, 0x06, 0x1e, 0x06, 0x1e, 0x06, 0x1e,
    0x06, 0x1e, 0x06, 0x1e, 0x06, 0x1e, 0x06, 0x1e, 0x06, 0x1e, 0x06, 0x1e, 0x06, 0x1e, 0x06, 0xff,
    0xff, 0xff, 0xff, 0xff, 0xff, 0x39, 0x05, 0x1e, 0x05, 0x1e, 0x06, 0x1d, 0x06, 0x1d, 0x06, 0x1e,
    0x06, 0x1d, 0x06, 0x1d, 0x06, 0x1e, 0x06, 0x1d, 0x06, 0x1e, 0x06, 0x1d, 0x06, 0x1e, 0x06, 0x1d,
    0x06, 0x1e, 0x06, 0x1d, 0x07, 0x1d, 0x06, 0x1e, 0x06, 0x1d, 0x07, 0x1d, 0x07, 0x1d, 0x06, 0x1e,
    0x06, 0x1d, 0x07, 0x1d, 0x07, 0x1d, 0x07, 0x1d, 0x06, 0x1e, 0x06, 0x1e, 0x06, 0x1e, 0x06, 0x1e,
    0x06, 0x1e, 0x06, 0x1e, 0x06, 0x1e, 0x07, 0x1e, 0x06, 0x1e, 0x06, 0x1e, 0x06, 0x1e, 0x06, 0x1f,
    0x05, 0x1f, 0x06, 0x1e, 0x06, 0x1f, 0x05, 0x1f, 0x06, 0x1f, 0x05, 0xff, 0xff, 0x18, 0x05, 0x1f,
    0x06, 0x1f, 0x05, 0x1f, 0x06, 0x1e, 0x06, 0x1e, 0x06, 0x1f, 0x06, 0x1e, 0x06, 0x1e, 0x06, 0x1e,
    0x06, 0x1e, 0x07, 0x1d, 0x07, 0x1d, 0x07, 0x1e, 0x06, 0x1e, 0x06, 0x1e, 0x06, 0x1d, 0x07, 0x1d,
    0x07, 0x1d, 0x07, 0x1d, 0x07, 0x1d, 0x07, 0x1d, 0x06, 0x1e, 0x06, 0x1d, 0x07, 0x1d, 0x07, 0x1d,
    0x06, 0x1e, 0x06, 0x1d, 0x07, 0x1d, 0x06, 0x1d, 0x07, 0x1d, 0x06, 0x1e, 0x06, 0x1d, 0x06, 0x1e,
    0x06, 0x1d, 0x06, 0x1e, 0x06, 0x1d, 0x06, 0x1d, 0x06, 0x1e, 0x06, 0x1d, 0x06, 0x1d, 0x06, 0x1e,
    0x05, 0x1e, 0x05, 0xff, 0xff, 0x22, 0x04, 0x20, 0x04, 0x20, 0x04, 0x20, 0x04, 0x18, 0x02, 0x06,
    0x04, 0x07, 0x01, 0x10, 0x03, 0x05, 0x04, 0x05, 0x04, 0x0e, 0x06, 0x03, 0x04, 0x03, 0x07, 0x0e,
    0x07, 0x01, 0x04, 0x01, 0x08, 0x11, 0x11, 0x15, 0x0d, 0x19, 0x09, 0x1b, 0x09, 0x19, 0x0d, 0x15,
    0x11, 0x11, 0x07, 0x01, 0x04, 0x02, 0x07, 0x0e, 0x06, 0x03, 0x04, 0x03, 0x07, 0x0e, 0x03, 0x05,
    0x04, 0x05, 0x04, 0x0f, 0x02, 0x06, 0x04, 0x07, 0x01, 0x18, 0x04, 0x20, 0x04, 0x20, 0x04, 0x20,
    0x04, 0xff, 0xff, 0xff, 0xff, 0xff, 0xff, 0x32, 0x05, 0x1f, 0x05, 0x1f, 0x05, 0x1f, 0x05, 0x1f,
    0x05, 0x1f, 0x05, 0x1f, 0x05, 0x1f, 0x05, 0x1f, 0x05, 0x1f, 0x05, 0x15, 0x19, 0x0b, 0x19, 0x0b,
    0x19, 0x0b, 0x19, 0x0b, 0x19, 0x0b, 0x19, 0x15, 0x05, 0x1f, 0x05, 0x1f, 0x05, 0x1f, 0x05, 0x1f,
    0x05, 0x1f, 0x05, 0x1f, 0x05, 0x1f, 0x05, 0x1f, 0x05, 0x1f, 0x05, 0xff, 0xff, 0xff, 0xff, 0xff,
    0xff, 0xff, 0x2c, 0x07, 0x1d, 0x07, 0x1d, 0x07, 0x1c, 0x08, 0x1c, 0x08, 0x1c, 0x07, 0x1d, 0x07,
    0x1c, 0x07, 0x1d, 0x07, 0x1c, 0x07, 0x1d, 0x06, 0x1e, 0x05, 0x1e, 0x06, 0x1e, 0x05, 0x1e, 0x05,
    0xff, 0xff, 0xff, 0xff, 0xed, 0x0f, 0x15, 0x0e, 0x16, 0x0e, 0x15, 0x0f, 0x15, 0x0f, 0x15, 0x0f,
    0x15, 0x0f, 0xff, 0xff, 0xff, 0xff, 0xff, 0xff, 0xff, 0xff, 0x49, 0x08, 0x1c, 0x07, 0x1c, 0x08,
    0x1c, 0x08, 0x1c, 0x08, 0x1c, 0x08, 0x1c, 0x07, 0x1c, 0x08, 0x1c, 0x08, 0xff, 0xff, 0xff, 0x43,
    0x05, 0x1e, 0x05, 0x1f, 0x05, 0x1e, 0x05, 0x1f, 0x05, 0x1e, 0x05, 0x1f, 0x05, 0x1e, 0x05, 0x1f,
    0x05, 0x1e, 0x05, 0x1f, 0x05, 0x1e, 0x05, 0x1f, 0x05, 0x1e, 0x05, 0x1f, 0x05, 0x1e, 0x05, 0x1f,
    0x05, 0x1e, 0x05, 0x1e, 0x06, 0x1e, 0x05, 0x1e, 0x06, 0x1e, 0x05, 0x1e, 0x06, 0x1e, 0x05, 0x1e,
    0x06, 0x1e, 0x05, 0x1e, 0x06, 0x1e, 0x05, 0x1e, 0x06, 0x1e, 0x05, 0x1e, 0x06, 0x1e, 0x05, 0x1e,
    0x06, 0x1e, 0x05, 0x1e, 0x05, 0x1f, 0x05, 0x1e, 0x05, 0x1f, 0x05, 0x1e, 0x05, 0xff, 0xff, 0x93,
    0x06, 0x1c, 0x0b, 0x17, 0x0e, 0x15, 0x10, 0x13, 0x11, 0x12, 0x13, 0x11, 0x08, 0x03, 0x08, 0x10,
    0x08, 0x05, 0x07, 0x10, 0x07, 0x07, 0x07, 0x0e, 0x07, 0x08, 0x07, 0x0e, 0x07, 0x08, 0x07, 0x0e,
    0x07, 0x08, 0x07, 0x0d, 0x07, 0x09, 0x07, 0x0d, 0x07, 0x09, 0x07, 0x0d, 0x07, 0x09, 0x07, 0x0c,
    0x07, 0x0a, 0x07, 0x0c, 0x07, 0x03, 0x03, 0x03, 0x07, 0x0d, 0x07, 0x02, 0x05, 0x02, 0x07, 0x0d,
    0x07, 0x02, 0x05, 0x02, 0x07, 0x0d, 0x07, 0x02, 0x05, 0x02, 0x07, 0x0d, 0x06, 0x03, 0x05, 0x02,
    0x07, 0x0c, 0x07, 0x04, 0x03, 0x02, 0x07, 0x0d, 0x07, 0x09, 0x07, 0x0d, 0x07, 0x09, 0x07, 0x0d,
    0x07, 0x09, 0x07, 0x0d, 0x07, 0x08, 0x07, 0x0e, 0x07, 0x08, 0x07, 0x0e, 0x07, 0x08, 0x07, 0x0e,
    0x07, 0x07, 0x07, 0x0f, 0x08, 0x05, 0x08, 0x10, 0x08, 0x03, 0x08, 0x11, 0x13, 0x11, 0x12, 0x13,
    0x10, 0x15, 0x0e, 0x17, 0x0b, 0x1b, 0x07, 0xff, 0xff, 0xff, 0x1a, 0x08, 0x18, 0x0c, 0x16, 0x0e,
    0x16, 0x0e, 0x16, 0x0d, 0x16, 0x0e, 0x16, 0x05, 0x02, 0x07, 0x16, 0x02, 0x05, 0x07, 0x1d, 0x07,
    0x1d, 0x06, 0x1d, 0x07, 0x1d, 0x07, 0x1d, 0x07, 0x1d, 0x07, 0x1d, 0x06, 0x1e, 0x06, 0x1d, 0x07,
    0x1d, 0x07, 0x1d, 0x07, 0x1d, 0x07, 0x1d, 0x06, 0x1d, 0x07, 0x1d, 0x07, 0x1d, 0x07, 0x1d, 0x07,
    0x1d, 0x06, 0x1d, 0x07, 0x1d, 0x07, 0x1d, 0x07, 0x15, 0x16, 0x0e, 0x16, 0x0e, 0x15, 0x0f, 0x15,
    0x0e, 0x16, 0x0e, 0x16, 0xff, 0xff, 0xff, 0x10, 0x08, 0x18, 0x0f, 0x13, 0x12, 0x12, 0x13, 0x11,
    0x14, 0x10, 0x14, 0x10, 0x05, 0x06, 0x09, 0x0f, 0x02, 0x0c, 0x08, 0x1d, 0x07, 0x1d, 0x06, 0x1e,
    0x06, 0x1d, 0x07, 0x1d, 0x06, 0x1d, 0x07, 0x1c, 0x07, 0x1c, 0x07, 0x1c, 0x08, 0x1b, 0x08, 0x1b,
    0x08, 0x1b, 0x08, 0x1b, 0x08, 0x1b, 0x08, 0x1b, 0x08, 0x1b, 0x08, 0x1b, 0x07, 0x1c, 0x07, 0x1b,
    0x08, 0x1b, 0x08, 0x1b, 0x08, 0x1b, 0x08, 0x1b, 0x17, 0x0d, 0x16, 0x0e, 0x16, 0x0e, 0x16, 0x0e,
    0x16, 0x0e, 0x16, 0xff, 0xff, 0xff, 0x10, 0x09, 0x18, 0x0e, 0x15, 0x11, 0x12, 0x13, 0x11, 0x13,
    0x11, 0x14, 0x10, 0x04, 0x08, 0x08, 0x10, 0x01, 0x0c, 0x07, 0x1e, 0x06, 0x1e, 0x06, 0x1e, 0x06,
    0x1d, 0x07, 0x1c, 0x07, 0x1b, 0x08, 0x15, 0x0e, 0x16, 0x0d, 0x17, 0x0a, 0x1a, 0x0b, 0x19, 0x0c,
    0x17, 0x0e, 0x1d, 0x08, 0x1d, 0x08, 0x1d, 0x07, 0x1d, 0x07, 0x1e, 0x06, 0x1d, 0x07, 0x1d, 0x07,
    0x1d, 0x07, 0x1c, 0x08, 0x0c, 0x02, 0x0d, 0x08, 0x0d, 0x05, 0x09, 0x09, 0x0d, 0x16, 0x0e, 0x15,
    0x0f, 0x14, 0x10, 0x13, 0x12, 0x10, 0x18, 0x09, 0xff, 0xff, 0xff, 0x20, 0x07, 0x1c, 0x08, 0x1b,
    0x09, 0x1a, 0x0a, 0x19, 0x0a, 0x1a, 0x0a, 0x19, 0x0b, 0x18, 0x0c, 0x17, 0x0d, 0x16, 0x06, 0x01,
    0x06, 0x16, 0x06, 0x02, 0x06, 0x16, 0x05, 0x02, 0x07, 0x15, 0x06, 0x02, 0x07, 0x14, 0x06, 0x03,
    0x07, 0x13, 0x06, 0x04, 0x06, 0x13, 0x06, 0x05, 0x06, 0x13, 0x05, 0x06, 0x06, 0x12, 0x05, 0x06,
    0x07, 0x11, 0x06, 0x06, 0x07, 0x10, 0x06, 0x07, 0x07, 0x0f, 0x06, 0x08, 0x06, 0x10, 0x05, 0x09,
    0x06, 0x10, 0x18, 0x0b, 0x19, 0x0b, 0x18, 0x0c, 0x18, 0x0c, 0x18, 0x0c, 0x18, 0x19, 0x07, 0x1d,
    0x07, 0x1d, 0x06, 0x1e, 0x06, 0x1d, 0x07, 0x1d, 0x07, 0x1d, 0x07, 0xff, 0xff, 0xff, 0x33, 0x13,
    0x11, 0x13, 0x10, 0x13, 0x11, 0x13, 0x11, 0x13, 0x11, 0x13, 0x11, 0x05, 0x1f, 0x05, 0x1e, 0x06,
    0x1e, 0x06, 0x1e, 0x06, 0x1e, 0x05, 0x1f, 0x0c, 0x17, 0x0f, 0x15, 0x11, 0x13, 0x11, 0x13, 0x12,
    0x12, 0x13, 0x10, 0x04, 0x07, 0x09, 0x10, 0x01, 0x0b, 0x08, 0x1d, 0x08, 0x1d, 0x07, 0x1d, 0x07,
    0x1d, 0x07, 0x1d, 0x06, 0x1d, 0x07, 0x1d, 0x07, 0x1c, 0x08, 0x0d, 0x01, 0x0d, 0x08, 0x0e, 0x04,
    0x08, 0x0a, 0x0e, 0x15, 0x0f, 0x14, 0x0f, 0x14, 0x10, 0x13, 0x12, 0x10, 0x18, 0x09, 0xff, 0xff,
    0xf8, 0x09, 0x18, 0x0e, 0x15, 0x0f, 0x13, 0x11, 0x12, 0x12, 0x11, 0x13, 0x11, 0x09, 0x07, 0x02,
    0x11, 0x08, 0x1b, 0x08, 0x1c, 0x07, 0x1c, 0x07, 0x1d, 0x07, 0x1c, 0x07, 0x1d, 0x07, 0x03, 0x06,
    0x14, 0x07, 0x01, 0x0a, 0x12, 0x06, 0x01, 0x0c, 0x10, 0x15, 0x0f, 0x15, 0x0f, 0x16, 0x0e, 0x0a,
    0x04, 0x08, 0x0e, 0x08, 0x07, 0x07, 0x0d, 0x09, 0x08, 0x07, 0x0c, 0x08, 0x09, 0x07, 0x0c, 0x08,
    0x09, 0x07, 0x0c, 0x07, 0x0a, 0x06, 0x0d, 0x07, 0x0a, 0x06, 0x0d, 0x07, 0x09, 0x07, 0x0d, 0x07,
    0x09, 0x07, 0x0e, 0x06, 0x08, 0x08, 0x0e, 0x07, 0x06, 0x08, 0x0f, 0x08, 0x04, 0x09, 0x0f, 0x14,
    0x11, 0x12, 0x13, 0x10, 0x14, 0x0f, 0x17, 0x0c, 0x1a, 0x07, 0xff, 0xff, 0xff, 0x11, 0x17, 0x0d,
    0x16, 0x0e, 0x16, 0x0d, 0x17, 0x0d, 0x17, 0x0d, 0x16, 0x1c, 0x08, 0x1c, 0x07, 0x1c, 0x08, 0x1c,
    0x07, 0x1c, 0x07, 0x1d, 0x07, 0x1c, 0x07, 0x1c, 0x08, 0x1c, 0x07, 0x1c, 0x08, 0x1c, 0x07, 0x1c,
    0x07, 0x1c, 0x08, 0x1c, 0x07, 0x1c, 0x08, 0x1c, 0x07, 0x1c, 0x07, 0x1c, 0x08, 0x1c, 0x07, 0x1c,
    0x08, 0x1c, 0x07, 0x1c, 0x07, 0x1c, 0x08, 0x1c, 0x07, 0x1c, 0x08, 0x1c, 0x07, 0x1c, 0x08, 0x1b,
    0x08, 0x1c, 0x07, 0xff, 0xff, 0xff, 0x1f, 0x07, 0x1a, 0x0c, 0x17, 0x0e, 0x14, 0x11, 0x13, 0x12,
    0x11, 0x13, 0x10, 0x08, 0x05, 0x07, 0x10, 0x07, 0x07, 0x07, 0x0f, 0x06, 0x08, 0x07, 0x0e, 0x07,
    0x09, 0x06, 0x0e, 0x06, 0x0a, 0x06, 0x0e, 0x06, 0x09, 0x06, 0x0f, 0x07, 0x08, 0x06, 0x10, 0x06,
    0x07, 0x06, 0x11, 0x07, 0x05, 0x07, 0x12, 0x11, 0x14, 0x0f, 0x16, 0x0c, 0x17, 0x0c, 0x16, 0x10,
    0x13, 0x12, 0x11, 0x07, 0x05, 0x07, 0x10, 0x07, 0x07, 0x07, 0x0f, 0x06, 0x09, 0x06, 0x0e, 0x06,
    0x0a, 0x06, 0x0e, 0x06, 0x0a, 0x06, 0x0e, 0x06, 0x0a, 0x06, 0x0e, 0x06, 0x0a, 0x06, 0x0e, 0x06,
    0x09, 0x07, 0x0e, 0x07, 0x07, 0x08, 0x0e, 0x08, 0x05, 0x08, 0x0f, 0x15, 0x10, 0x13, 0x11, 0x12,
    0x13, 0x10, 0x15, 0x0d, 0x1a, 0x08, 0xff, 0xff, 0xf2, 0x07, 0x1b, 0x0c, 0x16, 0x0f, 0x14, 0x11,
    0x12, 0x13, 0x11, 0x13, 0x10, 0x09, 0x04, 0x08, 0x0f, 0x07, 0x07, 0x07, 0x0e, 0x07, 0x08, 0x07,
    0x0e, 0x07, 0x09, 0x06, 0x0e, 0x06, 0x0a, 0x06, 0x0d, 0x07, 0x0a, 0x06, 0x0d, 0x07, 0x09, 0x07,
    0x0d, 0x07, 0x09, 0x07, 0x0d, 0x07, 0x09, 0x07, 0x0d, 0x07, 0x08, 0x08, 0x0d, 0x08, 0x06, 0x09,
    0x0e, 0x08, 0x04, 0x0a, 0x0e, 0x16, 0x0e, 0x16, 0x0f, 0x14, 0x11, 0x13, 0x12, 0x0a, 0x01, 0x07,
    0x14, 0x05, 0x04, 0x07, 0x1c, 0x07, 0x1d, 0x07, 0x1c, 0x07, 0x1d, 0x07, 0x1c, 0x07, 0x1c, 0x08,
    0x10, 0x03, 0x07, 0x09, 0x11, 0x12, 0x12, 0x11, 0x13, 0x10, 0x14, 0x0f, 0x14, 0x0e, 0x19, 0x08,
    0xff, 0xff, 0xff, 0xff, 0x84, 0x08, 0x1c, 0x07, 0x1c, 0x08, 0x1c, 0x08, 0x1c, 0x08, 0x1c, 0x08,
    0x1c, 0x08, 0x1c, 0x07, 0x1c, 0x08, 0xff, 0x18, 0x08, 0x1c, 0x07, 0x1c, 0x08, 0x1c, 0x08, 0x1c,
    0x08, 0x1c, 0x08, 0x1c, 0x07, 0x1c, 0x08, 0x1c, 0x08, 0xff, 0xff, 0xff, 0xff, 0xa5, 0x08, 0x1c,
    0x07, 0x1c, 0x08, 0x1c, 0x08, 0x1c, 0x08, 0x1c, 0x08, 0x1c, 0x08, 0x1c, 0x07, 0x1c, 0x08, 0xff,
    0x18, 0x08, 0x1b, 0x08, 0x1c, 0x08, 0x1c, 0x08, 0x1c, 0x08, 0x1c, 0x08, 0x1b, 0x08, 0x1c, 0x07,
    0x1d, 0x07, 0x1c, 0x07, 0x1d, 0x06, 0x1d, 0x07, 0x1d, 0x06, 0x1e, 0x05, 0x1e, 0x05, 0xff, 0xff,
    0xff, 0x74, 0x01, 0x20, 0x04, 0x1d, 0x07, 0x1b, 0x09, 0x18, 0x0c, 0x16, 0x0e, 0x13, 0x0f, 0x13,
    0x0e, 0x13, 0x0e, 0x14, 0x0e, 0x15, 0x0c, 0x18, 0x09, 0x1b, 0x07, 0x1d, 0x09, 0x1b, 0x0c, 0x19,
    0x0e, 0x18, 0x0e, 0x19, 0x0e, 0x18, 0x0f, 0x18, 0x0e, 0x18, 0x0c, 0x1b, 0x09, 0x1d, 0x07, 0x20,
    0x04, 0x23, 0x01, 0xff, 0xff, 0xff, 0xff, 0xff, 0x44, 0x19, 0x0b, 0x19, 0x0b, 0x19, 0x0b, 0x19,
    0x0b, 0x19, 0x0b, 0x19, 0xbf, 0x19, 0x0b, 0x19, 0x0b, 0x19, 0x0b, 0x19, 0x0b, 0x19, 0x0b, 0x19,
    0xff, 0xff, 0xff, 0xff, 0xfb, 0x01, 0x23, 0x04, 0x20, 0x06, 0x1e, 0x09, 0x1b, 0x0b, 0x19, 0x0e,
    0x18, 0x0f, 0x18, 0x0e, 0x18, 0x0f, 0x18, 0x0e, 0x19, 0x0c, 0x1b, 0x09, 0x1d, 0x07, 0x1b, 0x09,
    0x18, 0x0c, 0x15, 0x0e, 0x14, 0x0e, 0x13, 0x0e, 0x13, 0x0f, 0x13, 0x0e, 0x16, 0x0c, 0x18, 0x09,
    0x1b, 0x06, 0x1e, 0x04, 0x20, 0x01, 0xff, 0xff, 0xff, 0x92, 0x08, 0x19, 0x0d, 0x15, 0x10, 0x13,
    0x12, 0x12, 0x12, 0x12, 0x13, 0x11, 0x05, 0x06, 0x08, 0x10, 0x03, 0x0a, 0x07, 0x10, 0x01, 0x0c,
    0x07, 0x1d, 0x06, 0x1d, 0x07, 0x1c, 0x07, 0x1c, 0x08, 0x1b, 0x08, 0x1b, 0x08, 0x1b, 0x08, 0x1b,
    0x07, 0x1c, 0x07, 0x1c, 0x07, 0x1c, 0x07, 0x1d, 0x06, 0x1e, 0x06, 0x1d, 0x07, 0x1d, 0x06, 0x1e,
    0x06, 0x1e, 0x06, 0x89, 0x06, 0x1e, 0x06, 0x1e, 0x06, 0x1d, 0x07, 0x1d, 0x07, 0x1d, 0x06, 0x1e,
    0x06, 0xff, 0xff, 0xff, 0x89, 0x07, 0x1a, 0x0d, 0x15, 0x10, 0x13, 0x12, 0x11, 0x14, 0x0f, 0x09,
    0x05, 0x07, 0x0e, 0x07, 0x0a, 0x05, 0x0d, 0x07, 0x0c, 0x05, 0x0b, 0x06, 0x0e, 0x05, 0x0b, 0x05,
    0x0f, 0x05, 0x0a, 0x06, 0x07, 0x05, 0x03, 0x05, 0x09, 0x06, 0x06, 0x09, 0x01, 0x05, 0x09, 0x05,
    0x06, 0x0f, 0x0a, 0x05, 0x05, 0x10, 0x09, 0x05, 0x05, 0x11, 0x09, 0x05, 0x04, 0x07, 0x04, 0x07,
    0x09, 0x04, 0x05, 0x05, 0x07, 0x06, 0x08, 0x05, 0x04, 0x06, 0x08, 0x04, 0x09, 0x05, 0x04, 0x05,
    0x09, 0x04, 0x09, 0x05, 0x04, 0x05, 0x09, 0x04, 0x09, 0x04, 0x05, 0x04, 0x09, 0x05, 0x09, 0x04,
    0x05, 0x04, 0x09, 0x05, 0x09, 0x04, 0x05, 0x05, 0x07, 0x05, 0x0a, 0x04, 0x05, 0x05, 0x07, 0x05,
    0x0a, 0x04, 0x05, 0x06, 0x04, 0x07, 0x0a, 0x04, 0x05, 0x11, 0x0a, 0x04, 0x06, 0x10, 0x0a, 0x05,
    0x05, 0x0f, 0x0b, 0x05, 0x06, 0x09, 0x01, 0x04, 0x0b, 0x05, 0x08, 0x05, 0x02, 0x05, 0x0c, 0x05,
    0x1f, 0x06, 0x1f, 0x06, 0x1e, 0x07, 0x0c, 0x01, 0x11, 0x08, 0x07, 0x04, 0x12, 0x13, 0x12, 0x12,
    0x13, 0x11, 0x14, 0x0e, 0x19, 0x08, 0xff, 0xff, 0x3d, 0x09, 0x1b, 0x09, 0x1a, 0x0a, 0x1a, 0x0a,
    0x1a, 0x0a, 0x19, 0x0b, 0x19, 0x0c, 0x17, 0x0d, 0x17, 0x06, 0x01, 0x06, 0x16, 0x07, 0x01, 0x06,
    0x16, 0x06, 0x02, 0x06, 0x15, 0x07, 0x02, 0x06, 0x15, 0x06, 0x03, 0x06, 0x14, 0x07, 0x03, 0x06,
    0x14, 0x06, 0x04, 0x06, 0x13, 0x07, 0x04, 0x06, 0x13, 0x07, 0x04, 0x06, 0x12, 0x07, 0x05, 0x06,
    0x12, 0x07, 0x05, 0x06, 0x12, 0x06, 0x06, 0x07, 0x10, 0x07, 0x06, 0x07, 0x10, 0x14, 0x0f, 0x15,
    0x0f, 0x15, 0x0e, 0x16, 0x0e, 0x16, 0x0d, 0x17, 0x0d, 0x07, 0x0a, 0x06, 0x0c, 0x07, 0x0b, 0x06,
    0x0c, 0x07, 0x0b, 0x06, 0x0c, 0x06, 0x0c, 0x06, 0x0c, 0x06, 0x0c, 0x06, 0x0c, 0x06, 0x0c, 0x07,
    0x0b, 0x05, 0x0d, 0x07, 0x0b, 0x05, 0x0d, 0x07, 0xff, 0xff, 0xff, 0x2c, 0x10, 0x14, 0x12, 0x12,
    0x14, 0x10, 0x15, 0x0e, 0x16, 0x0e, 0x16, 0x0e, 0x07, 0x07, 0x09, 0x0d, 0x07, 0x08, 0x08, 0x0d,
    0x06, 0x0a, 0x07, 0x0c, 0x07, 0x0a, 0x06, 0x0d, 0x07, 0x09, 0x07, 0x0d, 0x07, 0x09, 0x07, 0x0d,
    0x06, 0x08, 0x08, 0x0e, 0x15, 0x0f, 0x14, 0x0f, 0x13, 0x11, 0x12, 0x12, 0x14, 0x10, 0x15, 0x0f,
    0x06, 0x08, 0x08, 0x0d, 0x07, 0x09, 0x07, 0x0d, 0x07, 0x0a, 0x07, 0x0c, 0x07, 0x0a, 0x07, 0x0c,
    0x06, 0x0b, 0x07, 0x0c, 0x06, 0x0b, 0x07, 0x0b, 0x07, 0x0b, 0x07, 0x0b, 0x07, 0x0a, 0x08, 0x0b,
    0x07, 0x09, 0x08, 0x0c, 0x06, 0x08, 0x0a, 0x0c, 0x17, 0x0c, 0x18, 0x0c, 0x17, 0x0d, 0x16, 0x0e,
    0x14, 0x10, 0x11, 0xff, 0xff, 0xff, 0x1b, 0x08, 0x19, 0x0e, 0x14, 0x10, 0x13, 0x11, 0x12, 0x12,
    0x11, 0x13, 0x10, 0x0a, 0x05, 0x05, 0x10, 0x08, 0x09, 0x03, 0x0f, 0x08, 0x0b, 0x01, 0x0f, 0x08,
    0x1c, 0x08, 0x1c, 0x07, 0x1c, 0x08, 0x1c, 0x07, 0x1d, 0x07, 0x1c, 0x07, 0x1d, 0x07, 0x1d, 0x07,
    0x1d, 0x07, 0x1c, 0x07, 0x1d, 0x07, 0x1d, 0x07, 0x1d, 0x07, 0x1d, 0x07, 0x1d, 0x07, 0x1d, 0x07,
    0x1d, 0x07, 0x1d, 0x08, 0x1d, 0x07, 0x0b, 0x01, 0x11, 0x08, 0x09, 0x02, 0x11, 0x09, 0x05, 0x05,
    0x12, 0x12, 0x12, 0x12, 0x13, 0x10, 0x15, 0x0f, 0x16, 0x0d, 0x1a, 0x07, 0xff, 0xff, 0xff, 0x10,
    0x0c, 0x17, 0x10, 0x14, 0x11, 0x13, 0x13, 0x11, 0x13, 0x11, 0x14, 0x0f, 0x07, 0x05, 0x09, 0x0f,
    0x07, 0x07, 0x08, 0x0e, 0x07, 0x07, 0x08, 0x0e, 0x07, 0x08, 0x07, 0x0e, 0x06, 0x09, 0x07, 0x0d,
    0x07, 0x09, 0x07, 0x0d, 0x07, 0x09, 0x07, 0x0d, 0x07, 0x09, 0x07, 0x0d, 0x07, 0x09, 0x07, 0x0d,
    0x06, 0x0a, 0x07, 0x0c, 0x07, 0x0a, 0x07, 0x0c, 0x07, 0x0a, 0x07, 0x0c, 0x07, 0x09, 0x08, 0x0c,
    0x07, 0x09, 0x07, 0x0d, 0x07, 0x09, 0x07, 0x0c, 0x07, 0x0a, 0x07, 0x0c, 0x07, 0x09, 0x08, 0x0c,
    0x07, 0x09, 0x07, 0x0d, 0x07, 0x09, 0x07, 0x0d, 0x07, 0x08, 0x08, 0x0c, 0x07, 0x08, 0x08, 0x0d,
    0x07, 0x07, 0x09, 0x0d, 0x07, 0x05, 0x0a, 0x0e, 0x15, 0x0f, 0x14, 0x0f, 0x14, 0x10, 0x13, 0x11,
    0x11, 0x13, 0x0e, 0xff, 0xff, 0xff, 0x38, 0x16, 0x0e, 0x16, 0x0e, 0x16, 0x0e, 0x16, 0x0e, 0x15,
    0x0e, 0x16, 0x0e, 0x07, 0x1d, 0x07, 0x1d, 0x07, 0x1d, 0x06, 0x1d, 0x07, 0x1d, 0x07, 0x1d, 0x07,
    0x1d, 0x14, 0x10, 0x14, 0x0f, 0x15, 0x0f, 0x15, 0x0f, 0x14, 0x10, 0x14, 0x10, 0x06, 0x1d, 0x07,
    0x1d, 0x07, 0x1d, 0x07, 0x1d, 0x07, 0x1d, 0x07, 0x1d, 0x06, 0x1d, 0x07, 0x1d, 0x07, 0x1d, 0x07,
    0x1d, 0x16, 0x0e, 0x15, 0x0e, 0x16, 0x0e, 0x16, 0x0e, 0x16, 0x0e, 0x16, 0xff, 0xff, 0xff, 0x30,
    0x16, 0x0e, 0x15, 0x0e, 0x16, 0x0e, 0x16, 0x0e, 0x16, 0x0e, 0x16, 0x0e, 0x07, 0x1c, 0x07, 0x1d,
    0x07, 0x1d, 0x07, 0x1d, 0x07, 0x1d, 0x06, 0x1d, 0x07, 0x1d, 0x15, 0x0f, 0x14, 0x10, 0x14, 0x10,
    0x14, 0x10, 0x14, 0x0f, 0x15, 0x0f, 0x07, 0x1d, 0x07, 0x1d, 0x07, 0x1d, 0x06, 0x1d, 0x07, 0x1d,
    0x07, 0x1d, 0x07, 0x1d, 0x07, 0x1d, 0x06, 0x1d, 0x07, 0x1d, 0x07, 0x1d, 0x07, 0x1d, 0x07, 0x1d,
    0x06, 0x1d, 0x07, 0x1d, 0x07, 0xff, 0xff, 0xff, 0x24, 0x07, 0x1a, 0x0d, 0x15, 0x10, 0x13, 0x11,
    0x11, 0x12, 0x12, 0x12, 0x11, 0x0a, 0x05, 0x04, 0x10, 0x09, 0x08, 0x03, 0x0f, 0x09, 0x0a, 0x02,
    0x0f, 0x08, 0x1b, 0x08, 0x1c, 0x07, 0x1d, 0x07, 0x1c, 0x08, 0x1c, 0x07, 0x1d, 0x07, 0x1c, 0x08,
    0x1c, 0x07, 0x1d, 0x07, 0x06, 0x0a, 0x0d, 0x07, 0x05, 0x0b, 0x0d, 0x07, 0x05, 0x0b, 0x0c, 0x08,
    0x05, 0x0b, 0x0c, 0x08, 0x05, 0x0b, 0x0c, 0x07, 0x06, 0x0a, 0x0d, 0x07, 0x0a, 0x06, 0x0d, 0x08,
    0x09, 0x06, 0x0e, 0x07, 0x09, 0x06, 0x0e, 0x07, 0x09, 0x06, 0x0e, 0x08, 0x07, 0x06, 0x0f, 0x08,
    0x07, 0x06, 0x10, 0x09, 0x05, 0x06, 0x10, 0x14, 0x11, 0x13, 0x12, 0x11, 0x14, 0x10, 0x15, 0x0d,
    0x1a, 0x07, 0xff, 0xff, 0xff, 0x10, 0x06, 0x09, 0x07, 0x0d, 0x07, 0x09, 0x07, 0x0d, 0x07, 0x09,
    0x07, 0x0d, 0x07, 0x08, 0x07, 0x0e, 0x07, 0x08, 0x07, 0x0e, 0x06, 0x09, 0x07, 0x0d, 0x07, 0x09,
    0x07, 0x0d, 0x07, 0x09, 0x07, 0x0d, 0x07, 0x08, 0x07, 0x0e, 0x07, 0x08, 0x07, 0x0e, 0x06, 0x09,
    0x07, 0x0d, 0x07, 0x09, 0x07, 0x0d, 0x07, 0x09, 0x07, 0x0d, 0x16, 0x0e, 0x16, 0x0e, 0x16, 0x0d,
    0x17, 0x0d, 0x17, 0x0d, 0x16, 0x0e, 0x07, 0x08, 0x07, 0x0e, 0x06, 0x09, 0x07, 0x0d, 0x07, 0x09,
    0x07, 0x0d, 0x07, 0x09, 0x07, 0x0d, 0x07, 0x09, 0x07, 0x0d, 0x07, 0x08, 0x07, 0x0e, 0x07, 0x08,
    0x07, 0x0d, 0x07, 0x09, 0x07, 0x0d, 0x07, 0x09, 0x07, 0x0d, 0x07, 0x09, 0x07, 0x0d, 0x07, 0x08,
    0x07, 0x0e, 0x07, 0x08, 0x07, 0x0d, 0x07, 0x09, 0x07, 0x0d, 0x07, 0x09, 0x07, 0x0d, 0x07, 0x09,
    0x07, 0x0d, 0x07, 0x08, 0x07, 0xff, 0xff, 0xff, 0x30, 0x15, 0x0f, 0x15, 0x0f, 0x15, 0x0f, 0x15,
    0x0f, 0x14, 0x0f, 0x15, 0x16, 0x07, 0x1d, 0x07, 0x1d, 0x07, 0x1d, 0x06, 0x1d, 0x07, 0x1d, 0x07,
    0x1d, 0x07, 0x1d, 0x07, 0x1d, 0x06, 0x1d, 0x07, 0x1d, 0x07, 0x1d, 0x07, 0x1d, 0x07, 0x1d, 0x07,
    0x1c, 0x07, 0x1d, 0x07, 0x1d, 0x07, 0x1d, 0x07, 0x1d, 0x07, 0x1c, 0x07, 0x1d, 0x07, 0x1d, 0x07,
    0x1d, 0x07, 0x16, 0x15, 0x0f, 0x14, 0x0f, 0x15, 0x0f, 0x15, 0x0f, 0x15, 0x0f, 0x15, 0xff, 0xff,
    0xff, 0x35, 0x0f, 0x14, 0x10, 0x14, 0x10, 0x14, 0x0f, 0x15, 0x0f, 0x15, 0x0f, 0x1d, 0x07, 0x1d,
    0x07, 0x1c, 0x07, 0x1d, 0x07, 0x1d, 0x07, 0x1d, 0x07, 0x1d, 0x07, 0x1c, 0x07, 0x1d, 0x07, 0x1d,
    0x07, 0x1d, 0x07, 0x1d, 0x07, 0x1c, 0x07, 0x1d, 0x07, 0x1d, 0x07, 0x1d, 0x07, 0x1d, 0x07, 0x1c,
    0x07, 0x1d, 0x07, 0x1d, 0x07, 0x0f, 0x01, 0x0d, 0x07, 0x0f, 0x02, 0x0b, 0x07, 0x0f, 0x05, 0x09,
    0x07, 0x0f, 0x07, 0x05, 0x09, 0x0f, 0x14, 0x10, 0x14, 0x10, 0x13, 0x11, 0x12, 0x14, 0x0e, 0x1a,
    0x08, 0xff, 0xff, 0xff, 0x13, 0x07, 0x0a, 0x09, 0x0a, 0x07, 0x09, 0x09, 0x0b, 0x07, 0x08, 0x09,
    0x0c, 0x07, 0x07, 0x09, 0x0c, 0x07, 0x07, 0x09, 0x0d, 0x07, 0x06, 0x09, 0x0e, 0x07, 0x05, 0x09,
    0x0f, 0x07, 0x04, 0x09, 0x10, 0x07, 0x03, 0x09, 0x10, 0x07, 0x03, 0x09, 0x11, 0x07, 0x02, 0x09,
    0x12, 0x07, 0x01, 0x09, 0x13, 0x10, 0x14, 0x0f, 0x15, 0x0e, 0x15, 0x0f, 0x15, 0x10, 0x14, 0x10,
    0x14, 0x11, 0x13, 0x11, 0x12, 0x0a, 0x01, 0x07, 0x12, 0x09, 0x03, 0x07, 0x11, 0x07, 0x05, 0x07,
    0x11, 0x07, 0x05, 0x07, 0x11, 0x06, 0x07, 0x07, 0x0f, 0x07, 0x07, 0x07, 0x0f, 0x07, 0x07, 0x08,
    0x0e, 0x07, 0x08, 0x07, 0x0e, 0x07, 0x08, 0x07, 0x0e, 0x07, 0x09, 0x07, 0x0c, 0x07, 0x0a, 0x07,
    0x0c, 0x07, 0x0a, 0x07, 0x0c, 0x07, 0x0b, 0x07, 0x0b, 0x07, 0x0b, 0x07, 0x0b, 0x07, 0x0b, 0x08,
    0xff, 0xff, 0xff, 0x2e, 0x07, 0x1c, 0x07, 0x1d, 0x07, 0x1d, 0x07, 0x1d, 0x07, 0x1d, 0x07, 0x1c,
    0x07, 0x1d, 0x07, 0x1d, 0x07, 0x1d, 0x07, 0x1d, 0x07, 0x1c, 0x07, 0x1d, 0x07, 0x1d, 0x07, 0x1d,
    0x07, 0x1d, 0x07, 0x1c, 0x07, 0x1d, 0x07, 0x1d, 0x07, 0x1d, 0x07, 0x1d, 0x07, 0x1d, 0x06, 0x1d,
    0x07, 0x1d, 0x07, 0x1d, 0x07, 0x1d, 0x07, 0x1d, 0x06, 0x1d, 0x07, 0x1d, 0x07, 0x1d, 0x16, 0x0e,
    0x15, 0x0f, 0x15, 0x0e, 0x16, 0x0e, 0x16, 0x0e, 0x16, 0xff, 0xff, 0xff, 0x2c, 0x09, 0x08, 0x08,
    0x0b, 0x09, 0x07, 0x09, 0x0b, 0x09, 0x07, 0x09, 0x0b, 0x09, 0x06, 0x0a, 0x0b, 0x09, 0x06, 0x09,
    0x0b, 0x0a, 0x05, 0x0a, 0x0b, 0x0a, 0x05, 0x0a, 0x0b, 0x0a, 0x04, 0x0b, 0x0b, 0x0a, 0x04, 0x0b,
    0x0b, 0x05, 0x01, 0x04, 0x03, 0x05, 0x01, 0x05, 0x0b, 0x06, 0x01, 0x04, 0x03, 0x04, 0x01, 0x06,
    0x0b, 0x06, 0x01, 0x05, 0x02, 0x04, 0x01, 0x06, 0x0b, 0x06, 0x01, 0x05, 0x01, 0x05, 0x01, 0x06,
    0x0b, 0x06, 0x01, 0x05, 0x01, 0x04, 0x02, 0x06, 0x0b, 0x06, 0x02, 0x09, 0x02, 0x05, 0x0b, 0x06,
    0x03, 0x08, 0x02, 0x06, 0x0b, 0x06, 0x03, 0x08, 0x02, 0x06, 0x0b, 0x06, 0x03, 0x07, 0x03, 0x06,
    0x0b, 0x06, 0x03, 0x07, 0x03, 0x06, 0x0b, 0x06, 0x03, 0x06, 0x04, 0x05, 0x0b, 0x06, 0x04, 0x06,
    0x03, 0x06, 0x0b, 0x06, 0x04, 0x06, 0x03, 0x06, 0x0b, 0x06, 0x0d, 0x06, 0x0b, 0x06, 0x0d, 0x06,
    0x0b, 0x06, 0x0d, 0x05, 0x0b, 0x06, 0x0d, 0x06, 0x0b, 0x06, 0x0d, 0x06, 0x0b, 0x06, 0x0d, 0x06,
    0x0b, 0x06, 0x0d, 0x06, 0x0b, 0x06, 0x0d, 0x06, 0x0b, 0x05, 0x0d, 0x06, 0x0c, 0x05, 0x0d, 0x06,
    0x0c, 0x05, 0x0d, 0x06, 0x0c, 0x05, 0x0d, 0x06, 0x0c, 0x05, 0x0d, 0x06, 0xff, 0xff, 0xff, 0x2d,
    0x07, 0x0a, 0x06, 0x0d, 0x08, 0x09, 0x06, 0x0d, 0x08, 0x09, 0x06, 0x0d, 0x08, 0x09, 0x06, 0x0c,
    0x09, 0x08, 0x07, 0x0c, 0x09, 0x08, 0x06, 0x0d, 0x0a, 0x07, 0x06, 0x0d, 0x0a, 0x07, 0x06, 0x0d,
    0x0a, 0x07, 0x06, 0x0c, 0x0b, 0x06, 0x07, 0x0c, 0x0b, 0x06, 0x06, 0x0d, 0x06, 0x01, 0x05, 0x05,
    0x06, 0x0d, 0x06, 0x01, 0x05, 0x05, 0x06, 0x0d, 0x06, 0x01, 0x05, 0x05, 0x06, 0x0c, 0x07, 0x02,
    0x04, 0x05, 0x06, 0x0c, 0x06, 0x03, 0x04, 0x04, 0x06, 0x0d, 0x06, 0x03, 0x05, 0x03, 0x06, 0x0d,
    0x06, 0x03, 0x05, 0x03, 0x06, 0x0d, 0x06, 0x03, 0x05, 0x03, 0x06, 0x0c, 0x07, 0x04, 0x04, 0x03,
    0x06, 0x0c, 0x06, 0x05, 0x04, 0x02, 0x06, 0x0d, 0x06, 0x05, 0x05, 0x01, 0x06, 0x0d, 0x06, 0x05,
    0x05, 0x01, 0x06, 0x0d, 0x06, 0x05, 0x05, 0x01, 0x06, 0x0c, 0x07, 0x06, 0x0b, 0x0c, 0x06, 0x07,
    0x0b, 0x0c, 0x06, 0x07, 0x0a, 0x0d, 0x06, 0x07, 0x0a, 0x0d, 0x06, 0x07, 0x0a, 0x0c, 0x07, 0x08,
    0x09, 0x0c, 0x06, 0x09, 0x09, 0x0c, 0x06, 0x09, 0x08, 0x0d, 0x06, 0x09, 0x08, 0x0d, 0x06, 0x09,
    0x08, 0x0d, 0x06, 0x0a, 0x07, 0xff, 0xff, 0xff, 0x12, 0x07, 0x1a, 0x0c, 0x17, 0x0e, 0x14, 0x11,
    0x12, 0x13, 0x11, 0x13, 0x10, 0x09, 0x03, 0x09, 0x0f, 0x07, 0x06, 0x08, 0x0e, 0x08, 0x07, 0x07,
    0x0e, 0x07, 0x08, 0x07, 0x0d, 0x08, 0x08, 0x07, 0x0d, 0x07, 0x09, 0x07, 0x0c, 0x08, 0x09, 0x07,
    0x0c, 0x08, 0x09, 0x07, 0x0c, 0x07, 0x0a, 0x07, 0x0c, 0x07, 0x0a, 0x07, 0x0b, 0x08, 0x0a, 0x07,
    0x0b, 0x08, 0x0a, 0x07, 0x0b, 0x07, 0x0b, 0x07, 0x0b, 0x07, 0x0a, 0x08, 0x0b, 0x07, 0x0a, 0x07,
    0x0c, 0x07, 0x0a, 0x07, 0x0c, 0x07, 0x0a, 0x07, 0x0b, 0x08, 0x09, 0x08, 0x0b, 0x08, 0x09, 0x07,
    0x0c, 0x08, 0x09, 0x07, 0x0d, 0x07, 0x08, 0x08, 0x0d, 0x07, 0x08, 0x07, 0x0e, 0x07, 0x07, 0x08,
    0x0e, 0x07, 0x07, 0x07, 0x0f, 0x08, 0x04, 0x09, 0x10, 0x13, 0x11, 0x12, 0x13, 0x11, 0x14, 0x0e,
    0x17, 0x0c, 0x1a, 0x07, 0xff, 0xff, 0xff, 0x13, 0x0f, 0x15, 0x11, 0x13, 0x13, 0x11, 0x14, 0x0f,
    0x15, 0x0f, 0x16, 0x0e, 0x07, 0x06, 0x09, 0x0e, 0x07, 0x08, 0x07, 0x0e, 0x06, 0x09, 0x07, 0x0d,
    0x07, 0x09, 0x07, 0x0d, 0x07, 0x09, 0x07, 0x0d, 0x07, 0x09, 0x07, 0x0d, 0x07, 0x09, 0x07, 0x0d,
    0x06, 0x09, 0x08, 0x0c, 0x07, 0x08, 0x08, 0x0d, 0x07, 0x07, 0x09, 0x0d, 0x16, 0x0e, 0x16, 0x0e,
    0x15, 0x0e, 0x15, 0x0f, 0x13, 0x11, 0x10, 0x14, 0x07, 0x1d, 0x07, 0x1c, 0x07, 0x1d, 0x07, 0x1d,
    0x07, 0x1d, 0x07, 0x1d, 0x07, 0x1c, 0x07, 0x1d, 0x07, 0x1d, 0x07, 0x1d, 0x07, 0x1d, 0x07, 0x1c,
    0x07, 0xff, 0xff, 0xff, 0x22, 0x07, 0x1a, 0x0c, 0x17, 0x0e, 0x14, 0x11, 0x12, 0x13, 0x11, 0x13,
    0x10, 0x09, 0x03, 0x09, 0x0e, 0x08, 0x06, 0x08, 0x0e, 0x08, 0x07, 0x07, 0x0e, 0x07, 0x08, 0x07,
    0x0d, 0x08, 0x08, 0x07, 0x0d, 0x07, 0x09, 0x07, 0x0c, 0x08, 0x09, 0x07, 0x0c, 0x08, 0x09, 0x07,
    0x0c, 0x07, 0x0a, 0x07, 0x0c, 0x07, 0x0a, 0x07, 0x0b, 0x08, 0x0a, 0x07, 0x0b, 0x08, 0x0a, 0x07,
    0x0b, 0x07, 0x0b, 0x07, 0x0b, 0x07, 0x0a, 0x08, 0x0b, 0x07, 0x0a, 0x07, 0x0c, 0x07, 0x0a, 0x07,
    0x0c, 0x07, 0x0a, 0x07, 0x0b, 0x08, 0x09, 0x08, 0x0b, 0x08, 0x09, 0x07, 0x0c, 0x08, 0x09, 0x07,
    0x0d, 0x07, 0x08, 0x08, 0x0d, 0x07, 0x08, 0x07, 0x0e, 0x07, 0x07, 0x08, 0x0e, 0x07, 0x07, 0x07,
    0x0f, 0x08, 0x04, 0x09, 0x10, 0x13, 0x11, 0x13, 0x12, 0x11, 0x14, 0x0e, 0x17, 0x0c, 0x1a, 0x0b,
    0x1e, 0x07, 0x1e, 0x07, 0x1d, 0x07, 0x1e, 0x06, 0x1f, 0x03, 0x21, 0x01, 0xff, 0xff, 0x38, 0x0e,
    0x16, 0x11, 0x13, 0x12, 0x11, 0x14, 0x10, 0x15, 0x0f, 0x15, 0x0f, 0x07, 0x06, 0x08, 0x0f, 0x07,
    0x07, 0x07, 0x0e, 0x07, 0x08, 0x07, 0x0e, 0x07, 0x08, 0x07, 0x0e, 0x07, 0x08, 0x07, 0x0e, 0x07,
    0x08, 0x07, 0x0e, 0x06, 0x08, 0x08, 0x0d, 0x07, 0x08, 0x07, 0x0e, 0x07, 0x06, 0x08, 0x0f, 0x15,
    0x0f, 0x13, 0x11, 0x11, 0x12, 0x11, 0x13, 0x12, 0x12, 0x12, 0x12, 0x07, 0x04, 0x08, 0x11, 0x07,
    0x05, 0x07, 0x10, 0x07, 0x07, 0x07, 0x0f, 0x07, 0x07, 0x07, 0x0f, 0x07, 0x07, 0x07, 0x0f, 0x07,
    0x08, 0x06, 0x0f, 0x07, 0x08, 0x07, 0x0d, 0x07, 0x09, 0x07, 0x0d, 0x07, 0x09, 0x07, 0x0d, 0x07,
    0x0a, 0x07, 0x0c, 0x07, 0x0a, 0x07, 0x0c, 0x07, 0x0a, 0x07, 0x0b, 0x07, 0x0c, 0x07, 0x0a, 0x07,
    0x0c, 0x07, 0xff, 0xff, 0xff, 0x0f, 0x09, 0x18, 0x0f, 0x13, 0x12, 0x11, 0x13, 0x10, 0x14, 0x0f,
    0x15, 0x0f, 0x09, 0x06, 0x05, 0x0f, 0x08, 0x0a, 0x03, 0x0f, 0x07, 0x0c, 0x02, 0x0f, 0x06, 0x0e,
    0x01, 0x0f, 0x06, 0x1e, 0x06, 0x1d, 0x08, 0x1d, 0x08, 0x1c, 0x09, 0x1b, 0x0b, 0x1a, 0x0c, 0x18,
    0x0e, 0x18, 0x0e, 0x17, 0x0e, 0x18, 0x0d, 0x1a, 0x0a, 0x1c, 0x08, 0x1d, 0x08, 0x1d, 0x07, 0x1d,
    0x07, 0x1d, 0x07, 0x0c, 0x01, 0x10, 0x07, 0x0c, 0x03, 0x0d, 0x07, 0x0d, 0x04, 0x0b, 0x08, 0x0d,
    0x07, 0x06, 0x0a, 0x0d, 0x16, 0x0e, 0x15, 0x0e, 0x15, 0x0f, 0x14, 0x12, 0x10, 0x18, 0x09, 0xff,
    0xff, 0xff, 0x11, 0x19, 0x0b, 0x19, 0x0b, 0x19, 0x0b, 0x18, 0x0c, 0x18, 0x0b, 0x19, 0x14, 0x07,
    0x1d, 0x07, 0x1d, 0x07, 0x1d, 0x06, 0x1d, 0x07, 0x1d, 0x07, 0x1d, 0x07, 0x1d, 0x07, 0x1d, 0x06,
    0x1d, 0x07, 0x1d, 0x07, 0x1d, 0x07, 0x1d, 0x07, 0x1d, 0x06, 0x1d, 0x07, 0x1d, 0x07, 0x1d, 0x07,
    0x1d, 0x07, 0x1d, 0x07, 0x1c, 0x07, 0x1d, 0x07, 0x1d, 0x07, 0x1d, 0x07, 0x1d, 0x07, 0x1c, 0x07,
    0x1d, 0x07, 0x1d, 0x07, 0x1d, 0x07, 0x1d, 0x07, 0xff, 0xff, 0xff, 0x36, 0x07, 0x0a, 0x07, 0x0c,
    0x07, 0x0a, 0x07, 0x0b, 0x07, 0x0a, 0x07, 0x0c, 0x07, 0x0a, 0x07, 0x0c, 0x07, 0x0a, 0x07, 0x0c,
    0x07, 0x0a, 0x07, 0x0c, 0x07, 0x0a, 0x07, 0x0b, 0x07, 0x0a, 0x07, 0x0c, 0x07, 0x0a, 0x07, 0x0c,
    0x07, 0x0a, 0x07, 0x0c, 0x07, 0x0a, 0x07, 0x0c, 0x07, 0x0a, 0x07, 0x0b, 0x07, 0x0a, 0x07, 0x0c,
    0x07, 0x0a, 0x07, 0x0c, 0x07, 0x0a, 0x07, 0x0c, 0x07, 0x0a, 0x07, 0x0c, 0x07, 0x0a, 0x07, 0x0c,
    0x06, 0x0b, 0x06, 0x0c, 0x07, 0x0a, 0x07, 0x0c, 0x07, 0x0a, 0x07, 0x0c, 0x07, 0x0a, 0x07, 0x0c,
    0x07, 0x0a, 0x07, 0x0c, 0x06, 0x0b, 0x06, 0x0c, 0x07, 0x0a, 0x07, 0x0c, 0x07, 0x0a, 0x07, 0x0c,
    0x07, 0x0a, 0x07, 0x0c, 0x07, 0x0a, 0x07, 0x0c, 0x07, 0x09, 0x07, 0x0d, 0x08, 0x07, 0x08, 0x0d,
    0x09, 0x05, 0x08, 0x0f, 0x15, 0x0f, 0x14, 0x11, 0x12, 0x13, 0x10, 0x15, 0x0d, 0x1a, 0x08, 0xff,
    0xff, 0xff, 0x10, 0x07, 0x0c, 0x07, 0x0a, 0x07, 0x0b, 0x07, 0x0b, 0x07, 0x0b, 0x07, 0x0b, 0x07,
    0x0b, 0x07, 0x0b, 0x07, 0x0a, 0x07, 0x0c, 0x07, 0x0a, 0x07, 0x0c, 0x07, 0x09, 0x07, 0x0d, 0x07,
    0x09, 0x07, 0x0d, 0x07, 0x09, 0x06, 0x0e, 0x07, 0x08, 0x07, 0x0e, 0x07, 0x08, 0x07, 0x0e, 0x07,
    0x07, 0x07, 0x0f, 0x07, 0x07, 0x07, 0x0f, 0x07, 0x07, 0x06, 0x10, 0x07, 0x06, 0x07, 0x10, 0x07,
    0x06, 0x06, 0x11, 0x07, 0x05, 0x07, 0x12, 0x06, 0x05, 0x06, 0x13, 0x06, 0x05, 0x06, 0x13, 0x06,
    0x04, 0x07, 0x13, 0x06, 0x04, 0x06, 0x14, 0x06, 0x03, 0x07, 0x14, 0x06, 0x03, 0x06, 0x15, 0x06,
    0x02, 0x07, 0x15, 0x06, 0x02, 0x06, 0x16, 0x06, 0x02, 0x06, 0x16, 0x06, 0x01, 0x07, 0x16, 0x06,
    0x01, 0x06, 0x17, 0x0d, 0x17, 0x0c, 0x18, 0x0c, 0x18, 0x0b, 0x19, 0x0b, 0x19, 0x0b, 0x19, 0x0a,
    0xff, 0xff, 0xff, 0x32, 0x06, 0x11, 0x06, 0x07, 0x06, 0x11, 0x06, 0x07, 0x06, 0x10, 0x06, 0x08,
    0x06, 0x10, 0x06, 0x08, 0x06, 0x10, 0x06, 0x08, 0x06, 0x0f, 0x06, 0x09, 0x06, 0x0f, 0x06, 0x09,
    0x06, 0x0f, 0x06, 0x09, 0x05, 0x10, 0x05, 0x0a, 0x05, 0x05, 0x06, 0x04, 0x06, 0x0a, 0x05, 0x05,
    0x06, 0x04, 0x06, 0x0a, 0x05, 0x04, 0x07, 0x04, 0x06, 0x0a, 0x05, 0x04, 0x07, 0x04, 0x05, 0x0a,
    0x06, 0x03, 0x08, 0x03, 0x06, 0x0a, 0x06, 0x03, 0x08, 0x03, 0x06, 0x0a, 0x06, 0x03, 0x08, 0x03,
    0x05, 0x0b, 0x06, 0x02, 0x09, 0x02, 0x06, 0x0b, 0x06, 0x02, 0x09, 0x02, 0x06, 0x0b, 0x05, 0x03,
    0x04, 0x01, 0x04, 0x02, 0x05, 0x0c, 0x05, 0x02, 0x05, 0x01, 0x04, 0x02, 0x05, 0x0c, 0x05, 0x02,
    0x04, 0x02, 0x04, 0x01, 0x06, 0x0c, 0x05, 0x01, 0x05, 0x02, 0x04, 0x01, 0x05, 0x0d, 0x05, 0x01,
    0x04, 0x03, 0x04, 0x01, 0x05, 0x0d, 0x05, 0x01, 0x04, 0x03, 0x04, 0x01, 0x05, 0x0d, 0x0a, 0x03,
    0x0a, 0x0d, 0x09, 0x04, 0x09, 0x0e, 0x09, 0x04, 0x09, 0x0d, 0x09, 0x05, 0x09, 0x0d, 0x09, 0x05,
    0x08, 0x0e, 0x08, 0x06, 0x08, 0x0e, 0x08, 0x06, 0x08, 0x0e, 0x08, 0x06, 0x07, 0x0f, 0x07, 0x07,
    0x07, 0x0f, 0x07, 0x07, 0x07, 0x0f, 0x06, 0x08, 0x06, 0xff, 0xff, 0xff, 0x2f, 0x06, 0x0d, 0x07,
    0x0a, 0x07, 0x0b, 0x07, 0x0b, 0x07, 0x0a, 0x08, 0x0c, 0x07, 0x08, 0x08, 0x0d, 0x07, 0x07, 0x08,
    0x0f, 0x06, 0x07, 0x07, 0x10, 0x07, 0x05, 0x07, 0x11, 0x07, 0x04, 0x08, 0x12, 0x07, 0x02, 0x08,
    0x13, 0x07, 0x02, 0x07, 0x15, 0x0e, 0x16, 0x0e, 0x16, 0x0d, 0x18, 0x0b, 0x19, 0x0a, 0x1b, 0x08,
    0x1c, 0x08, 0x1b, 0x08, 0x1c, 0x09, 0x1a, 0x0a, 0x19, 0x0b, 0x18, 0x0d, 0x16, 0x0e, 0x16, 0x07,
    0x01, 0x07, 0x14, 0x07, 0x02, 0x07, 0x13, 0x08, 0x03, 0x06, 0x12, 0x08, 0x04, 0x07, 0x11, 0x07,
    0x05, 0x07, 0x10, 0x07, 0x07, 0x07, 0x0e, 0x08, 0x07, 0x07, 0x0d, 0x08, 0x09, 0x06, 0x0d, 0x07,
    0x0a, 0x07, 0x0c, 0x06, 0x0b, 0x07, 0x0c, 0x05, 0x0d, 0x07, 0x0b, 0x05, 0x0d, 0x07, 0xff, 0xff,
    0xff, 0x2a, 0x06, 0x0e, 0x07, 0x09, 0x07, 0x0c, 0x08, 0x09, 0x07, 0x0c, 0x07, 0x0b, 0x06, 0x0b,
    0x07, 0x0c, 0x07, 0x09, 0x08, 0x0c, 0x07, 0x09, 0x07, 0x0d, 0x07, 0x08, 0x07, 0x0f, 0x06, 0x08,
    0x07, 0x0f, 0x07, 0x06, 0x07, 0x10, 0x07, 0x05, 0x07, 0x12, 0x06, 0x05, 0x06, 0x13, 0x07, 0x03,
    0x07, 0x13, 0x07, 0x02, 0x07, 0x15, 0x06, 0x02, 0x06, 0x16, 0x06, 0x01, 0x07, 0x16, 0x0d, 0x18,
    0x0b, 0x19, 0x0b, 0x19, 0x0a, 0x1b, 0x08, 0x1c, 0x08, 0x1c, 0x07, 0x1d, 0x07, 0x1d, 0x07, 0x1c,
    0x07, 0x1d, 0x07, 0x1d, 0x07, 0x1d, 0x07, 0x1d, 0x07, 0x1d, 0x06, 0x1d, 0x07, 0x1d, 0x07, 0x1d,
    0x07, 0x1d, 0x07, 0x1d, 0x06, 0xff, 0xff, 0xff, 0x37, 0x18, 0x0c, 0x18, 0x0c, 0x18, 0x0c, 0x18,
    0x0c, 0x17, 0x0c, 0x18, 0x1b, 0x08, 0x1b, 0x09, 0x1a, 0x09, 0x1a, 0x09, 0x1b, 0x08, 0x1b, 0x08,
    0x1b, 0x08, 0x1b, 0x08, 0x1b, 0x08, 0x1b, 0x08, 0x1b, 0x09, 0x1a, 0x09, 0x1b, 0x08, 0x1b, 0x08,
    0x1b, 0x08, 0x1b, 0x08, 0x1b, 0x08, 0x1b, 0x08, 0x1b, 0x09, 0x1b, 0x08, 0x1b, 0x08, 0x1b, 0x08,
    0x1b, 0x08, 0x1b, 0x19, 0x0b, 0x19, 0x0b, 0x18, 0x0c, 0x18, 0x0c, 0x18, 0x0c, 0x18, 0xff, 0xff,
    0xff, 0x10, 0x0c, 0x18, 0x0c, 0x18, 0x0c, 0x18, 0x0c, 0x18, 0x06, 0x1e, 0x06, 0x1d, 0x06, 0x1e,
    0x06, 0x1e, 0x06, 0x1e, 0x06, 0x1e, 0x06, 0x1d, 0x07, 0x1d, 0x06, 0x1e, 0x06, 0x1e, 0x06, 0x1e,
    0x06, 0x1d, 0x07, 0x1d, 0x06, 0x1e, 0x06, 0x1e, 0x06, 0x1e, 0x06, 0x1d, 0x07, 0x1d, 0x06, 0x1e,
    0x06, 0x1e, 0x06, 0x1e, 0x06, 0x1d, 0x07, 0x1d, 0x06, 0x1e, 0x06, 0x1e, 0x06, 0x1e, 0x06, 0x1d,
    0x07, 0x1d, 0x07, 0x1d, 0x06, 0x1e, 0x06, 0x1e, 0x06, 0x1d, 0x07, 0x1d, 0x07, 0x1d, 0x06, 0x1e,
    0x0c, 0x18, 0x0c, 0x18, 0x0b, 0x18, 0x0c, 0xff, 0xff, 0x39, 0x05, 0x1f, 0x05, 0x1f, 0x05, 0x1f,
    0x05, 0x20, 0x04, 0x20, 0x04, 0x20, 0x05, 0x1f, 0x05, 0x1f, 0x05, 0x1f, 0x05, 0x1f, 0x05, 0x1f,
    0x05, 0x1f, 0x05, 0x20, 0x04, 0x20, 0x04, 0x20, 0x05, 0x1f, 0x05, 0x1f, 0x05, 0x1f, 0x05, 0x1f,
    0x05, 0x1f, 0x05, 0x20, 0x04, 0x20, 0x04, 0x20, 0x05, 0x1f, 0x05, 0x1f, 0x05, 0x1f, 0x05, 0x1f,
    0x05, 0x1f, 0x05, 0x1f, 0x05, 0x20, 0x04, 0x20, 0x04, 0x20, 0x05, 0x1f, 0x05, 0x1f, 0x05, 0x1f,
    0x05, 0x1f, 0x05, 0x1f, 0x05, 0x20, 0x04, 0xff, 0xff, 0x84, 0x0c, 0x17, 0x0c, 0x18, 0x0c, 0x18,
    0x0c, 0x1e, 0x06, 0x1d, 0x07, 0x1d, 0x06, 0x1e, 0x06, 0x1e, 0x06, 0x1e, 0x06, 0x1d, 0x07, 0x1d,
    0x06, 0x1e, 0x06, 0x1e, 0x06, 0x1e, 0x06, 0x1d, 0x07, 0x1d, 0x07, 0x1d, 0x06, 0x1e, 0x06, 0x1e,
    0x06, 0x1e, 0x06, 0x1d, 0x07, 0x1d, 0x06, 0x1e, 0x06, 0x1e, 0x06, 0x1e, 0x06, 0x1d, 0x07, 0x1d,
    0x06, 0x1e, 0x06, 0x1e, 0x06, 0x1e, 0x06, 0x1d, 0x07, 0x1d, 0x06, 0x1e, 0x06, 0x1e, 0x06, 0x1e,
    0x06, 0x1d, 0x07, 0x1d, 0x06, 0x1e, 0x06, 0x18, 0x0c, 0x18, 0x0c, 0x18, 0x0c, 0x18, 0x0b, 0xff,
    0xff, 0x3f, 0x07, 0x1c, 0x09, 0x1b, 0x09, 0x1a, 0x0b, 0x18, 0x0d, 0x16, 0x0f, 0x14, 0x08, 0x01,
    0x07, 0x14, 0x07, 0x03, 0x07, 0x12, 0x07, 0x05, 0x07, 0x10, 0x07, 0x07, 0x07, 0x0e, 0x07, 0x09,
    0x07, 0x0d, 0x06, 0x0b, 0x06, 0x0c, 0x06, 0x0d, 0x06, 0xff, 0xff, 0xff, 0xff, 0xff, 0xff, 0xff,
    0xff, 0xff, 0xff, 0xff, 0xff, 0x2d, 0x1d, 0x07, 0x1d, 0x07, 0x1d, 0x07, 0x1d, 0xff, 0x31, 0x07,
    0x1e, 0x06, 0x1f, 0x06, 0x1e, 0x06, 0x1f, 0x06, 0x1f, 0x05, 0x20, 0x05, 0x1f, 0x05, 0x20, 0x05,
    0xff, 0xff, 0xff, 0xff, 0xff, 0xff, 0xff, 0xff, 0x70, 0x09, 0x17, 0x0f, 0x14, 0x12, 0x12, 0x13,
    0x10, 0x14, 0x10, 0x06, 0x06, 0x09, 0x0f, 0x03, 0x0b, 0x07, 0x0f, 0x01, 0x0d, 0x07, 0x1d, 0x07,
    0x1d, 0x07, 0x13, 0x10, 0x11, 0x13, 0x0f, 0x15, 0x0e, 0x16, 0x0d, 0x17, 0x0c, 0x0a, 0x07, 0x06,
    0x0d, 0x08, 0x08, 0x07, 0x0d, 0x07, 0x09, 0x07, 0x0c, 0x07, 0x0a, 0x07, 0x0c, 0x07, 0x09, 0x08,
    0x0c, 0x07, 0x09, 0x08, 0x0c, 0x08, 0x07, 0x08, 0x0d, 0x09, 0x04, 0x0a, 0x0e, 0x16, 0x0e, 0x16,
    0x0f, 0x0d, 0x01, 0x07, 0x10, 0x0a, 0x03, 0x06, 0x13, 0x06, 0xff, 0xff, 0xf2, 0x07, 0x1d, 0x07,
    0x1d, 0x07, 0x1d, 0x06, 0x1d, 0x07, 0x1d, 0x07, 0x1d, 0x07, 0x1d, 0x07, 0x1d, 0x06, 0x1d, 0x07,
    0x04, 0x05, 0x14, 0x07, 0x02, 0x09, 0x12, 0x07, 0x01, 0x0b, 0x11, 0x14, 0x10, 0x14, 0x0f, 0x16,
    0x0e, 0x0a, 0x04, 0x08, 0x0e, 0x08, 0x07, 0x07, 0x0e, 0x08, 0x07, 0x07, 0x0e, 0x07, 0x08, 0x07,
    0x0d, 0x07, 0x09, 0x07, 0x0d, 0x07, 0x09, 0x07, 0x0d, 0x07, 0x09, 0x07, 0x0d, 0x07, 0x09, 0x07,
    0x0d, 0x06, 0x0a, 0x07, 0x0c, 0x07, 0x0a, 0x07, 0x0c, 0x07, 0x0a, 0x06, 0x0d, 0x07, 0x09, 0x07,
    0x0d, 0x07, 0x09, 0x07, 0x0d, 0x08, 0x07, 0x07, 0x0d, 0x09, 0x06, 0x08, 0x0d, 0x0a, 0x04, 0x09,
    0x0d, 0x16, 0x0e, 0x15, 0x0f, 0x06, 0x02, 0x0d, 0x0e, 0x07, 0x02, 0x0c, 0x0f, 0x07, 0x03, 0x09,
    0x1d, 0x05, 0xff, 0xff, 0xff, 0xff, 0x39, 0x08, 0x19, 0x0e, 0x14, 0x11, 0x12, 0x12, 0x11, 0x13,
    0x10, 0x13, 0x10, 0x0b, 0x06, 0x03, 0x10, 0x08, 0x0b, 0x01, 0x0f, 0x08, 0x1c, 0x07, 0x1c, 0x08,
    0x1c, 0x07, 0x1d, 0x07, 0x1d, 0x07, 0x1d, 0x07, 0x1d, 0x07, 0x1d, 0x06, 0x1e, 0x07, 0x1d, 0x07,
    0x1d, 0x07, 0x1d, 0x08, 0x1c, 0x09, 0x07, 0x03, 0x12, 0x12, 0x12, 0x12, 0x13, 0x11, 0x14, 0x10,
    0x16, 0x0c, 0x1a, 0x08, 0xff, 0xff, 0xfa, 0x07, 0x1d, 0x07, 0x1c, 0x07, 0x1d, 0x07, 0x1d, 0x07,
    0x1d, 0x07, 0x1d, 0x07, 0x1c, 0x07, 0x1d, 0x07, 0x13, 0x05, 0x05, 0x07, 0x11, 0x09, 0x03, 0x07,
    0x0f, 0x0c, 0x02, 0x07, 0x0e, 0x0d, 0x01, 0x07, 0x0f, 0x15, 0x0e, 0x16, 0x0d, 0x09, 0x04, 0x0a,
    0x0d, 0x08, 0x06, 0x09, 0x0c, 0x08, 0x07, 0x08, 0x0d, 0x07, 0x09, 0x07, 0x0d, 0x07, 0x09, 0x07,
    0x0c, 0x07, 0x0a, 0x07, 0x0c, 0x07, 0x0a, 0x07, 0x0c, 0x07, 0x0a, 0x06, 0x0d, 0x07, 0x09, 0x07,
    0x0d, 0x07, 0x09, 0x07, 0x0d, 0x07, 0x09, 0x07, 0x0d, 0x07, 0x08, 0x08, 0x0d, 0x07, 0x08, 0x07,
    0x0e, 0x07, 0x07, 0x08, 0x0e, 0x07, 0x06, 0x09, 0x0e, 0x08, 0x04, 0x0a, 0x0e, 0x16, 0x0e, 0x15,
    0x10, 0x14, 0x11, 0x0b, 0x01, 0x07, 0x12, 0x08, 0x03, 0x07, 0x13, 0x06, 0xff, 0xff, 0xff, 0xff,
    0x3d, 0x07, 0x1a, 0x0c, 0x16, 0x10, 0x13, 0x12, 0x11, 0x13, 0x10, 0x15, 0x0f, 0x09, 0x05, 0x07,
    0x0e, 0x08, 0x08, 0x07, 0x0d, 0x07, 0x09, 0x07, 0x0c, 0x07, 0x0b, 0x06, 0x0c, 0x07, 0x0b, 0x06,
    0x0c, 0x18, 0x0b, 0x19, 0x0b, 0x19, 0x0b, 0x19, 0x0b, 0x19, 0x0b, 0x07, 0x1d, 0x07, 0x1d, 0x07,
    0x1d, 0x07, 0x1d, 0x08, 0x0d, 0x01, 0x0e, 0x09, 0x09, 0x04, 0x0f, 0x15, 0x0f, 0x15, 0x10, 0x14,
    0x11, 0x12, 0x14, 0x0f, 0x17, 0x0a, 0xff, 0xff, 0xf6, 0x0b, 0x17, 0x0c, 0x17, 0x0d, 0x16, 0x0e,
    0x15, 0x0f, 0x15, 0x07, 0x1d, 0x07, 0x1c, 0x07, 0x1d, 0x07, 0x1d, 0x07, 0x16, 0x16, 0x0e, 0x15,
    0x0f, 0x15, 0x0f, 0x15, 0x0f, 0x15, 0x15, 0x07, 0x1d, 0x06, 0x1d, 0x07, 0x1d, 0x07, 0x1d, 0x07,
    0x1d, 0x07, 0x1d, 0x06, 0x1d, 0x07, 0x1d, 0x07, 0x1d, 0x07, 0x1d, 0x07, 0x1d, 0x06, 0x1d, 0x07,
    0x1d, 0x07, 0x1d, 0x07, 0x1d, 0x07, 0x1d, 0x06, 0x1d, 0x07, 0x1d, 0x07, 0x1d, 0x07, 0x1d, 0x07,
    0xff, 0xff, 0xff, 0xff, 0x5c, 0x06, 0x1c, 0x09, 0x03, 0x07, 0x10, 0x0b, 0x02, 0x07, 0x0f, 0x0d,
    0x01, 0x06, 0x0f, 0x15, 0x0e, 0x16, 0x0e, 0x08, 0x04, 0x0a, 0x0d, 0x08, 0x06, 0x09, 0x0d, 0x07,
    0x07, 0x08, 0x0d, 0x07, 0x09, 0x07, 0x0d, 0x07, 0x09, 0x07, 0x0c, 0x07, 0x0a, 0x07, 0x0c, 0x07,
    0x0a, 0x07, 0x0c, 0x07, 0x0a, 0x06, 0x0d, 0x07, 0x09, 0x07, 0x0d, 0x07, 0x09, 0x07, 0x0d, 0x07,
    0x09, 0x07, 0x0d, 0x07, 0x08, 0x08, 0x0d, 0x07, 0x07, 0x08, 0x0e, 0x07, 0x07, 0x08, 0x0e, 0x08,
    0x04, 0x0a, 0x0e, 0x16, 0x0f, 0x15, 0x0f, 0x14, 0x11, 0x0b, 0x01, 0x07, 0x12, 0x09, 0x02, 0x07,
    0x14, 0x05, 0x04, 0x07, 0x1d, 0x07, 0x1c, 0x07, 0x1c, 0x08, 0x10, 0x02, 0x09, 0x08, 0x10, 0x14,
    0x10, 0x13, 0x11, 0x12, 0x12, 0x11, 0x13, 0x10, 0x16, 0x0b, 0xff, 0xab, 0x07, 0x1d, 0x07, 0x1d,
    0x07, 0x1d, 0x07, 0x1d, 0x06, 0x1d, 0x07, 0x1d, 0x07, 0x1d, 0x07, 0x1d, 0x07, 0x1d, 0x06, 0x04,
    0x06, 0x13, 0x07, 0x02, 0x09, 0x12, 0x07, 0x01, 0x0b, 0x11, 0x14, 0x10, 0x14, 0x10, 0x14, 0x0f,
    0x09, 0x04, 0x08, 0x0f, 0x08, 0x06, 0x07, 0x0f, 0x08, 0x06, 0x07, 0x0f, 0x07, 0x07, 0x07, 0x0f,
    0x07, 0x07, 0x07, 0x0e, 0x07, 0x08, 0x07, 0x0e, 0x07, 0x08, 0x06, 0x0f, 0x07, 0x07, 0x07, 0x0f,
    0x07, 0x07, 0x07, 0x0f, 0x06, 0x08, 0x07, 0x0e, 0x07, 0x08, 0x07, 0x0e, 0x07, 0x08, 0x06, 0x0f,
    0x07, 0x07, 0x07, 0x0f, 0x07, 0x07, 0x07, 0x0f, 0x07, 0x07, 0x07, 0x0e, 0x07, 0x08, 0x07, 0x0e,
    0x07, 0x08, 0x06, 0x0f, 0x07, 0x07, 0x07, 0x0f, 0x07, 0x07, 0x07, 0x0f, 0x07, 0x07, 0x07, 0x0e,
    0x07, 0x08, 0x07, 0xff, 0xff, 0xa7, 0x07, 0x1d, 0x07, 0x1d, 0x07, 0x1d, 0x07, 0x1d, 0x06, 0x1d,
    0x07, 0x1d, 0x07, 0x1d, 0x07, 0xc9, 0x0e, 0x16, 0x0e, 0x16, 0x0d, 0x17, 0x0d, 0x16, 0x0e, 0x1d,
    0x07, 0x1d, 0x07, 0x1c, 0x07, 0x1d, 0x07, 0x1d, 0x07, 0x1d, 0x07, 0x1d, 0x07, 0x1d, 0x06, 0x1d,
    0x07, 0x1d, 0x07, 0x1d, 0x07, 0x1d, 0x07, 0x1d, 0x06, 0x1d, 0x07, 0x1d, 0x07, 0x1d, 0x07, 0x14,
    0x18, 0x0c, 0x18, 0x0c, 0x18, 0x0c, 0x18, 0x0b, 0x18, 0xff, 0xff, 0xa8, 0x06, 0x1d, 0x07, 0x1d,
    0x07, 0x1d, 0x07, 0x1d, 0x07, 0x1d, 0x07, 0x1c, 0x07, 0x1d, 0x07, 0xc9, 0x0e, 0x16, 0x0e, 0x16,
    0x0e, 0x16, 0x0d, 0x16, 0x0e, 0x1d, 0x07, 0x1d, 0x07, 0x1d, 0x07, 0x1d, 0x06, 0x1d, 0x07, 0x1d,
    0x07, 0x1d, 0x07, 0x1d, 0x07, 0x1d, 0x06, 0x1d, 0x07, 0x1d, 0x07, 0x1d, 0x07, 0x1d, 0x07, 0x1d,
    0x06, 0x1d, 0x07, 0x1d, 0x07, 0x1d, 0x07, 0x1d, 0x07, 0x1d, 0x07, 0x1c, 0x07, 0x1d, 0x07, 0x1d,
    0x07, 0x1d, 0x07, 0x1c, 0x07, 0x1d, 0x07, 0x1b, 0x09, 0x14, 0x0f, 0x15, 0x0f, 0x15, 0x0e, 0x16,
    0x0c, 0x18, 0x0a, 0xff, 0xb0, 0x07, 0x1d, 0x07, 0x1c, 0x07, 0x1d, 0x07, 0x1d, 0x07, 0x1d, 0x07,
    0x1d, 0x07, 0x1d, 0x06, 0x1d, 0x07, 0x1d, 0x07, 0x1d, 0x07, 0x07, 0x09, 0x0d, 0x07, 0x06, 0x09,
    0x0e, 0x06, 0x06, 0x08, 0x0f, 0x07, 0x05, 0x08, 0x10, 0x07, 0x03, 0x09, 0x11, 0x07, 0x02, 0x09,
    0x12, 0x07, 0x01, 0x09, 0x13, 0x0f, 0x14, 0x0f, 0x15, 0x0e, 0x16, 0x0e, 0x16, 0x0e, 0x16, 0x0f,
    0x14, 0x10, 0x14, 0x09, 0x01, 0x07, 0x13, 0x07, 0x03, 0x07, 0x13, 0x07, 0x04, 0x07, 0x12, 0x06,
    0x05, 0x07, 0x11, 0x07, 0x05, 0x08, 0x10, 0x07, 0x06, 0x07, 0x10, 0x07, 0x06, 0x07, 0x10, 0x07,
    0x07, 0x07, 0x0f, 0x06, 0x08, 0x07, 0x0e, 0x07, 0x09, 0x07, 0x0d, 0x07, 0x09, 0x07, 0x0d, 0x07,
    0x09, 0x08, 0xff, 0xff, 0xff, 0x07, 0x0e, 0x16, 0x0e, 0x16, 0x0e, 0x16, 0x0e, 0x16, 0x0e, 0x1d,
    0x06, 0x1d, 0x07, 0x1d, 0x07, 0x1d, 0x07, 0x1d, 0x06, 0x1d, 0x07, 0x1d, 0x07, 0x1d, 0x07, 0x1d,
    0x07, 0x1d, 0x06, 0x1d, 0x07, 0x1d, 0x07, 0x1d, 0x07, 0x1d, 0x07, 0x1d, 0x06, 0x1d, 0x07, 0x1d,
    0x07, 0x1d, 0x07, 0x1d, 0x07, 0x1c, 0x07, 0x1d, 0x07, 0x1d, 0x07, 0x1d, 0x07, 0x1d, 0x07, 0x1d,
    0x07, 0x1c, 0x08, 0x1d, 0x10, 0x14, 0x10, 0x14, 0x10, 0x15, 0x0f, 0x17, 0x0c, 0xff, 0xff, 0xff,
    0xff, 0x55, 0x04, 0x05, 0x05, 0x0e, 0x05, 0x02, 0x06, 0x03, 0x07, 0x0d, 0x05, 0x01, 0x08, 0x01,
    0x09, 0x0c, 0x18, 0x0c, 0x18, 0x0b, 0x19, 0x0b, 0x07, 0x02, 0x08, 0x02, 0x06, 0x0b, 0x06, 0x04,
    0x06, 0x03, 0x06, 0x0b, 0x06, 0x04, 0x05, 0x04, 0x06, 0x0b, 0x05, 0x04, 0x06, 0x04, 0x06, 0x0a,
    0x06, 0x04, 0x06, 0x04, 0x06, 0x0a, 0x06, 0x04, 0x06, 0x04, 0x06, 0x0a, 0x06, 0x04, 0x06, 0x04,
    0x05, 0x0b, 0x06, 0x04, 0x05, 0x04, 0x06, 0x0b, 0x05, 0x05, 0x05, 0x04, 0x06, 0x0a, 0x06, 0x04,
    0x06, 0x04, 0x06, 0x0a, 0x06, 0x04, 0x06, 0x04, 0x05, 0x0b, 0x06, 0x04, 0x06, 0x04, 0x05, 0x0b,
    0x06, 0x04, 0x05, 0x04, 0x06, 0x0b, 0x05, 0x05, 0x05, 0x04, 0x06, 0x0a, 0x06, 0x04, 0x06, 0x04,
    0x06, 0x0a, 0x06, 0x04, 0x06, 0x04, 0x05, 0x0b, 0x06, 0x04, 0x06, 0x04, 0x05, 0x0b, 0x06, 0x04,
    0x05, 0x04, 0x06, 0x0b, 0x05, 0x04, 0x06, 0x04, 0x06, 0x0b, 0x05, 0x04, 0x06, 0x04, 0x06, 0x0b,
    0x05, 0x04, 0x06, 0x04, 0x05, 0xff, 0xff, 0xff, 0xff, 0x59, 0x06, 0x13, 0x07, 0x02, 0x09, 0x12,
    0x07, 0x01, 0x0b, 0x11, 0x14, 0x10, 0x14, 0x10, 0x14, 0x0f, 0x0a, 0x03, 0x08, 0x0f, 0x08, 0x06,
    0x07, 0x0f, 0x08, 0x06, 0x07, 0x0f, 0x07, 0x07, 0x07, 0x0f, 0x07, 0x07, 0x07, 0x0e, 0x07, 0x08,
    0x07, 0x0e, 0x07, 0x08, 0x06, 0x0f, 0x07, 0x07, 0x07, 0x0f, 0x07, 0x07, 0x07, 0x0f, 0x06, 0x08,
    0x07, 0x0e, 0x07, 0x08, 0x07, 0x0e, 0x07, 0x08, 0x06, 0x0f, 0x07, 0x07, 0x07, 0x0f, 0x07, 0x07,
    0x07, 0x0f, 0x07, 0x07, 0x07, 0x0e, 0x07, 0x08, 0x07, 0x0e, 0x07, 0x08, 0x06, 0x0f, 0x07, 0x07,
    0x07, 0x0f, 0x07, 0x07, 0x07, 0x0f, 0x07, 0x07, 0x07, 0x0e, 0x07, 0x08, 0x07, 0xff, 0xff, 0xff,
    0xff, 0x55, 0x08, 0x1a, 0x0c, 0x16, 0x10, 0x13, 0x11, 0x12, 0x13, 0x10, 0x15, 0x0f, 0x09, 0x04,
    0x08, 0x0e, 0x08, 0x07, 0x07, 0x0e, 0x07, 0x08, 0x08, 0x0c, 0x08, 0x09, 0x07, 0x0c, 0x07, 0x0a,
    0x07, 0x0c, 0x07, 0x0a, 0x07, 0x0c, 0x07, 0x0a, 0x07, 0x0b, 0x07, 0x0b, 0x07, 0x0b, 0x07, 0x0b,
    0x07, 0x0b, 0x07, 0x0a, 0x07, 0x0c, 0x07, 0x0a, 0x07, 0x0c, 0x07, 0x0a, 0x07, 0x0c, 0x07, 0x09,
    0x08, 0x0c, 0x07, 0x09, 0x07, 0x0d, 0x08, 0x07, 0x08, 0x0e, 0x08, 0x04, 0x09, 0x0f, 0x14, 0x11,
    0x13, 0x11, 0x12, 0x13, 0x10, 0x16, 0x0c, 0x1a, 0x08, 0xff, 0xff, 0xff, 0xff, 0x3c, 0x06, 0x13,
    0x07, 0x03, 0x08, 0x12, 0x07, 0x01, 0x0b, 0x11, 0x14, 0x0f, 0x15, 0x0f, 0x16, 0x0e, 0x0a, 0x04,
    0x08, 0x0e, 0x09, 0x06, 0x07, 0x0e, 0x08, 0x07, 0x07, 0x0e, 0x07, 0x08, 0x07, 0x0d, 0x07, 0x09,
    0x07, 0x0d, 0x07, 0x09, 0x07, 0x0d, 0x07, 0x09, 0x07, 0x0d, 0x07, 0x09, 0x07, 0x0d, 0x06, 0x0a,
    0x07, 0x0c, 0x07, 0x0a, 0x07, 0x0c, 0x07, 0x0a, 0x06, 0x0d, 0x07, 0x09, 0x07, 0x0d, 0x07, 0x09,
    0x07, 0x0d, 0x08, 0x07, 0x08, 0x0c, 0x09, 0x06, 0x08, 0x0d, 0x0a, 0x04, 0x09, 0x0d, 0x16, 0x0e,
    0x15, 0x0f, 0x06, 0x02, 0x0d, 0x0e, 0x07, 0x02, 0x0c, 0x0f, 0x07, 0x03, 0x09, 0x11, 0x07, 0x05,
    0x05, 0x13, 0x07, 0x1d, 0x06, 0x1d, 0x07, 0x1d, 0x07, 0x1d, 0x07, 0x1d, 0x07, 0x1d, 0x06, 0x1e,
    0x06, 0x1e, 0x06, 0xff, 0xff, 0xfb, 0x05, 0x1d, 0x09, 0x03, 0x07, 0x0f, 0x0c, 0x02, 0x07, 0x0e,
    0x0d, 0x01, 0x07, 0x0f, 0x15, 0x0e, 0x16, 0x0d, 0x09, 0x04, 0x0a, 0x0d, 0x08, 0x06, 0x09, 0x0c,
    0x08, 0x07, 0x08, 0x0d, 0x07, 0x09, 0x07, 0x0d, 0x07, 0x09, 0x07, 0x0d, 0x06, 0x0a, 0x07, 0x0c,
    0x07, 0x0a, 0x07, 0x0c, 0x07, 0x0a, 0x06, 0x0d, 0x07, 0x09, 0x07, 0x0d, 0x07, 0x09, 0x07, 0x0d,
    0x07, 0x09, 0x07, 0x0d, 0x07, 0x08, 0x08, 0x0d, 0x07, 0x08, 0x07, 0x0e, 0x07, 0x07, 0x08, 0x0e,
    0x07, 0x06, 0x09, 0x0e, 0x08, 0x04, 0x0a, 0x0e, 0x16, 0x0f, 0x14, 0x10, 0x14, 0x11, 0x0b, 0x01,
    0x07, 0x12, 0x09, 0x02, 0x07, 0x13, 0x06, 0x04, 0x07, 0x1d, 0x06, 0x1d, 0x07, 0x1d, 0x07, 0x1d,
    0x07, 0x1d, 0x07, 0x1d, 0x06, 0x1d, 0x07, 0x1d, 0x07, 0x1d, 0x07, 0xff, 0xff, 0xf5, 0x07, 0x12,
    0x06, 0x03, 0x0b, 0x0f, 0x07, 0x02, 0x0b, 0x10, 0x07, 0x01, 0x0c, 0x10, 0x14, 0x10, 0x14, 0x10,
    0x0a, 0x08, 0x02, 0x0f, 0x09, 0x1b, 0x08, 0x1c, 0x08, 0x1c, 0x07, 0x1d, 0x07, 0x1c, 0x07, 0x1d,
    0x07, 0x1d, 0x07, 0x1d, 0x07, 0x1d, 0x06, 0x1d, 0x07, 0x1d, 0x07, 0x1d, 0x07, 0x1d, 0x07, 0x1d,
    0x07, 0x1c, 0x07, 0x1d, 0x07, 0x1d, 0x07, 0x1d, 0x07, 0x1d, 0x07, 0xff, 0xff, 0xff, 0xff, 0x62,
    0x0a, 0x17, 0x10, 0x12, 0x11, 0x12, 0x12, 0x12, 0x12, 0x11, 0x13, 0x11, 0x07, 0x09, 0x03, 0x10,
    0x07, 0x1d, 0x07, 0x1d, 0x07, 0x1d, 0x0a, 0x1b, 0x0c, 0x18, 0x0f, 0x16, 0x0f, 0x17, 0x0e, 0x18,
    0x0c, 0x1c, 0x09, 0x1d, 0x07, 0x1d, 0x07, 0x1d, 0x07, 0x0f, 0x02, 0x0c, 0x07, 0x0f, 0x05, 0x07,
    0x08, 0x10, 0x14, 0x10, 0x13, 0x10, 0x14, 0x10, 0x13, 0x12, 0x10, 0x18, 0x09, 0xff, 0xff, 0xff,
    0x60, 0x07, 0x1d, 0x07, 0x1c, 0x07, 0x1d, 0x07, 0x1d, 0x07, 0x1d, 0x07, 0x1d, 0x07, 0x16, 0x16,
    0x0e, 0x16, 0x0d, 0x17, 0x0d, 0x17, 0x0d, 0x16, 0x14, 0x07, 0x1d, 0x07, 0x1d, 0x07, 0x1d, 0x07,
    0x1d, 0x07, 0x1d, 0x06, 0x1d, 0x07, 0x1d, 0x07, 0x1d, 0x07, 0x1d, 0x07, 0x1d, 0x06, 0x1d, 0x07,
    0x1d, 0x07, 0x1d, 0x07, 0x1d, 0x07, 0x1d, 0x08, 0x1c, 0x0f, 0x15, 0x0f, 0x16, 0x0e, 0x17, 0x0d,
    0x19, 0x0a, 0xff, 0xff, 0xff, 0xff, 0x74, 0x07, 0x07, 0x07, 0x0f, 0x07, 0x07, 0x07, 0x0f, 0x07,
    0x07, 0x07, 0x0f, 0x06, 0x08, 0x07, 0x0e, 0x07, 0x08, 0x06, 0x0f, 0x07, 0x07, 0x07, 0x0f, 0x07,
    0x07, 0x07, 0x0f, 0x07, 0x07, 0x07, 0x0f, 0x06, 0x08, 0x07, 0x0e, 0x07, 0x08, 0x06, 0x0f, 0x07,
    0x07, 0x07, 0x0f, 0x07, 0x07, 0x07, 0x0f, 0x07, 0x07, 0x07, 0x0f, 0x06, 0x08, 0x07, 0x0e, 0x07,
    0x08, 0x06, 0x0f, 0x07, 0x07, 0x07, 0x0f, 0x07, 0x07, 0x07, 0x0f, 0x07, 0x07, 0x07, 0x0f, 0x07,
    0x06, 0x08, 0x0f, 0x07, 0x06, 0x07, 0x10, 0x08, 0x03, 0x09, 0x10, 0x14, 0x10, 0x14, 0x10, 0x0c,
    0x01, 0x07, 0x11, 0x0a, 0x02, 0x07, 0x11, 0x09, 0x02, 0x07, 0x14, 0x05, 0xff, 0xff, 0xff, 0xff,
    0x59, 0x07, 0x0a, 0x08, 0x0b, 0x07, 0x0a, 0x07, 0x0c, 0x07, 0x0a, 0x07, 0x0c, 0x07, 0x09, 0x07,
    0x0e, 0x06, 0x09, 0x07, 0x0e, 0x06, 0x08, 0x07, 0x0f, 0x06, 0x08, 0x07, 0x0f, 0x06, 0x07, 0x07,
    0x10, 0x06, 0x07, 0x07, 0x10, 0x07, 0x05, 0x07, 0x11, 0x07, 0x05, 0x07, 0x11, 0x07, 0x05, 0x06,
    0x13, 0x06, 0x04, 0x07, 0x13, 0x06, 0x04, 0x06, 0x14, 0x06, 0x03, 0x07, 0x14, 0x06, 0x03, 0x06,
    0x15, 0x06, 0x02, 0x07, 0x15, 0x06, 0x02, 0x06, 0x16, 0x06, 0x01, 0x07, 0x16, 0x0d, 0x18, 0x0c,
    0x18, 0x0b, 0x19, 0x0b, 0x19, 0x0a, 0x1a, 0x0a, 0x1a, 0x09, 0xff, 0xff, 0xff, 0xff, 0x76, 0x06,
    0x11, 0x06, 0x07, 0x06, 0x11, 0x05, 0x08, 0x06, 0x10, 0x06, 0x08, 0x06, 0x10, 0x06, 0x08, 0x06,
    0x10, 0x05, 0x09, 0x06, 0x0f, 0x06, 0x09, 0x06, 0x0f, 0x06, 0x09, 0x06, 0x04, 0x06, 0x05, 0x05,
    0x0a, 0x06, 0x04, 0x06, 0x04, 0x06, 0x0a, 0x06, 0x03, 0x07, 0x04, 0x05, 0x0b, 0x05, 0x04, 0x07,
    0x04, 0x05, 0x0b, 0x05, 0x04, 0x07, 0x03, 0x06, 0x0b, 0x05, 0x03, 0x08, 0x03, 0x05, 0x0c, 0x05,
    0x03, 0x08, 0x03, 0x05, 0x0c, 0x05, 0x02, 0x04, 0x01, 0x04, 0x02, 0x06, 0x0c, 0x05, 0x02, 0x04,
    0x01, 0x04, 0x02, 0x05, 0x0d, 0x05, 0x01, 0x05, 0x01, 0x04, 0x01, 0x06, 0x0d, 0x05, 0x01, 0x04,
    0x02, 0x04, 0x01, 0x05, 0x0e, 0x05, 0x01, 0x04, 0x02, 0x04, 0x01, 0x05, 0x0e, 0x09, 0x03, 0x0a,
    0x0e, 0x09, 0x04, 0x08, 0x0f, 0x08, 0x05, 0x08, 0x0f, 0x08, 0x05, 0x08, 0x0f, 0x08, 0x05, 0x07,
    0x10, 0x07, 0x06, 0x07, 0x10, 0x07, 0x06, 0x06, 0xff, 0xff, 0xff, 0xff, 0x73, 0x07, 0x0a, 0x07,
    0x0d, 0x07, 0x08, 0x07, 0x0e, 0x07, 0x07, 0x08, 0x0f, 0x07, 0x05, 0x08, 0x10, 0x07, 0x04, 0x08,
    0x12, 0x07, 0x02, 0x08, 0x13, 0x07, 0x01, 0x08, 0x15, 0x0e, 0x16, 0x0d, 0x18, 0x0b, 0x19, 0x0b,
    0x1a, 0x09, 0x1b, 0x08, 0x1b, 0x09, 0x1a, 0x0a, 0x19, 0x0c, 0x17, 0x0d, 0x17, 0x0e, 0x15, 0x07,
    0x01, 0x07, 0x14, 0x08, 0x02, 0x07, 0x12, 0x08, 0x03, 0x07, 0x11, 0x08, 0x05, 0x07, 0x0f, 0x08,
    0x06, 0x07, 0x0e, 0x08, 0x08, 0x07, 0x0d, 0x07, 0x09, 0x07, 0x0d, 0x06, 0x0b, 0x07, 0xff, 0xff,
    0xff, 0xff, 0x6f, 0x07, 0x0c, 0x07, 0x0b, 0x07, 0x0a, 0x08, 0x0b, 0x07, 0x0a, 0x07, 0x0c, 0x07,
    0x09, 0x07, 0x0d, 0x07, 0x09, 0x07, 0x0d, 0x07, 0x08, 0x07, 0x0f, 0x06, 0x08, 0x07, 0x0f, 0x07,
    0x06, 0x07, 0x10, 0x07, 0x06, 0x07, 0x10, 0x07, 0x05, 0x07, 0x11, 0x07, 0x04, 0x08, 0x12, 0x06,
    0x04, 0x07, 0x13, 0x07, 0x02, 0x07, 0x14, 0x07, 0x02, 0x07, 0x14, 0x07, 0x01, 0x07, 0x15, 0x07,
    0x01, 0x07, 0x16, 0x0d, 0x17, 0x0d, 0x17, 0x0c, 0x18, 0x0b, 0x19, 0x0b, 0x1a, 0x09, 0x1b, 0x09,
    0x1b, 0x08, 0x1c, 0x08, 0x1c, 0x07, 0x1d, 0x06, 0x1d, 0x07, 0x1c, 0x07, 0x1d, 0x07, 0x1b, 0x08,
    0x18, 0x0b, 0x19, 0x0b, 0x19, 0x0a, 0x1a, 0x09, 0x1b, 0x07, 0xff, 0xff, 0xff, 0x1b, 0x15, 0x0f,
    0x15, 0x0e, 0x15, 0x0f, 0x15, 0x0f, 0x15, 0x1b, 0x09, 0x1a, 0x09, 0x1a, 0x09, 0x1a, 0x08, 0x1b,
    0x08, 0x1b, 0x08, 0x1b, 0x08, 0x1b, 0x08, 0x1b, 0x08, 0x1b, 0x08, 0x1b, 0x08, 0x1b, 0x08, 0x1b,
    0x08, 0x1a, 0x09, 0x1a, 0x09, 0x1a, 0x09, 0x1b, 0x16, 0x0e, 0x15, 0x0f, 0x15, 0x0e, 0x16, 0x0e,
    0x16, 0xff, 0xff, 0xff, 0x17, 0x09, 0x19, 0x0b, 0x18, 0x0c, 0x17, 0x0d, 0x17, 0x07, 0x1c, 0x07,
    0x1d, 0x06, 0x1e, 0x06, 0x1d, 0x07, 0x1d, 0x06, 0x1e, 0x06, 0x1e, 0x06, 0x1e, 0x06, 0x1d, 0x07,
    0x1d, 0x07, 0x1d, 0x06, 0x1e, 0x06, 0x1d, 0x07, 0x1c, 0x07, 0x1c, 0x08, 0x17, 0x0c, 0x18, 0x0a,
    0x19, 0x0a, 0x1a, 0x0c, 0x1d, 0x08, 0x1d, 0x07, 0x1d, 0x07, 0x1e, 0x06, 0x1d, 0x07, 0x1d, 0x07,
    0x1d, 0x06, 0x1e, 0x06, 0x1e, 0x06, 0x1e, 0x06, 0x1d, 0x07, 0x1d, 0x07, 0x1d, 0x06, 0x1e, 0x06,
    0x1e, 0x07, 0x1d, 0x07, 0x1d, 0x0c, 0x18, 0x0c, 0x19, 0x0b, 0x1c, 0x08, 0xff, 0xf1, 0x05, 0x1f,
    0x05, 0x1f, 0x05, 0x1f, 0x05, 0x1f, 0x05, 0x1f, 0x05, 0x1f, 0x05, 0x1f, 0x05, 0x1f, 0x05, 0x1f,
    0x05, 0x1f, 0x05, 0x1f, 0x05, 0x1f, 0x05, 0x1f, 0x05, 0x1f, 0x05, 0x1f, 0x05, 0x1f, 0x05, 0x1f,
    0x05, 0x1f, 0x05, 0x1f, 0x05, 0x1f, 0x05, 0x1f, 0x05, 0x1f, 0x05, 0x1f, 0x05, 0x1f, 0x05, 0x1f,
    0x05, 0x1f, 0x05, 0x1f, 0x05, 0x1f, 0x05, 0x1f, 0x05, 0x1f, 0x05, 0x1f, 0x05, 0x1f, 0x05, 0x1f,
    0x05, 0x1f, 0x05, 0x1f, 0x05, 0x1f, 0x05, 0x1f, 0x05, 0x1f, 0x05, 0x1f, 0x05, 0x1f, 0x05, 0x1f,
    0x05, 0x1f, 0x05, 0x1f, 0x05, 0x1f, 0x05, 0x1f, 0x05, 0x1f, 0x05, 0x1f, 0x05, 0xff, 0x60, 0x08,
    0x1c, 0x0b, 0x18, 0x0c, 0x18, 0x0d, 0x1c, 0x08, 0x1d, 0x07, 0x1d, 0x07, 0x1d, 0x07, 0x1d, 0x06,
    0x1e, 0x06, 0x1e, 0x06, 0x1e, 0x06, 0x1d, 0x07, 0x1d, 0x07, 0x1d, 0x06, 0x1e, 0x06, 0x1e, 0x06,
    0x1e, 0x06, 0x1e, 0x07, 0x1d, 0x08, 0x1d, 0x0b, 0x1a, 0x0a, 0x1a, 0x0a, 0x18, 0x0c, 0x17, 0x08,
    0x1b, 0x07, 0x1d, 0x07, 0x1d, 0x06, 0x1d, 0x07, 0x1d, 0x06, 0x1e, 0x06, 0x1e, 0x06, 0x1e, 0x06,
    0x1d, 0x07, 0x1d, 0x06, 0x1e, 0x06, 0x1e, 0x06, 0x1d, 0x07, 0x1d, 0x06, 0x1d, 0x07, 0x17, 0x0d,
    0x17, 0x0c, 0x18, 0x0b, 0x19, 0x08, 0xff, 0xff, 0xff, 0xff, 0x5e, 0x06, 0x0e, 0x01, 0x0d, 0x0b,
    0x0a, 0x02, 0x0c, 0x0e, 0x06, 0x04, 0x0b, 0x19, 0x0b, 0x19, 0x0b, 0x04, 0x06, 0x0e, 0x0c, 0x02,
    0x0b, 0x0a, 0x0d, 0x01, 0x0e, 0x06, 0xff, 0xff, 0xff, 0xbb, 0x1e, 0x06, 0x1e, 0x06, 0x1e, 0x06,
    0x03, 0x18, 0x03, 0x06, 0x03, 0x18, 0x03, 0x06, 0x03, 0x18, 0x03, 0x06, 0x03, 0x18, 0x03, 0x06,
    0x03, 0x18, 0x03, 0x06, 0x03, 0x18, 0x03, 0x06, 0x03, 0x18, 0x03, 0x06, 0x03, 0x18, 0x03, 0x06,
    0x03, 0x18, 0x03, 0x06, 0x03, 0x18, 0x03, 0x06, 0x03, 0x18, 0x03, 0x06, 0x03, 0x18, 0x03, 0x06,
    0x03, 0x18, 0x03, 0x06, 0x03, 0x18, 0x03, 0x06, 0x03, 0x18, 0x03, 0x06, 0x03, 0x18, 0x03, 0x06,
    0x03, 0x18, 0x03, 0x06, 0x03, 0x18, 0x03, 0x06, 0x03, 0x18, 0x03, 0x06, 0x03, 0x18, 0x03, 0x06,
    0x03, 0x18, 0x03, 0x06, 0x03, 0x18, 0x03, 0x06, 0x03, 0x18, 0x03, 0x06, 0x03, 0x18, 0x03, 0x06,
    0x03, 0x18, 0x03, 0x06, 0x03, 0x18, 0x03, 0x06, 0x03, 0x18, 0x03, 0x06, 0x03, 0x18, 0x03, 0x06,
    0x03, 0x18, 0x03, 0x06, 0x03, 0x18, 0x03, 0x06, 0x03, 0x18, 0x03, 0x06, 0x03, 0x18, 0x03, 0x06,
    0x03, 0x18, 0x03, 0x06, 0x03, 0x18, 0x03, 0x06, 0x03, 0x18, 0x03, 0x06, 0x03, 0x18, 0x03, 0x06,
    0x03, 0x18, 0x03, 0x06, 0x03, 0x18, 0x03, 0x06, 0x03, 0x18, 0x03, 0x06, 0x03, 0x18, 0x03, 0x06,
    0x03, 0x18, 0x03, 0x06, 0x03, 0x18, 0x03, 0x06, 0x03, 0x18, 0x03, 0x06, 0x03, 0x18, 0x03, 0x06,
    0x03, 0x18, 0x03, 0x06, 0x1e, 0x06, 0x1e, 0x06, 0x1e, 0x6f,
};

#endif /* ZUIL_FONT_ATLAS_H */
